train_number,station,time
96602,Titwala,03:56
96604,Titwala,04:32
96602,Ambivli,04:02
96604,Ambivli,04:38
96602,Shahad,04:06
96604,Shahad,04:42
96002,Khopoli,00:30
96002,Lowjee,00:34
96002,Dolavli,00:38
96002,Kelavli,00:41
96002,Palasdhari,00:48
96002,Karjat,00:55
96102,Karjat,02:30
96104,Karjat,03:35
96102,Bhivpuri road,02:39
96104,Bhivpuri road,03:44
96102,Neral,02:46
96104,Neral,03:51
96102,Shelu,02:50
96104,Shelu,03:55
96102,Vangani,02:54
96104,Vangani,03:59
96102,Badlapur,03:03
96104,Badlapur,04:07
96102,Ambernath,03:10
96302,Ambernath,03:43
96304,Ambernath,04:08
96104,Ambernath,04:14
96102,Ulhas nagar,03:14
96302,Ulhas nagar,03:48
96304,Ulhas nagar,04:13
96104,Ulhas nagar,04:18
96102,Vithalwadi,03:17
96302,Vithalwadi,03:51
96304,Vithalwadi,04:16
96104,Vithalwadi,04:21
96102,Thakurli,03:30
96302,Thakurli,04:02
96602,Thakurli,04:18
96304,Thakurli,04:28
96104,Thakurli,04:34
97002,Thakurli,04:45
96604,Thakurli,04:53
96102,Dombivli,03:34
96302,Dombivli,04:05
96602,Dombivli,04:21
96304,Dombivli,04:31
96104,Dombivli,04:37
97002,Dombivli,04:48
96604,Dombivli,04:56
96102,Kopar,03:38
96302,Kopar,04:08
96602,Kopar,04:24
96304,Kopar,04:34
96104,Kopar,04:40
97002,Kopar,04:51
96604,Kopar,04:59
96102,Diwa,03:42
96302,Diwa,04:13
96602,Diwa,04:29
96304,Diwa,04:39
96104,Diwa,04:45
97002,Diwa,04:56
96604,Diwa,05:04
96102,Mumbra,03:48
96302,Mumbra,04:17
96602,Mumbra,04:33
96304,Mumbra,04:43
96104,Mumbra,04:49
97002,Mumbra,05:00
96604,Mumbra,05:08
96102,Kalva,03:55
96302,Kalva,04:23
96602,Kalva,04:39
96304,Kalva,04:49
96104,Kalva,04:55
97002,Kalva,05:06
96604,Kalva,05:14
96102,Thane,04:00
97302,Thane,04:04
97304,Thane,04:16
96302,Thane,04:28
97306,Thane,04:40
96602,Thane,04:44
97308,Thane,04:48
96304,Thane,04:54
95902,Thane,05:08
96104,Thane,05:00
97002,Thane,05:11
96604,Thane,05:19
97310,Thane,05:24
96102,Mulund,04:04
97302,Mulund,04:08
97304,Mulund,04:20
96302,Mulund,04:32
97306,Mulund,04:44
96602,Mulund,04:48
97308,Mulund,04:54
96304,Mulund,04:58
95902,Mulund,05:13
96104,Mulund,05:04
97002,Mulund,05:15
96604,Mulund,05:23
97310,Mulund,05:28
96102,Nahur,04:07
97302,Nahur,04:11
97304,Nahur,04:23
96302,Nahur,04:35
97306,Nahur,04:47
96602,Nahur,04:51
97308,Nahur,04:57
96304,Nahur,05:01
96104,Nahur,05:07
97002,Nahur,05:18
96604,Nahur,05:26
97310,Nahur,05:31
96102,Bhandup,04:10
97302,Bhandup,04:14
97304,Bhandup,04:26
96302,Bhandup,04:38
97306,Bhandup,04:50
96602,Bhandup,04:54
97308,Bhandup,05:00
96304,Bhandup,05:04
96104,Bhandup,05:10
97002,Bhandup,05:21
96604,Bhandup,05:29
97310,Bhandup,05:34
96102,Kanjur marg,04:13
97302,Kanjur marg,04:17
97304,Kanjur marg,04:29
96302,Kanjur marg,04:41
97306,Kanjur marg,04:53
96602,Kanjur marg,04:57
97308,Kanjur marg,05:03
96304,Kanjur marg,05:07
96104,Kanjur marg,05:13
97002,Kanjur marg,05:24
96604,Kanjur marg,05:32
97310,Kanjur marg,05:37
96102,Vikhroli,04:16
97302,Vikhroli,04:20
97304,Vikhroli,04:32
96302,Vikhroli,04:44
97306,Vikhroli,04:56
96602,Vikhroli,05:00
97308,Vikhroli,05:06
96304,Vikhroli,05:10
96104,Vikhroli,05:16
97002,Vikhroli,05:27
96604,Vikhroli,05:35
97310,Vikhroli,05:40
96102,Ghatkopar,04:20
97302,Ghatkopar,04:24
97304,Ghatkopar,04:36
96302,Ghatkopar,04:48
97306,Ghatkopar,05:00
96602,Ghatkopar,05:04
97308,Ghatkopar,05:10
96304,Ghatkopar,05:14
95902,Ghatkopar,05:21
96104,Ghatkopar,05:20
97002,Ghatkopar,05:31
96604,Ghatkopar,05:39
97310,Ghatkopar,05:44
96102,Vidyavihar,04:23
97302,Vidyavihar,04:27
97304,Vidyavihar,04:39
96302,Vidyavihar,04:51
97306,Vidyavihar,05:03
96602,Vidyavihar,05:07
97308,Vidyavihar,05:13
96304,Vidyavihar,05:17
96104,Vidyavihar,05:23
97002,Vidyavihar,05:34
96604,Vidyavihar,05:42
97310,Vidyavihar,05:47
96102,Kurla,04:26
97302,Kurla,04:30
97602,Kurla,04:38
97304,Kurla,04:42
97604,Kurla,04:46
96302,Kurla,04:54
97306,Kurla,05:06
96602,Kurla,05:10
97308,Kurla,05:16
96304,Kurla,05:20
95902,Kurla,05:25
96104,Kurla,05:26
97002,Kurla,05:37
96604,Kurla,05:45
97310,Kurla,05:50
96102,Sion,04:30
97302,Sion,04:34
97602,Sion,04:42
97304,Sion,04:46
97604,Sion,04:50
96302,Sion,04:58
97306,Sion,05:10
96602,Sion,05:14
97308,Sion,05:20
96304,Sion,05:24
96104,Sion,05:30
97002,Sion,05:41
96604,Sion,05:49
97310,Sion,05:54
96102,Matunga,04:33
97302,Matunga,04:37
97602,Matunga,04:45
97304,Matunga,04:49
97604,Matunga,04:53
96302,Matunga,05:01
97306,Matunga,05:13
96602,Matunga,05:17
97308,Matunga,05:23
96304,Matunga,05:27
96104,Matunga,05:33
97002,Matunga,05:44
96604,Matunga,05:52
97310,Matunga,05:57
96102,Dadar,04:37
97302,Dadar,04:41
97602,Dadar,04:49
97304,Dadar,04:53
97604,Dadar,04:57
96302,Dadar,05:05
97306,Dadar,05:17
96602,Dadar,05:21
97308,Dadar,05:27
96304,Dadar,05:31
95902,Dadar,05:33
96104,Dadar,05:37
97002,Dadar,05:48
96604,Dadar,05:56
97310,Dadar,06:01
96102,Parel,04:40
97302,Parel,04:44
97602,Parel,04:52
97304,Parel,04:56
97604,Parel,05:00
96302,Parel,05:08
97306,Parel,05:20
96602,Parel,05:24
97308,Parel,05:30
96304,Parel,05:34
96104,Parel,05:40
97002,Parel,05:51
96604,Parel,05:59
97310,Parel,06:04
96102,Currey road,04:43
97302,Currey road,04:47
97602,Currey road,04:55
97304,Currey road,04:59
97604,Currey road,05:03
96302,Currey road,05:11
97306,Currey road,05:23
96602,Currey road,05:27
97308,Currey road,05:33
96304,Currey road,05:37
96104,Currey road,05:43
97002,Currey road,05:54
96604,Currey road,06:02
97310,Currey road,06:07
96102,Chinchpokli,04:45
97302,Chinchpokli,04:49
97602,Chinchpokli,04:57
97304,Chinchpokli,05:01
97604,Chinchpokli,05:05
96302,Chinchpokli,05:13
97306,Chinchpokli,05:25
96602,Chinchpokli,05:29
97308,Chinchpokli,05:35
96304,Chinchpokli,05:39
96104,Chinchpokli,05:45
97002,Chinchpokli,05:56
96604,Chinchpokli,06:04
97310,Chinchpokli,06:09
96102,Byculla,04:47
97302,Byculla,04:51
97602,Byculla,04:59
97304,Byculla,05:03
97604,Byculla,05:07
96302,Byculla,05:15
97306,Byculla,05:27
96602,Byculla,05:31
97308,Byculla,05:37
96304,Byculla,05:41
95902,Byculla,05:40
96104,Byculla,05:47
97002,Byculla,05:58
96604,Byculla,06:06
97310,Byculla,06:12
96102,Sandhurst road,04:50
97302,Sandhurst road,04:54
97602,Sandhurst road,05:02
97304,Sandhurst road,05:06
97604,Sandhurst road,05:10
96302,Sandhurst road,05:18
97306,Sandhurst road,05:30
96602,Sandhurst road,05:34
97308,Sandhurst road,05:40
96304,Sandhurst road,05:44
96104,Sandhurst road,05:50
97002,Sandhurst road,06:01
96604,Sandhurst road,06:09
97310,Sandhurst road,06:15
96102,Masjid,04:53
97302,Masjid,04:57
97602,Masjid,05:05
97304,Masjid,05:09
97604,Masjid,05:13
96302,Masjid,05:21
97306,Masjid,05:33
96602,Masjid,05:37
97308,Masjid,05:43
96304,Masjid,05:47
96104,Masjid,05:53
97002,Masjid,06:04
96604,Masjid,06:12
97310,Masjid,06:18
96102,CSMT,04:56
97302,CSMT,05:00
97602,CSMT,05:08
97304,CSMT,05:12
97604,CSMT,05:16
96302,CSMT,05:24
97306,CSMT,05:36
96602,CSMT,05:40
97308,CSMT,05:46
96304,CSMT,05:50
95902,CSMT,05:52
96104,CSMT,05:56
97002,CSMT,06:07
96604,CSMT,06:15
97310,CSMT,06:21
96402,Kasara,03:51
96402,Umbermali,04:02
96402,Khardi,04:08
96402,Thansit,04:13
96402,Atgaon,04:18
96402,Asangaon,04:28
96402,Vasind,04:34
96402,Khadavli,04:41
96402,Titwala,04:48
96606,Titwala,05:11
96608,Titwala,05:34
96402,Ambivli,04:54
96606,Ambivli,05:17
96608,Ambivli,05:40
96402,Shahad,04:57
96606,Shahad,05:21
96608,Shahad,05:44
95002,Khopoli,04:50
95002,Lowjee,04:54
95002,Dolavli,04:58
95002,Kelavli,05:01
95002,Palasdhari,05:08
96106,Karjat,04:27
95102,Karjat,04:53
95002,Karjat,05:20
96106,Bhivpuri road,04:36
95102,Bhivpuri road,05:02
95002,Bhivpuri road,05:29
96106,Neral,04:43
95102,Neral,05:09
95002,Neral,05:36
96106,Shelu,04:47
95102,Shelu,05:13
95002,Shelu,05:40
96106,Vangani,04:51
95102,Vangani,05:17
95002,Vangani,05:44
96106,Badlapur,05:00
95102,Badlapur,05:25
95002,Badlapur,05:52
96306,Ambernath,04:55
96106,Ambernath,05:07
95102,Ambernath,05:32
96308,Ambernath,05:18
95002,Ambernath,05:59
96306,Ulhas nagar,05:00
96106,Ulhas nagar,05:11
95102,Ulhas nagar,05:36
96308,Ulhas nagar,05:23
95002,Ulhas nagar,06:03
96306,Vithalwadi,05:03
96106,Vithalwadi,05:14
95102,Vithalwadi,05:39
96308,Vithalwadi,05:26
95002,Vithalwadi,06:06
96402,Thakurli,05:08
96306,Thakurli,05:14
96106,Thakurli,05:26
96606,Thakurli,05:34
96308,Thakurli,05:38
97006,Thakurli,05:46
97008,Thakurli,05:50
96608,Thakurli,05:56
96402,Dombivli,05:11
96306,Dombivli,05:17
96106,Dombivli,05:29
95102,Dombivli,05:51
96606,Dombivli,05:37
96308,Dombivli,05:41
97006,Dombivli,05:49
97008,Dombivli,05:53
95002,Dombivli,06:18
96608,Dombivli,06:00
96402,Kopar,05:14
96306,Kopar,05:20
96106,Kopar,05:32
96606,Kopar,05:40
96308,Kopar,05:44
97006,Kopar,05:52
97008,Kopar,05:56
96608,Kopar,06:04
96402,Diwa,05:19
96306,Diwa,05:25
96106,Diwa,05:37
96606,Diwa,05:45
96308,Diwa,05:49
97006,Diwa,05:57
97008,Diwa,06:01
95002,Diwa,06:23
96608,Diwa,06:09
96402,Mumbra,05:23
96306,Mumbra,05:29
96106,Mumbra,05:41
96606,Mumbra,05:49
96308,Mumbra,05:53
97006,Mumbra,06:01
97008,Mumbra,06:05
96608,Mumbra,06:13
96402,Kalva,05:29
96306,Kalva,05:35
96106,Kalva,05:47
96606,Kalva,05:55
96308,Kalva,05:59
97006,Kalva,06:07
97008,Kalva,06:11
96608,Kalva,06:19
96402,Thane,05:34
97312,Thane,05:37
96306,Thane,05:40
97314,Thane,05:47
96106,Thane,05:52
95102,Thane,06:06
96606,Thane,06:00
96308,Thane,06:04
97006,Thane,06:12
97008,Thane,06:16
95002,Thane,06:34
96608,Thane,06:24
97316,Thane,06:28
96402,Mulund,05:38
97312,Mulund,05:41
96306,Mulund,05:45
97314,Mulund,05:52
96106,Mulund,05:56
95102,Mulund,06:09
96606,Mulund,06:04
96308,Mulund,06:08
97006,Mulund,06:16
97008,Mulund,06:20
95002,Mulund,06:38
96608,Mulund,06:28
97316,Mulund,06:32
96402,Nahur,05:41
97312,Nahur,05:44
96306,Nahur,05:48
97314,Nahur,05:55
96106,Nahur,05:59
96606,Nahur,06:07
96308,Nahur,06:11
97006,Nahur,06:19
97008,Nahur,06:23
96608,Nahur,06:31
97316,Nahur,06:35
96402,Bhandup,05:44
97312,Bhandup,05:47
96306,Bhandup,05:51
97314,Bhandup,05:58
96106,Bhandup,06:02
96606,Bhandup,06:10
96308,Bhandup,06:14
97006,Bhandup,06:22
97008,Bhandup,06:26
96608,Bhandup,06:34
97316,Bhandup,06:38
96402,Kanjur marg,05:47
97312,Kanjur marg,05:50
96306,Kanjur marg,05:54
97314,Kanjur marg,06:01
96106,Kanjur marg,06:05
96606,Kanjur marg,06:13
96308,Kanjur marg,06:17
97006,Kanjur marg,06:25
97008,Kanjur marg,06:29
96608,Kanjur marg,06:37
97316,Kanjur marg,06:41
96402,Vikhroli,05:50
97312,Vikhroli,05:53
96306,Vikhroli,05:57
97314,Vikhroli,06:04
96106,Vikhroli,06:08
96606,Vikhroli,06:16
96308,Vikhroli,06:20
97006,Vikhroli,06:28
97008,Vikhroli,06:32
96608,Vikhroli,06:40
97316,Vikhroli,06:44
96402,Ghatkopar,05:54
97312,Ghatkopar,05:57
96306,Ghatkopar,06:01
97314,Ghatkopar,06:08
96106,Ghatkopar,06:12
95102,Ghatkopar,06:18
96606,Ghatkopar,06:20
96308,Ghatkopar,06:24
97006,Ghatkopar,06:32
97008,Ghatkopar,06:36
95002,Ghatkopar,06:49
96608,Ghatkopar,06:44
97316,Ghatkopar,06:48
96402,Vidyavihar,05:57
97312,Vidyavihar,06:00
96306,Vidyavihar,06:04
97314,Vidyavihar,06:11
96106,Vidyavihar,06:15
96606,Vidyavihar,06:23
96308,Vidyavihar,06:27
97006,Vidyavihar,06:35
97008,Vidyavihar,06:39
96608,Vidyavihar,06:47
97316,Vidyavihar,06:51
96402,Kurla,06:00
97312,Kurla,06:03
96306,Kurla,06:07
97314,Kurla,06:14
96106,Kurla,06:18
95102,Kurla,06:22
96606,Kurla,06:26
96308,Kurla,06:30
97006,Kurla,06:38
97008,Kurla,06:42
95002,Kurla,06:53
96608,Kurla,06:50
97316,Kurla,06:54
96402,Sion,06:04
97312,Sion,06:07
96306,Sion,06:11
97314,Sion,06:18
96106,Sion,06:22
96606,Sion,06:30
96308,Sion,06:34
97006,Sion,06:42
97008,Sion,06:46
96608,Sion,06:54
97316,Sion,06:58
96402,Matunga,06:07
97312,Matunga,06:10
96306,Matunga,06:14
97314,Matunga,06:21
96106,Matunga,06:25
95102,Matunga,06:26
96606,Matunga,06:33
96308,Matunga,06:37
97006,Matunga,06:45
97008,Matunga,06:49
96608,Matunga,06:57
97316,Matunga,07:01
96402,Dadar,06:11
97312,Dadar,06:14
96306,Dadar,06:18
97314,Dadar,06:25
96106,Dadar,06:29
95102,Dadar,06:31
96606,Dadar,06:37
96308,Dadar,06:41
97006,Dadar,06:49
97008,Dadar,06:53
95002,Dadar,07:01
96608,Dadar,07:01
97316,Dadar,07:05
96402,Parel,06:14
97312,Parel,06:17
96306,Parel,06:21
97314,Parel,06:28
96106,Parel,06:32
95102,Parel,06:34
96606,Parel,06:40
96308,Parel,06:44
97006,Parel,06:52
97008,Parel,06:56
96608,Parel,07:04
97316,Parel,07:08
96402,Currey road,06:17
97312,Currey road,06:20
96306,Currey road,06:24
97314,Currey road,06:31
96106,Currey road,06:35
96606,Currey road,06:43
96308,Currey road,06:47
97006,Currey road,06:55
97008,Currey road,06:59
96608,Currey road,07:07
97316,Currey road,07:11
96402,Chinchpokli,06:19
97312,Chinchpokli,06:22
96306,Chinchpokli,06:26
97314,Chinchpokli,06:33
96106,Chinchpokli,06:37
96606,Chinchpokli,06:45
96308,Chinchpokli,06:49
97006,Chinchpokli,06:57
97008,Chinchpokli,07:01
96608,Chinchpokli,07:09
97316,Chinchpokli,07:13
96402,Byculla,06:21
97312,Byculla,06:25
96306,Byculla,06:28
97314,Byculla,06:35
96106,Byculla,06:39
95102,Byculla,06:40
96606,Byculla,06:47
96308,Byculla,06:51
97006,Byculla,06:59
97008,Byculla,07:03
95002,Byculla,07:08
96608,Byculla,07:11
97316,Byculla,07:15
96402,Sandhurst road,06:24
97312,Sandhurst road,06:28
96306,Sandhurst road,06:31
97314,Sandhurst road,06:38
96106,Sandhurst road,06:42
96606,Sandhurst road,06:50
96308,Sandhurst road,06:54
97006,Sandhurst road,07:02
97008,Sandhurst road,07:06
96608,Sandhurst road,07:14
97316,Sandhurst road,07:18
96402,Masjid,06:27
97312,Masjid,06:31
96306,Masjid,06:34
97314,Masjid,06:41
96106,Masjid,06:45
96606,Masjid,06:53
96308,Masjid,06:57
97006,Masjid,07:05
97008,Masjid,07:09
96608,Masjid,07:17
97316,Masjid,07:21
96402,CSMT,06:30
97312,CSMT,06:34
96306,CSMT,06:38
97314,CSMT,06:44
96106,CSMT,06:48
95102,CSMT,06:51
96606,CSMT,06:56
96308,CSMT,07:00
97006,CSMT,07:08
97008,CSMT,07:12
95002,CSMT,07:18
96608,CSMT,07:20
97316,CSMT,07:24
96404,Kasara,04:59
96404,Umbermali,05:10
96404,Khardi,05:16
96404,Thansit,05:21
96404,Atgaon,05:26
96404,Asangaon,05:36
96404,Vasind,05:42
96404,Khadavli,05:49
96404,Titwala,05:56
96610,Titwala,06:13
96404,Ambivli,06:02
96610,Ambivli,06:19
96404,Shahad,06:05
96610,Shahad,06:23
96004,Khopoli,05:10
96004,Lowjee,05:14
96004,Dolavli,05:18
96004,Kelavli,05:21
96004,Palasdhari,05:28
96004,Karjat,05:35
95104,Karjat,05:50
95104,Bhivpuri road,05:59
95104,Neral,06:06
95104,Shelu,06:10
95104,Vangani,06:14
96202,Badlapur,05:40
95104,Badlapur,06:22
96204,Badlapur,06:15
95202,Badlapur,06:52
96202,Ambernath,05:47
95104,Ambernath,06:29
96310,Ambernath,06:10
96204,Ambernath,06:22
95202,Ambernath,07:00
96202,Ulhas nagar,05:51
95104,Ulhas nagar,06:33
96310,Ulhas nagar,06:15
96204,Ulhas nagar,06:26
95202,Ulhas nagar,07:04
96202,Vithalwadi,05:54
95104,Vithalwadi,06:36
96310,Vithalwadi,06:18
96204,Vithalwadi,06:29
95202,Vithalwadi,07:07
96202,Thakurli,06:06
97010,Thakurli,06:10
96404,Thakurli,06:16
97012,Thakurli,06:20
96310,Thakurli,06:30
96610,Thakurli,06:34
96204,Thakurli,06:42
97014,Thakurli,06:50
96202,Dombivli,06:09
97010,Dombivli,06:13
96404,Dombivli,06:19
95702,Dombivli,06:37
97012,Dombivli,06:23
95104,Dombivli,06:47
96310,Dombivli,06:33
96610,Dombivli,06:37
96204,Dombivli,06:45
97014,Dombivli,06:53
95202,Dombivli,07:18
96202,Kopar,06:12
97010,Kopar,06:16
96404,Kopar,06:22
97012,Kopar,06:26
96310,Kopar,06:36
96610,Kopar,06:40
96204,Kopar,06:48
97014,Kopar,06:56
96202,Diwa,06:17
97010,Diwa,06:21
96404,Diwa,06:27
97012,Diwa,06:31
95104,Diwa,06:52
96310,Diwa,06:41
96610,Diwa,06:45
96204,Diwa,06:53
97014,Diwa,07:01
96202,Mumbra,06:21
97010,Mumbra,06:25
96404,Mumbra,06:31
97012,Mumbra,06:35
96310,Mumbra,06:45
96610,Mumbra,06:49
96204,Mumbra,06:57
97014,Mumbra,07:05
96202,Kalva,06:27
97010,Kalva,06:31
96404,Kalva,06:37
97012,Kalva,06:41
96310,Kalva,06:51
96610,Kalva,06:55
96204,Kalva,07:03
97014,Kalva,07:11
96202,Thane,06:32
97010,Thane,06:36
96404,Thane,06:42
95702,Thane,06:55
97012,Thane,06:46
95104,Thane,07:03
97318,Thane,06:50
96310,Thane,06:56
96610,Thane,07:00
97320,Thane,07:04
96204,Thane,07:08
97014,Thane,07:16
95202,Thane,07:33
96202,Mulund,06:36
97010,Mulund,06:40
96404,Mulund,06:46
97012,Mulund,06:50
95104,Mulund,07:07
97318,Mulund,06:54
96310,Mulund,07:00
96610,Mulund,07:04
97320,Mulund,07:08
96204,Mulund,07:12
97014,Mulund,07:20
96202,Nahur,06:39
97010,Nahur,06:43
96404,Nahur,06:49
97012,Nahur,06:53
97318,Nahur,06:57
96310,Nahur,07:03
96610,Nahur,07:07
97320,Nahur,07:11
96204,Nahur,07:15
97014,Nahur,07:23
96202,Bhandup,06:42
97010,Bhandup,06:46
96404,Bhandup,06:52
97012,Bhandup,06:56
97318,Bhandup,07:00
96310,Bhandup,07:06
96610,Bhandup,07:10
97320,Bhandup,07:14
96204,Bhandup,07:18
97014,Bhandup,07:26
96202,Kanjur marg,06:45
97010,Kanjur marg,06:49
96404,Kanjur marg,06:55
97012,Kanjur marg,06:59
97318,Kanjur marg,07:03
96310,Kanjur marg,07:09
96610,Kanjur marg,07:13
97320,Kanjur marg,07:17
96204,Kanjur marg,07:21
97014,Kanjur marg,07:29
96202,Vikhroli,06:48
97010,Vikhroli,06:52
96404,Vikhroli,06:58
97012,Vikhroli,07:02
95104,Vikhroli,07:15
97318,Vikhroli,07:06
96310,Vikhroli,07:12
96610,Vikhroli,07:16
97320,Vikhroli,07:20
96204,Vikhroli,07:24
97014,Vikhroli,07:32
96202,Ghatkopar,06:52
97010,Ghatkopar,06:56
96404,Ghatkopar,07:02
95702,Ghatkopar,07:11
97012,Ghatkopar,07:06
95104,Ghatkopar,07:19
97318,Ghatkopar,07:10
96310,Ghatkopar,07:16
96610,Ghatkopar,07:20
97320,Ghatkopar,07:24
96204,Ghatkopar,07:28
97014,Ghatkopar,07:36
95202,Ghatkopar,07:49
96202,Vidyavihar,06:55
97010,Vidyavihar,06:59
96404,Vidyavihar,07:05
97012,Vidyavihar,07:09
97318,Vidyavihar,07:13
96310,Vidyavihar,07:19
96610,Vidyavihar,07:23
97320,Vidyavihar,07:27
96204,Vidyavihar,07:31
97014,Vidyavihar,07:39
96202,Kurla,06:58
97010,Kurla,07:02
96404,Kurla,07:08
95702,Kurla,07:15
97012,Kurla,07:12
95104,Kurla,07:23
97318,Kurla,07:16
96310,Kurla,07:22
96610,Kurla,07:26
97320,Kurla,07:30
96204,Kurla,07:34
97606,Kurla,07:38
97014,Kurla,07:42
95202,Kurla,07:53
96202,Sion,07:02
97010,Sion,07:06
96404,Sion,07:12
97012,Sion,07:16
97318,Sion,07:20
96310,Sion,07:26
96610,Sion,07:30
97320,Sion,07:34
96204,Sion,07:38
97606,Sion,07:42
97014,Sion,07:46
96202,Matunga,07:05
97010,Matunga,07:09
96404,Matunga,07:15
97012,Matunga,07:19
97318,Matunga,07:23
96310,Matunga,07:29
96610,Matunga,07:33
97320,Matunga,07:37
96204,Matunga,07:41
97606,Matunga,07:45
97014,Matunga,07:49
96202,Dadar,07:09
97010,Dadar,07:13
96404,Dadar,07:19
95702,Dadar,07:24
97012,Dadar,07:23
95104,Dadar,07:31
97318,Dadar,07:27
96310,Dadar,07:33
96610,Dadar,07:37
97320,Dadar,07:41
96204,Dadar,07:45
97606,Dadar,07:49
97014,Dadar,07:53
95202,Dadar,08:01
96202,Parel,07:12
97010,Parel,07:16
96404,Parel,07:22
97012,Parel,07:26
97318,Parel,07:30
96310,Parel,07:36
96610,Parel,07:40
97320,Parel,07:44
96204,Parel,07:48
97606,Parel,07:52
97014,Parel,07:56
96202,Currey road,07:15
97010,Currey road,07:19
96404,Currey road,07:25
97012,Currey road,07:29
97318,Currey road,07:33
96310,Currey road,07:39
96610,Currey road,07:43
97320,Currey road,07:47
96204,Currey road,07:51
97606,Currey road,07:55
97014,Currey road,07:59
96202,Chinchpokli,07:17
97010,Chinchpokli,07:21
96404,Chinchpokli,07:27
97012,Chinchpokli,07:31
97318,Chinchpokli,07:35
96310,Chinchpokli,07:41
96610,Chinchpokli,07:45
97320,Chinchpokli,07:49
96204,Chinchpokli,07:53
97606,Chinchpokli,07:57
97014,Chinchpokli,08:01
96202,Byculla,07:19
97010,Byculla,07:23
96404,Byculla,07:29
95702,Byculla,07:29
97012,Byculla,07:33
95104,Byculla,07:37
97318,Byculla,07:37
96310,Byculla,07:43
96610,Byculla,07:47
97320,Byculla,07:51
96204,Byculla,07:55
97606,Byculla,07:59
97014,Byculla,08:03
95202,Byculla,08:07
96202,Sandhurst road,07:22
97010,Sandhurst road,07:26
96404,Sandhurst road,07:32
97012,Sandhurst road,07:36
97318,Sandhurst road,07:40
96310,Sandhurst road,07:46
96610,Sandhurst road,07:50
97320,Sandhurst road,07:54
96204,Sandhurst road,07:58
97606,Sandhurst road,08:02
97014,Sandhurst road,08:06
96202,Masjid,07:25
97010,Masjid,07:29
96404,Masjid,07:35
97012,Masjid,07:39
97318,Masjid,07:43
96310,Masjid,07:49
96610,Masjid,07:53
97320,Masjid,07:57
96204,Masjid,08:01
97606,Masjid,08:05
97014,Masjid,08:09
96202,CSMT,07:28
97010,CSMT,07:32
96404,CSMT,07:38
95702,CSMT,07:39
97012,CSMT,07:42
95104,CSMT,07:45
97318,CSMT,07:46
96310,CSMT,07:52
96610,CSMT,07:56
97320,CSMT,08:00
96204,CSMT,08:04
97606,CSMT,08:08
97014,CSMT,08:12
95202,CSMT,08:16
95402,Kasara,06:10
95402,Umbermali,06:21
95402,Khardi,06:27
95402,Thansit,06:32
95402,Atgaon,06:37
96502,Asangaon,06:11
95402,Asangaon,06:47
96502,Vasind,06:20
95402,Vasind,06:53
96502,Khadavli,06:27
95402,Khadavli,07:00
96502,Titwala,06:34
95402,Titwala,07:07
96612,Titwala,06:46
95602,Titwala,07:21
96502,Ambivli,06:40
95402,Ambivli,07:13
96612,Ambivli,06:52
95602,Ambivli,07:27
96502,Shahad,06:43
95402,Shahad,07:16
96612,Shahad,06:56
95602,Shahad,07:31
95004,Khopoli,06:16
95004,Lowjee,06:20
95004,Dolavli,06:24
95004,Kelavli,06:27
95004,Palasdhari,06:34
95106,Karjat,06:33
95004,Karjat,06:42
95106,Bhivpuri road,06:42
95004,Bhivpuri road,06:51
95106,Neral,06:49
95004,Neral,06:58
95106,Shelu,06:53
95004,Shelu,07:02
95106,Vangani,06:57
95004,Vangani,07:06
95106,Badlapur,07:06
96206,Badlapur,06:46
95004,Badlapur,07:14
95106,Ambernath,07:13
96206,Ambernath,06:53
95302,Ambernath,07:17
95004,Ambernath,07:21
95106,Ulhas nagar,07:17
96206,Ulhas nagar,06:57
95302,Ulhas nagar,07:22
95004,Ulhas nagar,07:25
95106,Vithalwadi,07:20
96206,Vithalwadi,07:00
95302,Vithalwadi,07:25
95004,Vithalwadi,07:28
97016,Thakurli,06:54
96502,Thakurli,06:58
97018,Thakurli,07:01
96612,Thakurli,07:07
96206,Thakurli,07:11
97020,Thakurli,07:15
97022,Thakurli,07:21
97016,Dombivli,06:57
96502,Dombivli,07:01
97018,Dombivli,07:04
95402,Dombivli,07:28
95704,Dombivli,07:25
95106,Dombivli,07:32
96612,Dombivli,07:10
96206,Dombivli,07:14
95302,Dombivli,07:36
97020,Dombivli,07:18
95004,Dombivli,07:40
97022,Dombivli,07:24
95602,Dombivli,07:44
97204,Dombivli,07:29
97016,Kopar,07:00
96502,Kopar,07:04
97018,Kopar,07:07
96612,Kopar,07:13
96206,Kopar,07:17
97020,Kopar,07:21
97022,Kopar,07:27
97204,Kopar,07:32
97016,Diwa,07:05
96502,Diwa,07:09
97018,Diwa,07:12
95402,Diwa,07:33
96612,Diwa,07:18
96206,Diwa,07:22
97020,Diwa,07:26
97022,Diwa,07:32
97204,Diwa,07:37
97016,Mumbra,07:09
96502,Mumbra,07:13
97018,Mumbra,07:16
96612,Mumbra,07:22
96206,Mumbra,07:26
97020,Mumbra,07:30
97022,Mumbra,07:36
97204,Mumbra,07:41
97016,Kalva,07:15
96502,Kalva,07:19
97018,Kalva,07:22
96612,Kalva,07:28
96206,Kalva,07:32
97020,Kalva,07:36
97022,Kalva,07:42
97204,Kalva,07:47
97016,Thane,07:20
96502,Thane,07:24
97018,Thane,07:28
95402,Thane,07:43
95704,Thane,07:40
95106,Thane,07:47
96612,Thane,07:33
96206,Thane,07:37
95302,Thane,07:51
97020,Thane,07:41
95004,Thane,07:55
97322,Thane,07:44
97022,Thane,07:47
95602,Thane,07:59
97204,Thane,07:52
97016,Mulund,07:25
96502,Mulund,07:29
97018,Mulund,07:33
95704,Mulund,07:44
95106,Mulund,07:51
96612,Mulund,07:38
96206,Mulund,07:42
97020,Mulund,07:46
95004,Mulund,07:59
97322,Mulund,07:49
97022,Mulund,07:53
95602,Mulund,08:03
97204,Mulund,07:57
97016,Nahur,07:28
96502,Nahur,07:32
97018,Nahur,07:36
96612,Nahur,07:41
96206,Nahur,07:45
97020,Nahur,07:49
97322,Nahur,07:52
97022,Nahur,07:56
97204,Nahur,08:00
97016,Bhandup,07:31
96502,Bhandup,07:35
97018,Bhandup,07:39
95402,Bhandup,07:51
96612,Bhandup,07:44
96206,Bhandup,07:48
97020,Bhandup,07:52
97322,Bhandup,07:55
97022,Bhandup,07:59
97204,Bhandup,08:03
97016,Kanjur marg,07:34
96502,Kanjur marg,07:38
97018,Kanjur marg,07:42
96612,Kanjur marg,07:47
96206,Kanjur marg,07:51
97020,Kanjur marg,07:55
97322,Kanjur marg,07:58
97022,Kanjur marg,08:02
97204,Kanjur marg,08:06
97016,Vikhroli,07:37
96502,Vikhroli,07:41
97018,Vikhroli,07:45
96612,Vikhroli,07:50
96206,Vikhroli,07:54
95302,Vikhroli,08:03
97020,Vikhroli,07:58
97322,Vikhroli,08:01
97022,Vikhroli,08:05
97204,Vikhroli,08:09
97016,Ghatkopar,07:41
96502,Ghatkopar,07:45
97018,Ghatkopar,07:49
95402,Ghatkopar,07:59
95704,Ghatkopar,07:56
95106,Ghatkopar,08:03
96612,Ghatkopar,07:54
96206,Ghatkopar,07:58
97020,Ghatkopar,08:02
95004,Ghatkopar,08:11
97322,Ghatkopar,08:05
97022,Ghatkopar,08:09
95602,Ghatkopar,08:15
97204,Ghatkopar,08:13
97016,Vidyavihar,07:44
96502,Vidyavihar,07:48
97018,Vidyavihar,07:52
96612,Vidyavihar,07:57
96206,Vidyavihar,08:01
97020,Vidyavihar,08:05
97322,Vidyavihar,08:08
97022,Vidyavihar,08:12
97204,Vidyavihar,08:16
97016,Kurla,07:47
96502,Kurla,07:51
97018,Kurla,07:55
95402,Kurla,08:03
95704,Kurla,08:00
95106,Kurla,08:07
96612,Kurla,08:00
96206,Kurla,08:04
95302,Kurla,08:11
97020,Kurla,08:08
95004,Kurla,08:15
97322,Kurla,08:11
97022,Kurla,08:15
95602,Kurla,08:19
97204,Kurla,08:19
97016,Sion,07:51
96502,Sion,07:55
97018,Sion,07:59
96612,Sion,08:04
96206,Sion,08:08
97020,Sion,08:12
97322,Sion,08:15
97022,Sion,08:19
97204,Sion,08:23
97016,Matunga,07:54
96502,Matunga,07:58
97018,Matunga,08:02
96612,Matunga,08:07
96206,Matunga,08:11
97020,Matunga,08:15
97322,Matunga,08:18
97022,Matunga,08:22
97204,Matunga,08:26
97016,Dadar,07:58
96502,Dadar,08:03
97018,Dadar,08:07
95402,Dadar,08:11
95704,Dadar,08:08
95106,Dadar,08:15
96612,Dadar,08:11
96206,Dadar,08:15
95302,Dadar,08:19
97020,Dadar,08:19
95004,Dadar,08:23
97322,Dadar,08:22
97022,Dadar,08:26
95602,Dadar,08:27
97204,Dadar,08:30
97016,Parel,08:01
96502,Parel,08:06
97018,Parel,08:10
96612,Parel,08:14
96206,Parel,08:18
97020,Parel,08:22
97322,Parel,08:25
97022,Parel,08:29
97204,Parel,08:33
96502,Currey road,08:09
96612,Currey road,08:17
96206,Currey road,08:21
97322,Currey road,08:28
97022,Currey road,08:32
97204,Currey road,08:36
96502,Chinchpokli,08:11
96612,Chinchpokli,08:19
96206,Chinchpokli,08:23
97322,Chinchpokli,08:30
97022,Chinchpokli,08:34
97204,Chinchpokli,08:38
96502,Byculla,08:13
95402,Byculla,08:17
95704,Byculla,08:14
95106,Byculla,08:21
96612,Byculla,08:21
96206,Byculla,08:25
95302,Byculla,08:25
95004,Byculla,08:29
97322,Byculla,08:32
97022,Byculla,08:36
95602,Byculla,08:33
97204,Byculla,08:40
96502,Sandhurst road,08:16
96612,Sandhurst road,08:24
96206,Sandhurst road,08:28
97322,Sandhurst road,08:35
97022,Sandhurst road,08:39
97204,Sandhurst road,08:43
96502,Masjid,08:19
96612,Masjid,08:27
96206,Masjid,08:31
97322,Masjid,08:38
97022,Masjid,08:42
97204,Masjid,08:46
96502,CSMT,08:22
95402,CSMT,08:25
95704,CSMT,08:26
95106,CSMT,08:29
96612,CSMT,08:31
96206,CSMT,08:34
95302,CSMT,08:36
95004,CSMT,08:40
97322,CSMT,08:41
97022,CSMT,08:45
95602,CSMT,08:47
97204,CSMT,08:49
95502,Asangaon,07:28
96504,Asangaon,07:08
95502,Vasind,07:36
96504,Vasind,07:17
95502,Khadavli,07:43
96504,Khadavli,07:24
95502,Titwala,07:50
96504,Titwala,07:31
95502,Ambivli,07:56
96504,Ambivli,07:37
95502,Shahad,08:00
96504,Shahad,07:40
95108,Karjat,07:00
95110,Karjat,07:19
95108,Bhivpuri road,07:09
95110,Bhivpuri road,07:28
95108,Neral,07:16
95110,Neral,07:35
95108,Shelu,07:20
95110,Shelu,07:39
95108,Vangani,07:24
95110,Vangani,07:43
95108,Badlapur,07:33
95110,Badlapur,07:51
95304,Ambernath,07:35
95108,Ambernath,07:40
95306,Ambernath,07:51
95110,Ambernath,07:58
95304,Ulhas nagar,07:40
95108,Ulhas nagar,07:44
95306,Ulhas nagar,07:56
95110,Ulhas nagar,08:02
95304,Vithalwadi,07:43
95108,Vithalwadi,07:47
95306,Vithalwadi,07:59
95110,Vithalwadi,08:05
95706,Thakurli,07:32
97024,Thakurli,07:27
95708,Thakurli,07:48
97026,Thakurli,07:40
96504,Thakurli,07:52
97028,Thakurli,07:56
95706,Dombivli,07:35
97024,Dombivli,07:32
95304,Dombivli,07:55
95108,Dombivli,07:59
95708,Dombivli,07:51
97026,Dombivli,07:43
97206,Dombivli,07:47
95306,Dombivli,08:10
95502,Dombivli,08:13
95110,Dombivli,08:16
96504,Dombivli,07:55
97028,Dombivli,07:59
95706,Kopar,07:39
97024,Kopar,07:35
95708,Kopar,07:54
97026,Kopar,07:46
97206,Kopar,07:51
96504,Kopar,07:58
97028,Kopar,08:02
95706,Diwa,07:43
97024,Diwa,07:40
95708,Diwa,07:59
97026,Diwa,07:51
97206,Diwa,07:56
96504,Diwa,08:03
97028,Diwa,08:07
95706,Mumbra,07:48
97024,Mumbra,07:44
95708,Mumbra,08:03
97026,Mumbra,07:55
97206,Mumbra,08:00
96504,Mumbra,08:07
97028,Mumbra,08:11
95706,Kalva,07:54
97024,Kalva,07:50
95708,Kalva,08:09
97026,Kalva,08:01
97206,Kalva,08:06
96504,Kalva,08:13
97028,Kalva,08:17
95706,Thane,08:02
95904,Thane,08:05
97024,Thane,07:55
95304,Thane,08:10
97324,Thane,08:01
95108,Thane,08:14
95708,Thane,08:16
97026,Thane,08:06
95906,Thane,08:20
97206,Thane,08:11
95306,Thane,08:26
95502,Thane,08:29
97326,Thane,08:14
95110,Thane,08:32
96504,Thane,08:18
97028,Thane,08:22
95904,Mulund,08:10
97024,Mulund,08:01
97324,Mulund,08:05
95108,Mulund,08:18
95708,Mulund,08:22
97026,Mulund,08:11
95906,Mulund,08:26
97206,Mulund,08:16
95502,Mulund,08:33
97326,Mulund,08:19
96504,Mulund,08:23
97028,Mulund,08:27
97024,Nahur,08:04
97324,Nahur,08:08
97026,Nahur,08:14
97206,Nahur,08:19
97326,Nahur,08:22
96504,Nahur,08:26
97028,Nahur,08:30
95706,Bhandup,08:10
97024,Bhandup,08:07
95304,Bhandup,08:18
97324,Bhandup,08:11
97026,Bhandup,08:17
97206,Bhandup,08:22
95306,Bhandup,08:34
97326,Bhandup,08:25
95110,Bhandup,08:40
96504,Bhandup,08:29
97028,Bhandup,08:33
97024,Kanjur marg,08:10
97324,Kanjur marg,08:14
97026,Kanjur marg,08:20
97206,Kanjur marg,08:25
97326,Kanjur marg,08:28
96504,Kanjur marg,08:32
97028,Kanjur marg,08:36
95904,Vikhroli,08:18
97024,Vikhroli,08:13
97324,Vikhroli,08:17
95108,Vikhroli,08:26
95708,Vikhroli,08:30
97026,Vikhroli,08:23
95906,Vikhroli,08:34
97206,Vikhroli,08:28
97326,Vikhroli,08:31
96504,Vikhroli,08:35
97028,Vikhroli,08:39
95706,Ghatkopar,08:18
97024,Ghatkopar,08:17
95304,Ghatkopar,08:26
97324,Ghatkopar,08:21
97026,Ghatkopar,08:27
97206,Ghatkopar,08:32
95306,Ghatkopar,08:42
95502,Ghatkopar,08:45
97326,Ghatkopar,08:35
95110,Ghatkopar,08:48
96504,Ghatkopar,08:39
97028,Ghatkopar,08:43
97024,Vidyavihar,08:20
97324,Vidyavihar,08:24
97026,Vidyavihar,08:30
97206,Vidyavihar,08:35
97326,Vidyavihar,08:38
96504,Vidyavihar,08:42
97028,Vidyavihar,08:46
95706,Kurla,08:22
95904,Kurla,08:26
97024,Kurla,08:23
95304,Kurla,08:30
97324,Kurla,08:27
95108,Kurla,08:34
95708,Kurla,08:38
97026,Kurla,08:33
95906,Kurla,08:42
97206,Kurla,08:38
95306,Kurla,08:46
95502,Kurla,08:49
97326,Kurla,08:41
95110,Kurla,08:52
96504,Kurla,08:45
97028,Kurla,08:49
97024,Sion,08:27
97324,Sion,08:31
97026,Sion,08:37
97206,Sion,08:42
97326,Sion,08:45
96504,Sion,08:49
97028,Sion,08:53
97024,Matunga,08:30
97324,Matunga,08:34
97026,Matunga,08:40
97206,Matunga,08:45
97326,Matunga,08:48
95110,Matunga,08:57
96504,Matunga,08:52
97028,Matunga,08:56
95706,Dadar,08:30
95904,Dadar,08:33
97024,Dadar,08:34
95304,Dadar,08:38
97324,Dadar,08:38
95108,Dadar,08:42
95708,Dadar,08:46
97026,Dadar,08:44
95906,Dadar,08:50
97206,Dadar,08:49
95306,Dadar,08:54
95502,Dadar,08:57
97326,Dadar,08:52
95110,Dadar,09:00
96504,Dadar,08:55
97028,Dadar,09:00
97024,Parel,08:37
97324,Parel,08:41
97026,Parel,08:47
97206,Parel,08:52
97326,Parel,08:55
96504,Parel,08:58
97028,Parel,09:03
97024,Currey road,08:40
97324,Currey road,08:44
97026,Currey road,08:50
97206,Currey road,08:55
97326,Currey road,08:58
96504,Currey road,09:01
97024,Chinchpokli,08:42
97324,Chinchpokli,08:46
97026,Chinchpokli,08:53
97206,Chinchpokli,08:58
97326,Chinchpokli,09:01
96504,Chinchpokli,09:04
95904,Byculla,08:41
97024,Byculla,08:44
95304,Byculla,08:44
97324,Byculla,08:48
95108,Byculla,08:48
95708,Byculla,08:53
97026,Byculla,08:56
95906,Byculla,08:56
97206,Byculla,09:00
95306,Byculla,09:00
95502,Byculla,09:03
97326,Byculla,09:03
95110,Byculla,09:06
96504,Byculla,09:06
97024,Sandhurst road,08:47
97324,Sandhurst road,08:51
97026,Sandhurst road,08:59
97206,Sandhurst road,09:03
97326,Sandhurst road,09:06
96504,Sandhurst road,09:09
97024,Masjid,08:50
97324,Masjid,08:54
97026,Masjid,09:02
97206,Masjid,09:06
97326,Masjid,09:09
96504,Masjid,09:12
95904,CSMT,08:50
97024,CSMT,08:53
95304,CSMT,08:54
97324,CSMT,08:57
95108,CSMT,08:58
95708,CSMT,09:03
97026,CSMT,09:05
95906,CSMT,09:05
97206,CSMT,09:09
95306,CSMT,09:09
95502,CSMT,09:12
97326,CSMT,09:12
95110,CSMT,09:15
96504,CSMT,09:15
95404,Kasara,06:57
95406,Kasara,07:22
95404,Umbermali,07:08
95406,Umbermali,07:33
95404,Khardi,07:14
95406,Khardi,07:39
95404,Thansit,07:19
95406,Thansit,07:44
95404,Atgaon,07:24
95406,Atgaon,07:49
95404,Asangaon,07:35
95406,Asangaon,07:59
95404,Vasind,07:43
95406,Vasind,08:05
95404,Khadavli,07:50
95406,Khadavli,08:12
95404,Titwala,07:57
96614,Titwala,07:45
95406,Titwala,08:19
95404,Ambivli,08:03
96614,Ambivli,07:51
95406,Ambivli,08:25
95404,Shahad,08:07
96614,Shahad,07:55
95406,Shahad,08:29
95204,Badlapur,08:10
96208,Badlapur,07:56
95308,Ambernath,08:10
95204,Ambernath,08:18
95310,Ambernath,08:27
96208,Ambernath,08:05
95308,Ulhas nagar,08:15
95204,Ulhas nagar,08:22
95310,Ulhas nagar,08:32
96208,Ulhas nagar,08:09
95308,Vithalwadi,08:18
95204,Vithalwadi,08:25
95310,Vithalwadi,08:35
96208,Vithalwadi,08:12
97030,Thakurli,08:03
95710,Thakurli,08:20
96614,Thakurli,08:07
97032,Thakurli,08:15
96208,Thakurli,08:23
95404,Dombivli,08:20
95804,Dombivli,08:14
95308,Dombivli,08:29
97030,Dombivli,08:06
95710,Dombivli,08:23
96614,Dombivli,08:10
95204,Dombivli,08:36
95712,Dombivli,08:39
97032,Dombivli,08:18
95406,Dombivli,08:42
95310,Dombivli,08:46
96208,Dombivli,08:26
95804,Kopar,08:18
97030,Kopar,08:09
95710,Kopar,08:26
96614,Kopar,08:13
97032,Kopar,08:21
96208,Kopar,08:29
95804,Diwa,08:23
97030,Diwa,08:14
95710,Diwa,08:31
96614,Diwa,08:18
97032,Diwa,08:26
95406,Diwa,08:46
96208,Diwa,08:34
95804,Mumbra,08:27
97030,Mumbra,08:18
95710,Mumbra,08:35
96614,Mumbra,08:22
97032,Mumbra,08:30
96208,Mumbra,08:38
95804,Kalva,08:33
97030,Kalva,08:24
95710,Kalva,08:41
96614,Kalva,08:28
97032,Kalva,08:36
95310,Kalva,08:56
96208,Kalva,08:44
95404,Thane,08:36
95804,Thane,08:39
97328,Thane,08:25
95308,Thane,08:44
97030,Thane,08:29
95710,Thane,08:47
96614,Thane,08:33
95204,Thane,08:51
97330,Thane,08:36
95712,Thane,08:54
97032,Thane,08:42
95406,Thane,08:58
95310,Thane,09:01
97332,Thane,08:47
96208,Thane,08:49
95404,Mulund,08:40
97328,Mulund,08:30
95308,Mulund,08:48
97030,Mulund,08:34
96614,Mulund,08:38
95204,Mulund,08:55
97330,Mulund,08:41
95712,Mulund,08:58
97032,Mulund,08:47
95406,Mulund,09:02
97332,Mulund,08:53
97328,Nahur,08:33
97030,Nahur,08:37
96614,Nahur,08:41
97330,Nahur,08:44
97032,Nahur,08:50
97332,Nahur,08:56
95804,Bhandup,08:47
97328,Bhandup,08:36
97030,Bhandup,08:40
95710,Bhandup,08:56
96614,Bhandup,08:44
97330,Bhandup,08:47
97032,Bhandup,08:53
95310,Bhandup,09:09
97332,Bhandup,08:59
97328,Kanjur marg,08:39
97030,Kanjur marg,08:43
96614,Kanjur marg,08:47
97330,Kanjur marg,08:50
97032,Kanjur marg,08:56
97332,Kanjur marg,09:02
97328,Vikhroli,08:42
95308,Vikhroli,08:56
97030,Vikhroli,08:46
96614,Vikhroli,08:50
95204,Vikhroli,09:03
97330,Vikhroli,08:53
97032,Vikhroli,08:59
95406,Vikhroli,09:10
97332,Vikhroli,09:05
95404,Ghatkopar,08:52
95804,Ghatkopar,08:55
97328,Ghatkopar,08:46
97030,Ghatkopar,08:50
95710,Ghatkopar,09:04
96614,Ghatkopar,08:54
95204,Ghatkopar,09:07
97330,Ghatkopar,08:57
95712,Ghatkopar,09:11
97032,Ghatkopar,09:02
95310,Ghatkopar,09:17
97332,Ghatkopar,09:09
97328,Vidyavihar,08:49
97030,Vidyavihar,08:53
96614,Vidyavihar,08:57
97330,Vidyavihar,09:00
97032,Vidyavihar,09:05
97332,Vidyavihar,09:12
95404,Kurla,08:56
95804,Kurla,08:59
97328,Kurla,08:52
95308,Kurla,09:04
97030,Kurla,08:56
95710,Kurla,09:08
96614,Kurla,09:00
95204,Kurla,09:11
97330,Kurla,09:03
95712,Kurla,09:15
97032,Kurla,09:08
95406,Kurla,09:18
97608,Kurla,09:11
95310,Kurla,09:21
97332,Kurla,09:15
97328,Sion,08:56
97030,Sion,09:00
96614,Sion,09:04
97330,Sion,09:07
97032,Sion,09:12
97608,Sion,09:15
97332,Sion,09:19
97328,Matunga,08:59
97030,Matunga,09:03
96614,Matunga,09:07
97330,Matunga,09:10
97032,Matunga,09:15
97608,Matunga,09:18
97332,Matunga,09:22
95404,Dadar,09:04
95804,Dadar,09:07
97328,Dadar,09:03
95308,Dadar,09:12
97030,Dadar,09:07
95710,Dadar,09:16
96614,Dadar,09:11
95204,Dadar,09:19
97330,Dadar,09:14
95712,Dadar,09:23
97032,Dadar,09:19
95406,Dadar,09:26
97608,Dadar,09:22
95310,Dadar,09:29
97332,Dadar,09:26
97328,Parel,09:06
97030,Parel,09:10
96614,Parel,09:14
97330,Parel,09:17
97032,Parel,09:22
97608,Parel,09:25
97332,Parel,09:29
97328,Currey road,09:09
97030,Currey road,09:13
96614,Currey road,09:17
97330,Currey road,09:20
97032,Currey road,09:25
97608,Currey road,09:28
97332,Currey road,09:32
97328,Chinchpokli,09:12
97030,Chinchpokli,09:15
96614,Chinchpokli,09:19
97330,Chinchpokli,09:22
97032,Chinchpokli,09:27
97608,Chinchpokli,09:30
97332,Chinchpokli,09:34
95404,Byculla,09:10
95804,Byculla,09:13
97328,Byculla,09:14
95308,Byculla,09:18
97030,Byculla,09:17
95710,Byculla,09:22
96614,Byculla,09:21
95204,Byculla,09:25
97330,Byculla,09:24
95712,Byculla,09:29
97032,Byculla,09:29
95406,Byculla,09:32
97608,Byculla,09:32
95310,Byculla,09:35
97332,Byculla,09:36
97328,Sandhurst road,09:17
97030,Sandhurst road,09:20
96614,Sandhurst road,09:24
97330,Sandhurst road,09:27
97032,Sandhurst road,09:32
97608,Sandhurst road,09:35
97332,Sandhurst road,09:39
97328,Masjid,09:20
97030,Masjid,09:23
96614,Masjid,09:27
97330,Masjid,09:30
97032,Masjid,09:35
97608,Masjid,09:38
97332,Masjid,09:42
95404,CSMT,09:18
95804,CSMT,09:21
97328,CSMT,09:23
95308,CSMT,09:26
97030,CSMT,09:26
95710,CSMT,09:30
96614,CSMT,09:30
95204,CSMT,09:33
97330,CSMT,09:33
95712,CSMT,09:37
97032,CSMT,09:38
95406,CSMT,09:40
97608,CSMT,09:41
95310,CSMT,09:44
97332,CSMT,09:45
96616,Titwala,08:09
96616,Ambivli,08:15
96616,Shahad,08:19
96006,Khopoli,07:20
96006,Lowjee,07:24
96006,Dolavli,07:28
96006,Kelavli,07:31
96006,Palasdhari,07:38
96006,Karjat,07:45
95112,Karjat,07:52
95112,Bhivpuri road,08:01
95112,Neral,08:08
95112,Shelu,08:12
95112,Vangani,08:16
95112,Badlapur,08:25
95206,Badlapur,08:45
95112,Ambernath,08:32
95312,Ambernath,08:49
95206,Ambernath,08:54
95112,Ulhas nagar,08:36
95312,Ulhas nagar,08:54
95206,Ulhas nagar,08:58
95112,Vithalwadi,08:39
95312,Vithalwadi,08:57
95206,Vithalwadi,09:01
97034,Thakurli,08:27
96616,Thakurli,08:31
95716,Thakurli,08:52
97036,Thakurli,08:42
97034,Dombivli,08:30
95112,Dombivli,08:52
96616,Dombivli,08:34
95714,Dombivli,08:59
95716,Dombivli,08:55
97208,Dombivli,08:41
97036,Dombivli,08:45
95312,Dombivli,09:08
95206,Dombivli,09:13
97034,Kopar,08:33
96616,Kopar,08:37
95716,Kopar,08:58
97208,Kopar,08:45
97036,Kopar,08:48
97034,Diwa,08:38
96616,Diwa,08:42
95716,Diwa,09:03
97208,Diwa,08:50
97036,Diwa,08:53
95312,Diwa,09:13
95206,Diwa,09:18
97034,Mumbra,08:42
96616,Mumbra,08:46
95716,Mumbra,09:07
97208,Mumbra,08:54
97036,Mumbra,08:57
97034,Kalva,08:48
96616,Kalva,08:52
95716,Kalva,09:13
97208,Kalva,09:00
97036,Kalva,09:03
95908,Thane,09:03
97034,Thane,08:53
95112,Thane,09:07
96616,Thane,08:57
95714,Thane,09:16
97334,Thane,09:00
95716,Thane,09:19
97208,Thane,09:05
97036,Thane,09:08
97336,Thane,09:08
95312,Thane,09:25
95206,Thane,09:29
95908,Mulund,09:09
97034,Mulund,08:57
96616,Mulund,09:02
95714,Mulund,09:20
97334,Mulund,09:06
95716,Mulund,09:23
97208,Mulund,09:11
97336,Mulund,09:14
97034,Nahur,09:00
96616,Nahur,09:05
97334,Nahur,09:09
97208,Nahur,09:14
97336,Nahur,09:17
97034,Bhandup,09:03
96616,Bhandup,09:08
97334,Bhandup,09:12
97208,Bhandup,09:17
97336,Bhandup,09:20
95312,Bhandup,09:34
97034,Kanjur marg,09:06
96616,Kanjur marg,09:11
97334,Kanjur marg,09:15
97208,Kanjur marg,09:20
97336,Kanjur marg,09:23
97034,Vikhroli,09:09
96616,Vikhroli,09:14
97334,Vikhroli,09:18
95716,Vikhroli,09:32
97208,Vikhroli,09:23
97336,Vikhroli,09:26
95908,Ghatkopar,09:20
97034,Ghatkopar,09:13
95112,Ghatkopar,09:23
97502,Ghatkopar,09:16
96616,Ghatkopar,09:19
95714,Ghatkopar,09:32
97334,Ghatkopar,09:23
95716,Ghatkopar,09:36
97208,Ghatkopar,09:27
97336,Ghatkopar,09:30
95312,Ghatkopar,09:42
95206,Ghatkopar,09:46
97034,Vidyavihar,09:16
97502,Vidyavihar,09:20
96616,Vidyavihar,09:23
97334,Vidyavihar,09:26
97208,Vidyavihar,09:30
97336,Vidyavihar,09:33
95908,Kurla,09:24
97034,Kurla,09:19
95112,Kurla,09:27
97502,Kurla,09:23
96616,Kurla,09:26
95714,Kurla,09:36
97334,Kurla,09:29
95716,Kurla,09:40
97208,Kurla,09:33
97336,Kurla,09:36
95312,Kurla,09:46
97610,Kurla,09:39
95206,Kurla,09:50
97034,Sion,09:23
97502,Sion,09:27
96616,Sion,09:30
97334,Sion,09:33
97208,Sion,09:37
97336,Sion,09:40
97610,Sion,09:44
97034,Matunga,09:26
97502,Matunga,09:30
96616,Matunga,09:33
97334,Matunga,09:36
97208,Matunga,09:40
97336,Matunga,09:43
97610,Matunga,09:47
95908,Dadar,09:32
97034,Dadar,09:30
95112,Dadar,09:35
97502,Dadar,09:34
96616,Dadar,09:37
95714,Dadar,09:44
97334,Dadar,09:40
95716,Dadar,09:48
97208,Dadar,09:44
97336,Dadar,09:47
95312,Dadar,09:55
97610,Dadar,09:51
95206,Dadar,09:59
97034,Parel,09:33
97502,Parel,09:37
96616,Parel,09:40
97334,Parel,09:43
97208,Parel,09:47
97336,Parel,09:50
97610,Parel,09:54
97034,Currey road,09:36
97502,Currey road,09:40
97334,Currey road,09:46
97208,Currey road,09:50
97336,Currey road,09:53
97610,Currey road,09:57
97034,Chinchpokli,09:38
97502,Chinchpokli,09:42
97334,Chinchpokli,09:48
97208,Chinchpokli,09:52
97336,Chinchpokli,09:55
97610,Chinchpokli,09:59
95908,Byculla,09:38
97034,Byculla,09:40
95112,Byculla,09:41
97502,Byculla,09:44
95714,Byculla,09:50
97334,Byculla,09:50
95716,Byculla,09:54
97208,Byculla,09:54
97336,Byculla,09:57
95312,Byculla,10:01
97610,Byculla,10:01
95206,Byculla,10:05
97034,Sandhurst road,09:43
97502,Sandhurst road,09:47
97334,Sandhurst road,09:53
97208,Sandhurst road,09:57
97336,Sandhurst road,10:00
97610,Sandhurst road,10:04
97034,Masjid,09:46
97502,Masjid,09:50
97334,Masjid,09:56
97208,Masjid,10:00
97336,Masjid,10:03
97610,Masjid,10:07
95908,CSMT,09:47
97034,CSMT,09:49
95112,CSMT,09:51
97502,CSMT,09:53
95714,CSMT,09:59
97334,CSMT,09:59
95716,CSMT,10:03
97208,CSMT,10:03
97336,CSMT,10:06
95312,CSMT,10:10
97610,CSMT,10:10
95206,CSMT,10:13
95504,Asangaon,08:30
95504,Vasind,08:39
95504,Khadavli,08:46
95504,Titwala,08:53
96618,Titwala,08:33
95604,Titwala,09:04
95504,Ambivli,08:59
96618,Ambivli,08:40
95604,Ambivli,09:10
95504,Shahad,09:02
96618,Shahad,08:44
95604,Shahad,09:13
95114,Karjat,08:27
95114,Bhivpuri road,08:36
95114,Neral,08:43
95114,Shelu,08:47
95114,Vangani,08:51
95114,Badlapur,08:59
96210,Badlapur,08:52
95114,Ambernath,09:06
96210,Ambernath,09:01
95114,Ulhas nagar,09:10
96210,Ulhas nagar,09:05
95114,Vithalwadi,09:13
96210,Vithalwadi,09:08
96618,Thakurli,08:56
95718,Thakurli,09:08
97038,Thakurli,09:12
95604,Thakurli,09:25
96210,Thakurli,09:20
95504,Dombivli,09:16
96618,Dombivli,08:59
95718,Dombivli,09:11
97210,Dombivli,09:04
95114,Dombivli,09:25
97038,Dombivli,09:15
95604,Dombivli,09:28
96210,Dombivli,09:23
96618,Kopar,09:02
95718,Kopar,09:14
97210,Kopar,09:07
97038,Kopar,09:18
95604,Kopar,09:31
96210,Kopar,09:26
96618,Diwa,09:07
95718,Diwa,09:19
97210,Diwa,09:12
97038,Diwa,09:23
95604,Diwa,09:36
96210,Diwa,09:31
95504,Mumbra,09:23
96618,Mumbra,09:11
95718,Mumbra,09:23
97210,Mumbra,09:16
97038,Mumbra,09:27
95604,Mumbra,09:40
96210,Mumbra,09:35
96618,Kalva,09:17
95718,Kalva,09:29
97210,Kalva,09:22
97038,Kalva,09:33
95604,Kalva,09:46
96210,Kalva,09:41
97338,Thane,09:16
95504,Thane,09:32
96618,Thane,09:22
95718,Thane,09:35
97210,Thane,09:27
95114,Thane,09:43
97340,Thane,09:30
97038,Thane,09:38
95604,Thane,09:51
95910,Thane,09:54
97342,Thane,09:41
96210,Thane,09:46
97344,Thane,09:50
97338,Mulund,09:22
96618,Mulund,09:26
95718,Mulund,09:40
97210,Mulund,09:32
97340,Mulund,09:36
97038,Mulund,09:43
95910,Mulund,09:59
97342,Mulund,09:47
96210,Mulund,09:51
97344,Mulund,09:56
97338,Nahur,09:25
96618,Nahur,09:29
97210,Nahur,09:35
97340,Nahur,09:39
97038,Nahur,09:46
97342,Nahur,09:50
96210,Nahur,09:54
97344,Nahur,09:59
97338,Bhandup,09:28
95504,Bhandup,09:40
96618,Bhandup,09:32
97210,Bhandup,09:38
97340,Bhandup,09:42
97038,Bhandup,09:49
95604,Bhandup,10:00
97342,Bhandup,09:53
96210,Bhandup,09:57
97344,Bhandup,10:02
97338,Kanjur marg,09:31
96618,Kanjur marg,09:35
97210,Kanjur marg,09:41
97340,Kanjur marg,09:45
97038,Kanjur marg,09:52
97342,Kanjur marg,09:56
96210,Kanjur marg,10:00
97344,Kanjur marg,10:05
97338,Vikhroli,09:34
96618,Vikhroli,09:38
97210,Vikhroli,09:44
97340,Vikhroli,09:48
97038,Vikhroli,09:55
97342,Vikhroli,09:59
96210,Vikhroli,10:03
97344,Vikhroli,10:08
97338,Ghatkopar,09:38
95504,Ghatkopar,09:49
96618,Ghatkopar,09:42
95718,Ghatkopar,09:52
97504,Ghatkopar,09:46
97210,Ghatkopar,09:49
95114,Ghatkopar,09:58
97340,Ghatkopar,09:53
97038,Ghatkopar,09:59
95604,Ghatkopar,10:08
95910,Ghatkopar,10:11
97342,Ghatkopar,10:03
96210,Ghatkopar,10:07
97344,Ghatkopar,10:12
97338,Vidyavihar,09:41
96618,Vidyavihar,09:45
97504,Vidyavihar,09:50
97210,Vidyavihar,09:53
97340,Vidyavihar,09:57
97038,Vidyavihar,10:02
97342,Vidyavihar,10:06
96210,Vidyavihar,10:10
97344,Vidyavihar,10:15
97338,Kurla,09:44
95504,Kurla,09:53
96618,Kurla,09:48
95718,Kurla,09:56
97504,Kurla,09:53
97210,Kurla,09:56
95114,Kurla,10:03
97340,Kurla,10:00
97612,Kurla,10:03
97038,Kurla,10:06
95604,Kurla,10:12
95910,Kurla,10:15
97342,Kurla,10:09
96210,Kurla,10:13
97344,Kurla,10:18
97338,Sion,09:48
96618,Sion,09:52
97504,Sion,09:57
97210,Sion,10:00
97340,Sion,10:04
97612,Sion,10:07
97038,Sion,10:10
97342,Sion,10:13
96210,Sion,10:17
97344,Sion,10:22
97338,Matunga,09:51
96618,Matunga,09:55
97504,Matunga,10:00
97210,Matunga,10:03
97340,Matunga,10:07
97612,Matunga,10:10
97038,Matunga,10:13
97342,Matunga,10:16
96210,Matunga,10:20
97344,Matunga,10:25
97338,Dadar,09:55
95504,Dadar,10:02
96618,Dadar,09:59
95718,Dadar,10:05
97504,Dadar,10:03
97210,Dadar,10:07
95114,Dadar,10:14
97340,Dadar,10:11
97612,Dadar,10:14
97038,Dadar,10:17
95604,Dadar,10:20
95910,Dadar,10:24
97342,Dadar,10:20
96210,Dadar,10:24
97344,Dadar,10:29
97338,Parel,09:58
96618,Parel,10:02
97504,Parel,10:06
97210,Parel,10:10
97340,Parel,10:14
97612,Parel,10:17
97038,Parel,10:20
97342,Parel,10:23
96210,Parel,10:27
97344,Parel,10:32
97338,Currey road,10:01
96618,Currey road,10:05
97504,Currey road,10:09
97210,Currey road,10:13
97340,Currey road,10:17
97612,Currey road,10:20
97342,Currey road,10:26
96210,Currey road,10:30
97344,Currey road,10:35
97338,Chinchpokli,10:03
96618,Chinchpokli,10:07
97504,Chinchpokli,10:11
97210,Chinchpokli,10:15
97340,Chinchpokli,10:19
97612,Chinchpokli,10:22
97342,Chinchpokli,10:28
96210,Chinchpokli,10:32
97344,Chinchpokli,10:37
97338,Byculla,10:05
95504,Byculla,10:08
96618,Byculla,10:09
95718,Byculla,10:11
97504,Byculla,10:13
97210,Byculla,10:17
95114,Byculla,10:20
97340,Byculla,10:21
97612,Byculla,10:24
95604,Byculla,10:26
95910,Byculla,10:30
97342,Byculla,10:30
96210,Byculla,10:34
97344,Byculla,10:39
97338,Sandhurst road,10:08
96618,Sandhurst road,10:12
97504,Sandhurst road,10:16
97210,Sandhurst road,10:20
97340,Sandhurst road,10:24
97612,Sandhurst road,10:27
97342,Sandhurst road,10:33
96210,Sandhurst road,10:37
97344,Sandhurst road,10:42
97338,Masjid,10:11
96618,Masjid,10:15
97504,Masjid,10:19
97210,Masjid,10:23
97340,Masjid,10:27
97612,Masjid,10:30
97342,Masjid,10:36
96210,Masjid,10:40
97344,Masjid,10:45
97338,CSMT,10:14
95504,CSMT,10:16
96618,CSMT,10:18
95718,CSMT,10:20
97504,CSMT,10:22
97210,CSMT,10:26
95114,CSMT,10:29
97340,CSMT,10:30
97612,CSMT,10:34
95604,CSMT,10:34
95910,CSMT,10:40
97342,CSMT,10:40
96210,CSMT,10:44
97344,CSMT,10:48
95408,Kasara,08:18
95408,Umbermali,08:29
95408,Khardi,08:35
95408,Thansit,08:40
95408,Atgaon,08:45
95408,Asangaon,08:55
96506,Asangaon,08:47
95408,Vasind,09:01
96506,Vasind,08:56
95408,Khadavli,09:08
96506,Khadavli,09:03
95408,Titwala,09:15
96506,Titwala,09:10
95408,Ambivli,09:21
96506,Ambivli,09:16
95408,Shahad,09:24
96506,Shahad,09:19
95006,Khopoli,08:40
95006,Lowjee,08:44
95006,Dolavli,08:48
95006,Kelavli,08:51
95006,Palasdhari,08:58
95006,Karjat,09:06
95006,Bhivpuri road,09:15
95006,Neral,09:22
95006,Shelu,09:26
95006,Vangani,09:30
95208,Badlapur,09:29
95006,Badlapur,09:38
95208,Ambernath,09:37
95006,Ambernath,09:45
95314,Ambernath,09:52
95208,Ulhas nagar,09:41
95006,Ulhas nagar,09:49
95314,Ulhas nagar,09:57
95208,Vithalwadi,09:44
95006,Vithalwadi,09:52
95314,Vithalwadi,10:00
95408,Thakurli,09:38
97040,Thakurli,09:28
96506,Thakurli,09:31
95722,Thakurli,09:49
97042,Thakurli,09:34
95408,Dombivli,09:41
97040,Dombivli,09:31
96506,Dombivli,09:34
95720,Dombivli,09:55
95208,Dombivli,09:58
95722,Dombivli,09:52
97042,Dombivli,09:37
95006,Dombivli,10:04
95724,Dombivli,10:07
97212,Dombivli,09:47
95314,Dombivli,10:13
95408,Kopar,09:44
97040,Kopar,09:34
96506,Kopar,09:37
95722,Kopar,09:55
97042,Kopar,09:40
97212,Kopar,09:51
95408,Diwa,09:49
97040,Diwa,09:39
96506,Diwa,09:42
95722,Diwa,10:00
97042,Diwa,09:45
97212,Diwa,09:56
95314,Diwa,10:18
95408,Mumbra,09:53
97040,Mumbra,09:43
96506,Mumbra,09:46
95722,Mumbra,10:04
97042,Mumbra,09:49
97212,Mumbra,10:00
95408,Kalva,09:59
97040,Kalva,09:49
96506,Kalva,09:52
95722,Kalva,10:10
97042,Kalva,09:55
97212,Kalva,10:06
95408,Thane,10:05
97040,Thane,09:54
96506,Thane,09:57
97346,Thane,09:57
95720,Thane,10:10
95208,Thane,10:13
95722,Thane,10:16
97042,Thane,10:00
95006,Thane,10:20
97348,Thane,10:06
95724,Thane,10:23
97212,Thane,10:11
95314,Thane,10:29
97350,Thane,10:20
95408,Mulund,10:10
97040,Mulund,10:00
97346,Mulund,10:03
95722,Mulund,10:20
97042,Mulund,10:06
95006,Mulund,10:24
97348,Mulund,10:12
97212,Mulund,10:16
97350,Mulund,10:25
97040,Nahur,10:03
97346,Nahur,10:06
97042,Nahur,10:09
97348,Nahur,10:15
97212,Nahur,10:19
97350,Nahur,10:28
97040,Bhandup,10:06
97346,Bhandup,10:09
95208,Bhandup,10:22
97042,Bhandup,10:12
97348,Bhandup,10:18
97212,Bhandup,10:22
97350,Bhandup,10:31
97040,Kanjur marg,10:09
97346,Kanjur marg,10:12
97042,Kanjur marg,10:15
97348,Kanjur marg,10:21
97212,Kanjur marg,10:25
97350,Kanjur marg,10:34
97040,Vikhroli,10:12
97346,Vikhroli,10:15
95722,Vikhroli,10:29
97042,Vikhroli,10:18
97348,Vikhroli,10:24
97212,Vikhroli,10:28
97350,Vikhroli,10:37
95408,Ghatkopar,10:22
97040,Ghatkopar,10:16
97346,Ghatkopar,10:19
95720,Ghatkopar,10:27
95208,Ghatkopar,10:30
97042,Ghatkopar,10:22
95006,Ghatkopar,10:37
97348,Ghatkopar,10:28
95724,Ghatkopar,10:40
97212,Ghatkopar,10:32
95314,Ghatkopar,10:43
97506,Ghatkopar,10:35
97350,Ghatkopar,10:41
97040,Vidyavihar,10:19
97346,Vidyavihar,10:22
97042,Vidyavihar,10:25
97348,Vidyavihar,10:31
97212,Vidyavihar,10:35
97506,Vidyavihar,10:38
97350,Vidyavihar,10:44
95408,Kurla,10:26
97040,Kurla,10:22
97346,Kurla,10:25
95720,Kurla,10:31
95208,Kurla,10:34
95722,Kurla,10:38
97042,Kurla,10:28
95006,Kurla,10:41
97348,Kurla,10:34
95724,Kurla,10:44
97212,Kurla,10:38
95314,Kurla,10:47
97506,Kurla,10:41
97350,Kurla,10:47
97040,Sion,10:26
97346,Sion,10:29
97042,Sion,10:32
97348,Sion,10:38
97212,Sion,10:42
97506,Sion,10:45
97350,Sion,10:51
97040,Matunga,10:29
97346,Matunga,10:32
97042,Matunga,10:35
97348,Matunga,10:41
97212,Matunga,10:46
97506,Matunga,10:49
97350,Matunga,10:54
95408,Dadar,10:35
97040,Dadar,10:33
97346,Dadar,10:36
95720,Dadar,10:40
95208,Dadar,10:43
95722,Dadar,10:46
97042,Dadar,10:39
95006,Dadar,10:49
97348,Dadar,10:45
95724,Dadar,10:52
97212,Dadar,10:49
95314,Dadar,10:55
97506,Dadar,10:52
97350,Dadar,10:58
97040,Parel,10:36
97346,Parel,10:39
97042,Parel,10:42
97348,Parel,10:48
97212,Parel,10:52
97506,Parel,10:55
97350,Parel,11:01
97040,Currey road,10:39
97346,Currey road,10:42
97042,Currey road,10:45
97348,Currey road,10:51
97506,Currey road,10:58
97350,Currey road,11:04
97040,Chinchpokli,10:41
97346,Chinchpokli,10:44
97042,Chinchpokli,10:47
97348,Chinchpokli,10:53
97506,Chinchpokli,11:00
97350,Chinchpokli,11:06
95408,Byculla,10:41
97040,Byculla,10:43
97346,Byculla,10:46
95208,Byculla,10:49
95722,Byculla,10:52
97042,Byculla,10:49
95006,Byculla,10:55
97348,Byculla,10:55
95314,Byculla,11:01
97506,Byculla,11:02
97350,Byculla,11:08
97040,Sandhurst road,10:46
97346,Sandhurst road,10:49
97042,Sandhurst road,10:52
97348,Sandhurst road,10:58
97506,Sandhurst road,11:05
97350,Sandhurst road,11:11
97040,Masjid,10:49
97346,Masjid,10:52
97042,Masjid,10:55
97348,Masjid,11:01
97506,Masjid,11:08
97350,Masjid,11:14
95408,CSMT,10:50
97040,CSMT,10:52
97346,CSMT,10:56
95208,CSMT,10:57
95722,CSMT,11:00
97042,CSMT,11:00
95006,CSMT,11:03
97348,CSMT,11:04
95314,CSMT,11:10
97506,CSMT,11:12
97350,CSMT,11:17
96508,Asangaon,09:18
96510,Asangaon,10:03
96508,Vasind,09:26
96510,Vasind,10:12
96508,Khadavli,09:33
96510,Khadavli,10:19
96508,Titwala,09:40
96620,Titwala,09:53
96622,Titwala,10:20
96510,Titwala,10:25
96508,Ambivli,09:46
96620,Ambivli,09:59
96622,Ambivli,10:26
96510,Ambivli,10:31
96508,Shahad,09:49
96620,Shahad,10:03
96622,Shahad,10:30
96510,Shahad,10:34
95116,Karjat,09:45
95116,Bhivpuri road,09:54
95116,Neral,10:01
95116,Shelu,10:05
95116,Vangani,10:09
95116,Badlapur,10:18
95316,Ambernath,10:15
95116,Ambernath,10:25
95316,Ulhas nagar,10:20
95116,Ulhas nagar,10:29
95316,Vithalwadi,10:23
95116,Vithalwadi,10:32
97044,Thakurli,09:56
96508,Thakurli,10:00
96620,Thakurli,10:15
97046,Thakurli,10:21
97048,Thakurli,10:31
96622,Thakurli,10:41
96510,Thakurli,10:45
97050,Thakurli,10:49
97044,Dombivli,09:59
96508,Dombivli,10:03
95316,Dombivli,10:34
96620,Dombivli,10:18
95116,Dombivli,10:46
97046,Dombivli,10:24
97048,Dombivli,10:34
97214,Dombivli,10:40
96622,Dombivli,10:44
96510,Dombivli,10:48
97050,Dombivli,10:52
97044,Kopar,10:03
96508,Kopar,10:07
96620,Kopar,10:21
97046,Kopar,10:27
97048,Kopar,10:37
97214,Kopar,10:44
96622,Kopar,10:47
96510,Kopar,10:51
97050,Kopar,10:55
97044,Diwa,10:08
96508,Diwa,10:12
96620,Diwa,10:26
95116,Diwa,10:51
97046,Diwa,10:32
97048,Diwa,10:42
97214,Diwa,10:49
96622,Diwa,10:52
96510,Diwa,10:56
97050,Diwa,11:00
97044,Mumbra,10:12
96508,Mumbra,10:16
96620,Mumbra,10:30
97046,Mumbra,10:36
97048,Mumbra,10:46
97214,Mumbra,10:53
96622,Mumbra,10:56
96510,Mumbra,11:00
97050,Mumbra,11:04
97044,Kalva,10:18
96508,Kalva,10:22
96620,Kalva,10:36
97046,Kalva,10:42
97048,Kalva,10:52
97214,Kalva,10:59
96622,Kalva,11:02
96510,Kalva,11:06
97050,Kalva,11:10
97044,Thane,10:23
96508,Thane,10:27
95912,Thane,10:46
97352,Thane,10:33
95316,Thane,10:50
96620,Thane,10:41
97354,Thane,10:44
95116,Thane,11:03
97046,Thane,10:48
97356,Thane,10:52
97048,Thane,10:58
97214,Thane,11:04
96622,Thane,11:07
96510,Thane,11:11
97050,Thane,11:15
97044,Mulund,10:28
96508,Mulund,10:32
95912,Mulund,10:52
97352,Mulund,10:39
96620,Mulund,10:46
97354,Mulund,10:50
95116,Mulund,11:07
97046,Mulund,10:53
97356,Mulund,10:58
97048,Mulund,11:02
97214,Mulund,11:08
96622,Mulund,11:11
96510,Mulund,11:15
97050,Mulund,11:19
97044,Nahur,10:31
96508,Nahur,10:35
97352,Nahur,10:42
96620,Nahur,10:49
97354,Nahur,10:53
97046,Nahur,10:56
97356,Nahur,11:01
97048,Nahur,11:05
97214,Nahur,11:11
96622,Nahur,11:14
96510,Nahur,11:18
97050,Nahur,11:22
97044,Bhandup,10:34
96508,Bhandup,10:38
97352,Bhandup,10:45
96620,Bhandup,10:52
97354,Bhandup,10:56
97046,Bhandup,10:59
97356,Bhandup,11:04
97048,Bhandup,11:08
97214,Bhandup,11:14
96622,Bhandup,11:17
96510,Bhandup,11:21
97050,Bhandup,11:25
97044,Kanjur marg,10:37
96508,Kanjur marg,10:41
97352,Kanjur marg,10:48
96620,Kanjur marg,10:55
97354,Kanjur marg,10:59
97046,Kanjur marg,11:02
97356,Kanjur marg,11:07
97048,Kanjur marg,11:11
97214,Kanjur marg,11:17
96622,Kanjur marg,11:20
96510,Kanjur marg,11:24
97050,Kanjur marg,11:28
97044,Vikhroli,10:40
96508,Vikhroli,10:44
97352,Vikhroli,10:51
96620,Vikhroli,10:58
97354,Vikhroli,11:02
97046,Vikhroli,11:05
97356,Vikhroli,11:10
97048,Vikhroli,11:14
97214,Vikhroli,11:20
96622,Vikhroli,11:23
96510,Vikhroli,11:27
97050,Vikhroli,11:31
97044,Ghatkopar,10:44
96508,Ghatkopar,10:48
95912,Ghatkopar,11:03
97352,Ghatkopar,10:55
95316,Ghatkopar,11:06
96620,Ghatkopar,11:02
97354,Ghatkopar,11:06
95116,Ghatkopar,11:17
97046,Ghatkopar,11:09
97356,Ghatkopar,11:14
97048,Ghatkopar,11:18
97214,Ghatkopar,11:24
96622,Ghatkopar,11:27
96510,Ghatkopar,11:31
97050,Ghatkopar,11:35
97044,Vidyavihar,10:47
96508,Vidyavihar,10:51
97352,Vidyavihar,10:58
96620,Vidyavihar,11:05
97354,Vidyavihar,11:09
97046,Vidyavihar,11:12
97356,Vidyavihar,11:17
97048,Vidyavihar,11:21
97214,Vidyavihar,11:27
96622,Vidyavihar,11:30
96510,Vidyavihar,11:34
97050,Vidyavihar,11:38
97044,Kurla,10:50
96508,Kurla,10:54
95912,Kurla,11:07
97352,Kurla,11:01
95316,Kurla,11:10
96620,Kurla,11:08
97354,Kurla,11:12
95116,Kurla,11:21
97046,Kurla,11:15
97356,Kurla,11:20
97048,Kurla,11:24
97214,Kurla,11:30
96622,Kurla,11:33
96510,Kurla,11:37
97050,Kurla,11:41
97044,Sion,10:54
96508,Sion,10:58
97352,Sion,11:05
96620,Sion,11:12
97354,Sion,11:16
97046,Sion,11:19
97356,Sion,11:24
97048,Sion,11:28
97214,Sion,11:34
96622,Sion,11:37
96510,Sion,11:41
97044,Matunga,10:57
96508,Matunga,11:01
97352,Matunga,11:08
96620,Matunga,11:15
97354,Matunga,11:19
97046,Matunga,11:22
97356,Matunga,11:27
97048,Matunga,11:31
97214,Matunga,11:37
96622,Matunga,11:40
96510,Matunga,11:44
97044,Dadar,11:01
96508,Dadar,11:05
95912,Dadar,11:14
97352,Dadar,11:12
95316,Dadar,11:18
96620,Dadar,11:19
97354,Dadar,11:23
95116,Dadar,11:29
97046,Dadar,11:26
97356,Dadar,11:31
97048,Dadar,11:35
97214,Dadar,11:41
96622,Dadar,11:44
96510,Dadar,11:48
97044,Parel,11:04
96508,Parel,11:08
97352,Parel,11:15
96620,Parel,11:22
97354,Parel,11:26
97046,Parel,11:29
97356,Parel,11:34
97048,Parel,11:38
97214,Parel,11:44
96622,Parel,11:47
96510,Parel,11:51
97044,Currey road,11:07
96508,Currey road,11:11
97352,Currey road,11:18
97354,Currey road,11:29
97046,Currey road,11:32
97356,Currey road,11:37
97048,Currey road,11:41
97214,Currey road,11:47
96622,Currey road,11:50
96510,Currey road,11:54
97044,Chinchpokli,11:09
96508,Chinchpokli,11:13
97352,Chinchpokli,11:20
97354,Chinchpokli,11:31
97046,Chinchpokli,11:34
97356,Chinchpokli,11:39
97048,Chinchpokli,11:43
97214,Chinchpokli,11:49
96622,Chinchpokli,11:52
96510,Chinchpokli,11:56
97044,Byculla,11:11
96508,Byculla,11:15
95912,Byculla,11:20
97352,Byculla,11:22
95316,Byculla,11:24
97354,Byculla,11:33
95116,Byculla,11:35
97046,Byculla,11:36
97356,Byculla,11:41
97048,Byculla,11:45
97214,Byculla,11:51
96622,Byculla,11:54
96510,Byculla,11:58
97044,Sandhurst road,11:14
96508,Sandhurst road,11:18
97352,Sandhurst road,11:25
97354,Sandhurst road,11:36
97046,Sandhurst road,11:39
97356,Sandhurst road,11:44
97048,Sandhurst road,11:48
97214,Sandhurst road,11:54
96622,Sandhurst road,11:57
96510,Sandhurst road,12:01
97044,Masjid,11:17
96508,Masjid,11:21
97352,Masjid,11:28
97354,Masjid,11:39
97046,Masjid,11:42
97356,Masjid,11:47
97048,Masjid,11:51
97214,Masjid,11:57
96622,Masjid,12:00
96510,Masjid,12:04
97044,CSMT,11:20
96508,CSMT,11:24
95912,CSMT,11:29
97352,CSMT,11:31
95316,CSMT,11:33
97354,CSMT,11:42
95116,CSMT,11:44
97046,CSMT,11:45
97356,CSMT,11:50
97048,CSMT,11:54
97214,CSMT,12:00
96622,CSMT,12:03
96510,CSMT,12:07
95410,Kasara,10:18
95410,Umbermali,10:29
95410,Khardi,10:35
95410,Thansit,10:40
95410,Atgaon,10:45
95410,Asangaon,10:55
95410,Vasind,11:01
95410,Khadavli,11:08
95606,Titwala,10:45
95410,Titwala,11:15
96624,Titwala,10:58
95606,Ambivli,10:51
95410,Ambivli,11:21
96624,Ambivli,11:04
95606,Shahad,10:55
95410,Shahad,11:24
96624,Shahad,11:08
96008,Khopoli,10:00
96008,Lowjee,10:04
96008,Dolavli,10:08
96008,Kelavli,10:11
96008,Palasdhari,10:18
96008,Karjat,10:25
95118,Karjat,10:43
95118,Bhivpuri road,10:52
95118,Neral,10:59
95118,Shelu,11:03
95118,Vangani,11:07
95210,Badlapur,10:42
96212,Badlapur,10:26
95118,Badlapur,11:15
95210,Ambernath,10:51
96212,Ambernath,10:35
95118,Ambernath,11:22
96312,Ambernath,11:03
95210,Ulhas nagar,10:55
96212,Ulhas nagar,10:39
95118,Ulhas nagar,11:27
96312,Ulhas nagar,11:08
95210,Vithalwadi,10:58
96212,Vithalwadi,10:42
95118,Vithalwadi,11:30
96312,Vithalwadi,11:11
96212,Thakurli,10:53
97052,Thakurli,10:57
97054,Thakurli,11:08
97056,Thakurli,11:16
96624,Thakurli,11:20
96312,Thakurli,11:24
95606,Dombivli,11:09
95210,Dombivli,11:12
96212,Dombivli,10:56
97052,Dombivli,11:00
97216,Dombivli,11:06
97054,Dombivli,11:11
95726,Dombivli,11:29
97056,Dombivli,11:19
95410,Dombivli,11:38
95118,Dombivli,11:43
96624,Dombivli,11:23
96312,Dombivli,11:27
96212,Kopar,10:59
97052,Kopar,11:03
97216,Kopar,11:10
97054,Kopar,11:14
97056,Kopar,11:22
96624,Kopar,11:26
96312,Kopar,11:30
95210,Diwa,11:17
96212,Diwa,11:04
97052,Diwa,11:08
97216,Diwa,11:15
97054,Diwa,11:19
95726,Diwa,11:34
97056,Diwa,11:27
95410,Diwa,11:43
96624,Diwa,11:31
96312,Diwa,11:35
96212,Mumbra,11:08
97052,Mumbra,11:12
97216,Mumbra,11:19
97054,Mumbra,11:23
97056,Mumbra,11:31
96624,Mumbra,11:35
96312,Mumbra,11:39
96212,Kalva,11:14
97052,Kalva,11:18
97216,Kalva,11:25
97054,Kalva,11:29
97056,Kalva,11:37
96624,Kalva,11:41
96312,Kalva,11:45
95606,Thane,11:25
95210,Thane,11:29
96212,Thane,11:19
97052,Thane,11:23
97358,Thane,11:25
97216,Thane,11:30
97054,Thane,11:34
97360,Thane,11:36
95726,Thane,11:45
97056,Thane,11:42
95410,Thane,11:55
95118,Thane,11:59
96624,Thane,11:46
96312,Thane,11:50
96212,Mulund,11:23
97052,Mulund,11:27
97358,Mulund,11:31
97216,Mulund,11:35
97360,Mulund,11:42
97056,Mulund,11:47
95410,Mulund,11:59
96624,Mulund,11:51
96312,Mulund,11:55
96212,Nahur,11:26
97052,Nahur,11:30
97358,Nahur,11:34
97216,Nahur,11:38
97360,Nahur,11:45
97056,Nahur,11:50
96624,Nahur,11:54
96312,Nahur,11:58
96212,Bhandup,11:29
97052,Bhandup,11:33
97358,Bhandup,11:37
97216,Bhandup,11:41
97360,Bhandup,11:48
97056,Bhandup,11:53
96624,Bhandup,11:57
96312,Bhandup,12:01
96212,Kanjur marg,11:32
97052,Kanjur marg,11:36
97358,Kanjur marg,11:40
97216,Kanjur marg,11:44
97360,Kanjur marg,11:51
97056,Kanjur marg,11:56
96624,Kanjur marg,12:00
96312,Kanjur marg,12:04
96212,Vikhroli,11:35
97052,Vikhroli,11:39
97358,Vikhroli,11:43
97216,Vikhroli,11:47
97360,Vikhroli,11:54
97056,Vikhroli,11:59
96624,Vikhroli,12:03
96312,Vikhroli,12:07
95606,Ghatkopar,11:39
95210,Ghatkopar,11:43
96212,Ghatkopar,11:39
97052,Ghatkopar,11:43
97358,Ghatkopar,11:47
97216,Ghatkopar,11:51
97360,Ghatkopar,11:58
95726,Ghatkopar,12:01
97056,Ghatkopar,12:03
95410,Ghatkopar,12:12
95118,Ghatkopar,12:15
96624,Ghatkopar,12:07
96312,Ghatkopar,12:11
96212,Vidyavihar,11:42
97052,Vidyavihar,11:46
97358,Vidyavihar,11:50
97216,Vidyavihar,11:54
97360,Vidyavihar,12:01
97056,Vidyavihar,12:06
96624,Vidyavihar,12:10
96312,Vidyavihar,12:14
95606,Kurla,11:43
95210,Kurla,11:47
96212,Kurla,11:45
97052,Kurla,11:49
97358,Kurla,11:53
97216,Kurla,11:57
97360,Kurla,12:04
95726,Kurla,12:05
97056,Kurla,12:09
95410,Kurla,12:17
95118,Kurla,12:20
96624,Kurla,12:13
96312,Kurla,12:17
96212,Sion,11:49
97052,Sion,11:53
97358,Sion,11:57
97216,Sion,12:01
97360,Sion,12:08
97056,Sion,12:13
96624,Sion,12:17
96312,Sion,12:21
96212,Matunga,11:52
97052,Matunga,11:56
97358,Matunga,12:00
97216,Matunga,12:04
97360,Matunga,12:11
97056,Matunga,12:16
96624,Matunga,12:20
96312,Matunga,12:24
95606,Dadar,11:51
95210,Dadar,11:55
96212,Dadar,11:56
97052,Dadar,12:00
97358,Dadar,12:04
97216,Dadar,12:08
97360,Dadar,12:14
95726,Dadar,12:15
97056,Dadar,12:20
95410,Dadar,12:26
95118,Dadar,12:29
96624,Dadar,12:24
96312,Dadar,12:28
96212,Parel,11:59
97052,Parel,12:03
97358,Parel,12:07
97216,Parel,12:11
97360,Parel,12:17
97056,Parel,12:23
96624,Parel,12:27
96312,Parel,12:31
96212,Currey road,12:02
97358,Currey road,12:10
97216,Currey road,12:14
97360,Currey road,12:20
96624,Currey road,12:30
96312,Currey road,12:34
96212,Chinchpokli,12:04
97358,Chinchpokli,12:12
97216,Chinchpokli,12:16
97360,Chinchpokli,12:22
96624,Chinchpokli,12:32
96312,Chinchpokli,12:36
95606,Byculla,11:59
95210,Byculla,12:03
96212,Byculla,12:06
97358,Byculla,12:14
97216,Byculla,12:18
97360,Byculla,12:24
95410,Byculla,12:32
95118,Byculla,12:35
96624,Byculla,12:34
96312,Byculla,12:38
96212,Sandhurst road,12:09
97358,Sandhurst road,12:17
97216,Sandhurst road,12:21
97360,Sandhurst road,12:27
96624,Sandhurst road,12:37
96312,Sandhurst road,12:41
96212,Masjid,12:12
97358,Masjid,12:20
97216,Masjid,12:24
97360,Masjid,12:30
96624,Masjid,12:40
96312,Masjid,12:44
95606,CSMT,12:08
95210,CSMT,12:12
96212,CSMT,12:15
97358,CSMT,12:23
97216,CSMT,12:27
97360,CSMT,12:34
95410,CSMT,12:40
95118,CSMT,12:44
96624,CSMT,12:44
96312,CSMT,12:48
95412,Kasara,11:10
95412,Umbermali,11:21
95412,Khardi,11:27
95412,Thansit,11:32
95412,Atgaon,11:37
95412,Asangaon,11:47
96512,Asangaon,11:16
95412,Vasind,11:53
96512,Vasind,11:24
95412,Khadavli,12:00
96512,Khadavli,11:31
96626,Titwala,11:18
95412,Titwala,12:07
96512,Titwala,11:38
96626,Ambivli,11:24
95412,Ambivli,12:13
96512,Ambivli,11:44
96626,Shahad,11:28
95412,Shahad,12:16
96512,Shahad,11:47
95120,Karjat,11:19
95120,Bhivpuri road,11:28
95120,Neral,11:35
95120,Shelu,11:39
95120,Vangani,11:43
96214,Badlapur,10:58
95120,Badlapur,11:51
96216,Badlapur,11:25
95318,Ambernath,11:38
96214,Ambernath,11:09
96314,Ambernath,11:17
95120,Ambernath,11:58
96216,Ambernath,11:34
95318,Ulhas nagar,11:43
96214,Ulhas nagar,11:14
96314,Ulhas nagar,11:22
95120,Ulhas nagar,12:02
96216,Ulhas nagar,11:38
95318,Vithalwadi,11:46
96214,Vithalwadi,11:17
96314,Vithalwadi,11:25
95120,Vithalwadi,12:05
96216,Vithalwadi,11:41
97058,Thakurli,11:29
96214,Thakurli,11:32
96314,Thakurli,11:38
96626,Thakurli,11:41
97060,Thakurli,11:49
96216,Thakurli,11:54
97062,Thakurli,11:57
96512,Thakurli,12:01
97058,Dombivli,11:32
95728,Dombivli,11:53
95318,Dombivli,11:58
96214,Dombivli,11:35
96314,Dombivli,11:41
96626,Dombivli,11:44
97218,Dombivli,11:48
97060,Dombivli,11:53
95120,Dombivli,12:17
96216,Dombivli,11:58
97062,Dombivli,12:01
95412,Dombivli,12:28
96512,Dombivli,12:05
97220,Dombivli,12:08
97058,Kopar,11:35
96214,Kopar,11:38
96314,Kopar,11:44
96626,Kopar,11:47
97218,Kopar,11:52
97060,Kopar,11:56
96216,Kopar,12:01
97062,Kopar,12:04
96512,Kopar,12:08
97220,Kopar,12:12
97058,Diwa,11:40
96214,Diwa,11:43
96314,Diwa,11:49
96626,Diwa,11:52
97218,Diwa,11:57
97060,Diwa,12:01
95120,Diwa,12:22
96216,Diwa,12:06
97062,Diwa,12:09
96512,Diwa,12:13
97220,Diwa,12:17
97058,Mumbra,11:44
96214,Mumbra,11:47
96314,Mumbra,11:53
96626,Mumbra,11:56
97218,Mumbra,12:01
97060,Mumbra,12:05
96216,Mumbra,12:10
97062,Mumbra,12:13
96512,Mumbra,12:17
97220,Mumbra,12:21
97058,Kalva,11:50
96214,Kalva,11:53
96314,Kalva,11:59
96626,Kalva,12:02
97218,Kalva,12:07
97060,Kalva,12:11
96216,Kalva,12:16
97062,Kalva,12:19
96512,Kalva,12:23
97220,Kalva,12:27
97058,Thane,11:55
95728,Thane,12:09
95318,Thane,12:14
97362,Thane,11:56
96214,Thane,11:59
96314,Thane,12:05
96626,Thane,12:08
97218,Thane,12:13
97060,Thane,12:17
95120,Thane,12:33
96216,Thane,12:22
97062,Thane,12:25
95412,Thane,12:43
96512,Thane,12:29
97220,Thane,12:33
95318,Mulund,12:18
97362,Mulund,12:02
96214,Mulund,12:05
96314,Mulund,12:10
96626,Mulund,12:13
97218,Mulund,12:18
97060,Mulund,12:22
96216,Mulund,12:27
97062,Mulund,12:30
95412,Mulund,12:47
96512,Mulund,12:34
97220,Mulund,12:38
97362,Nahur,12:05
96214,Nahur,12:08
96314,Nahur,12:13
96626,Nahur,12:16
97218,Nahur,12:21
97060,Nahur,12:25
96216,Nahur,12:30
97062,Nahur,12:33
96512,Nahur,12:37
97220,Nahur,12:41
97362,Bhandup,12:08
96214,Bhandup,12:11
96314,Bhandup,12:16
96626,Bhandup,12:19
97218,Bhandup,12:24
97060,Bhandup,12:28
96216,Bhandup,12:33
97062,Bhandup,12:36
96512,Bhandup,12:40
97220,Bhandup,12:44
97362,Kanjur marg,12:11
96214,Kanjur marg,12:14
96314,Kanjur marg,12:19
96626,Kanjur marg,12:22
97218,Kanjur marg,12:27
97060,Kanjur marg,12:31
96216,Kanjur marg,12:36
97062,Kanjur marg,12:39
96512,Kanjur marg,12:43
97220,Kanjur marg,12:47
97362,Vikhroli,12:14
96214,Vikhroli,12:17
96314,Vikhroli,12:22
96626,Vikhroli,12:25
97218,Vikhroli,12:30
97060,Vikhroli,12:34
96216,Vikhroli,12:39
97062,Vikhroli,12:42
96512,Vikhroli,12:46
97220,Vikhroli,12:50
95728,Ghatkopar,12:20
95318,Ghatkopar,12:24
97362,Ghatkopar,12:18
96214,Ghatkopar,12:21
96314,Ghatkopar,12:26
96626,Ghatkopar,12:29
97218,Ghatkopar,12:34
97060,Ghatkopar,12:38
95120,Ghatkopar,12:48
96216,Ghatkopar,12:43
97062,Ghatkopar,12:46
95412,Ghatkopar,12:57
96512,Ghatkopar,12:50
97220,Ghatkopar,12:54
97362,Vidyavihar,12:21
96214,Vidyavihar,12:24
96314,Vidyavihar,12:29
96626,Vidyavihar,12:32
97218,Vidyavihar,12:37
97060,Vidyavihar,12:41
96216,Vidyavihar,12:46
97062,Vidyavihar,12:49
96512,Vidyavihar,12:53
97220,Vidyavihar,12:57
95728,Kurla,12:24
95318,Kurla,12:28
97362,Kurla,12:24
96214,Kurla,12:27
96314,Kurla,12:32
96626,Kurla,12:35
97218,Kurla,12:40
97060,Kurla,12:44
95120,Kurla,12:52
96216,Kurla,12:49
97062,Kurla,12:52
95412,Kurla,13:01
96512,Kurla,12:56
97220,Kurla,13:00
97362,Sion,12:28
96214,Sion,12:31
96314,Sion,12:36
96626,Sion,12:39
97218,Sion,12:44
97060,Sion,12:48
96216,Sion,12:53
97062,Sion,12:56
96512,Sion,13:00
97220,Sion,13:04
97362,Matunga,12:31
96214,Matunga,12:34
96314,Matunga,12:39
96626,Matunga,12:42
97218,Matunga,12:47
97060,Matunga,12:51
96216,Matunga,12:56
97062,Matunga,12:59
96512,Matunga,13:03
97220,Matunga,13:07
95728,Dadar,12:32
95318,Dadar,12:36
97362,Dadar,12:35
96214,Dadar,12:38
96314,Dadar,12:43
96626,Dadar,12:46
97218,Dadar,12:51
97060,Dadar,12:55
95120,Dadar,13:00
96216,Dadar,13:00
97062,Dadar,13:03
95412,Dadar,13:09
96512,Dadar,13:07
97220,Dadar,13:11
97362,Parel,12:38
96214,Parel,12:41
96314,Parel,12:46
96626,Parel,12:49
97218,Parel,12:54
97060,Parel,12:58
96216,Parel,13:03
97062,Parel,13:06
96512,Parel,13:10
97220,Parel,13:14
97362,Currey road,12:41
96214,Currey road,12:44
96314,Currey road,12:49
96626,Currey road,12:52
97218,Currey road,12:57
96216,Currey road,13:06
97062,Currey road,13:09
96512,Currey road,13:13
97220,Currey road,13:17
97362,Chinchpokli,12:43
96214,Chinchpokli,12:46
96314,Chinchpokli,12:51
96626,Chinchpokli,12:54
97218,Chinchpokli,12:59
96216,Chinchpokli,13:08
97062,Chinchpokli,13:11
96512,Chinchpokli,13:15
97220,Chinchpokli,13:19
95728,Byculla,12:38
97362,Byculla,12:45
96214,Byculla,12:48
96314,Byculla,12:53
96626,Byculla,12:56
97218,Byculla,13:01
95120,Byculla,13:06
96216,Byculla,13:10
97062,Byculla,13:13
95412,Byculla,13:15
96512,Byculla,13:17
97220,Byculla,13:21
97362,Sandhurst road,12:48
96214,Sandhurst road,12:51
96314,Sandhurst road,12:56
96626,Sandhurst road,12:59
97218,Sandhurst road,13:04
96216,Sandhurst road,13:13
97062,Sandhurst road,13:16
96512,Sandhurst road,13:20
97220,Sandhurst road,13:24
97362,Masjid,12:51
96214,Masjid,12:54
96314,Masjid,12:59
96626,Masjid,13:02
97218,Masjid,13:07
96216,Masjid,13:16
97062,Masjid,13:19
96512,Masjid,13:23
97220,Masjid,13:27
95728,CSMT,12:48
97362,CSMT,12:54
96214,CSMT,12:57
96314,CSMT,13:02
96626,CSMT,13:05
97218,CSMT,13:10
95120,CSMT,13:15
96216,CSMT,13:19
97062,CSMT,13:22
95412,CSMT,13:25
96512,CSMT,13:26
97220,CSMT,13:30
96628,Titwala,11:54
96630,Titwala,12:21
96628,Ambivli,12:00
96630,Ambivli,12:27
96628,Shahad,12:04
96630,Shahad,12:31
96010,Khopoli,11:20
96010,Lowjee,11:24
96010,Dolavli,11:28
96010,Kelavli,11:31
96010,Palasdhari,11:38
96010,Karjat,11:45
95122,Karjat,12:00
95122,Bhivpuri road,12:09
95122,Neral,12:16
95122,Shelu,12:20
95122,Vangani,12:24
96218,Badlapur,11:41
95212,Badlapur,12:15
96220,Badlapur,12:00
95214,Badlapur,12:27
95122,Badlapur,12:32
96218,Ambernath,11:49
95212,Ambernath,12:24
96316,Ambernath,12:03
96220,Ambernath,12:08
95214,Ambernath,12:36
95122,Ambernath,12:39
96318,Ambernath,12:19
96218,Ulhas nagar,11:53
95212,Ulhas nagar,12:28
96316,Ulhas nagar,12:08
96220,Ulhas nagar,12:12
95214,Ulhas nagar,12:40
95122,Ulhas nagar,12:43
96318,Ulhas nagar,12:24
96218,Vithalwadi,11:56
95212,Vithalwadi,12:31
96316,Vithalwadi,12:11
96220,Vithalwadi,12:15
95214,Vithalwadi,12:43
95122,Vithalwadi,12:46
96318,Vithalwadi,12:27
96218,Thakurli,12:08
97064,Thakurli,12:12
96628,Thakurli,12:16
96316,Thakurli,12:23
96220,Thakurli,12:27
97066,Thakurli,12:31
96318,Thakurli,12:37
96630,Thakurli,12:42
97068,Thakurli,12:46
96218,Dombivli,12:12
97064,Dombivli,12:16
96628,Dombivli,12:20
95212,Dombivli,12:43
96316,Dombivli,12:26
96220,Dombivli,12:30
97066,Dombivli,12:34
95214,Dombivli,12:54
95122,Dombivli,12:59
96318,Dombivli,12:40
96630,Dombivli,12:45
97068,Dombivli,12:49
97222,Dombivli,12:56
96218,Kopar,12:16
97064,Kopar,12:20
96628,Kopar,12:24
96316,Kopar,12:29
96220,Kopar,12:33
97066,Kopar,12:37
96318,Kopar,12:43
96630,Kopar,12:48
97068,Kopar,12:52
97222,Kopar,13:00
96218,Diwa,12:21
97064,Diwa,12:25
96628,Diwa,12:29
96316,Diwa,12:34
96220,Diwa,12:38
97066,Diwa,12:42
95122,Diwa,13:04
96318,Diwa,12:48
96630,Diwa,12:53
97068,Diwa,12:57
97222,Diwa,13:05
96218,Mumbra,12:25
97064,Mumbra,12:29
96628,Mumbra,12:33
96316,Mumbra,12:38
96220,Mumbra,12:42
97066,Mumbra,12:46
96318,Mumbra,12:52
96630,Mumbra,12:57
97068,Mumbra,13:01
97222,Mumbra,13:09
96218,Kalva,12:31
97064,Kalva,12:35
96628,Kalva,12:39
96316,Kalva,12:44
96220,Kalva,12:48
97066,Kalva,12:52
96318,Kalva,12:58
96630,Kalva,13:03
97068,Kalva,13:07
97222,Kalva,13:15
96218,Thane,12:37
97064,Thane,12:41
96628,Thane,12:45
95212,Thane,13:00
96316,Thane,12:49
96220,Thane,12:53
97364,Thane,12:56
97066,Thane,12:57
95214,Thane,13:10
95122,Thane,13:16
96318,Thane,13:03
96630,Thane,13:08
97068,Thane,13:12
97222,Thane,13:20
96218,Mulund,12:42
97064,Mulund,12:46
96628,Mulund,12:50
96316,Mulund,12:54
96220,Mulund,12:58
97364,Mulund,13:02
95122,Mulund,13:20
96318,Mulund,13:07
96630,Mulund,13:12
97068,Mulund,13:16
97222,Mulund,13:24
96218,Nahur,12:45
97064,Nahur,12:49
96628,Nahur,12:53
96316,Nahur,12:57
96220,Nahur,13:01
97364,Nahur,13:05
96318,Nahur,13:10
96630,Nahur,13:15
97068,Nahur,13:19
97222,Nahur,13:27
96218,Bhandup,12:48
97064,Bhandup,12:52
96628,Bhandup,12:56
96316,Bhandup,13:00
96220,Bhandup,13:04
97364,Bhandup,13:08
96318,Bhandup,13:13
96630,Bhandup,13:18
97068,Bhandup,13:22
97222,Bhandup,13:30
96218,Kanjur marg,12:51
97064,Kanjur marg,12:55
96628,Kanjur marg,12:59
96316,Kanjur marg,13:03
96220,Kanjur marg,13:07
97364,Kanjur marg,13:11
96318,Kanjur marg,13:16
96630,Kanjur marg,13:21
97068,Kanjur marg,13:25
97222,Kanjur marg,13:33
96218,Vikhroli,12:54
97064,Vikhroli,12:58
96628,Vikhroli,13:02
96316,Vikhroli,13:06
96220,Vikhroli,13:10
97364,Vikhroli,13:14
96318,Vikhroli,13:19
96630,Vikhroli,13:24
97068,Vikhroli,13:28
97222,Vikhroli,13:36
96218,Ghatkopar,12:58
97064,Ghatkopar,13:02
96628,Ghatkopar,13:06
95212,Ghatkopar,13:15
96316,Ghatkopar,13:10
96220,Ghatkopar,13:14
97364,Ghatkopar,13:18
95214,Ghatkopar,13:25
95122,Ghatkopar,13:32
96318,Ghatkopar,13:23
96630,Ghatkopar,13:28
97068,Ghatkopar,13:32
97222,Ghatkopar,13:40
96218,Vidyavihar,13:01
97064,Vidyavihar,13:05
96628,Vidyavihar,13:09
96316,Vidyavihar,13:13
96220,Vidyavihar,13:17
97364,Vidyavihar,13:21
96318,Vidyavihar,13:26
96630,Vidyavihar,13:31
97068,Vidyavihar,13:35
97222,Vidyavihar,13:43
96218,Kurla,13:04
97064,Kurla,13:08
96628,Kurla,13:12
95212,Kurla,13:19
96316,Kurla,13:16
96220,Kurla,13:20
97364,Kurla,13:24
95214,Kurla,13:29
95122,Kurla,13:36
96318,Kurla,13:29
96630,Kurla,13:34
97068,Kurla,13:38
97222,Kurla,13:46
96218,Sion,13:08
97064,Sion,13:12
96628,Sion,13:16
96316,Sion,13:20
96220,Sion,13:24
97364,Sion,13:28
96318,Sion,13:33
96630,Sion,13:38
97068,Sion,13:42
97222,Sion,13:50
96218,Matunga,13:11
97064,Matunga,13:15
96628,Matunga,13:19
96316,Matunga,13:23
96220,Matunga,13:27
97364,Matunga,13:31
96318,Matunga,13:36
96630,Matunga,13:41
97068,Matunga,13:45
97222,Matunga,13:53
96218,Dadar,13:15
97064,Dadar,13:19
96628,Dadar,13:23
95212,Dadar,13:27
96316,Dadar,13:27
96220,Dadar,13:31
97364,Dadar,13:35
95214,Dadar,13:38
95122,Dadar,13:44
96318,Dadar,13:40
96630,Dadar,13:45
97068,Dadar,13:49
97222,Dadar,13:57
96218,Parel,13:18
97064,Parel,13:22
96628,Parel,13:26
96316,Parel,13:30
96220,Parel,13:34
97364,Parel,13:38
96318,Parel,13:43
96630,Parel,13:48
97068,Parel,13:52
97222,Parel,14:00
96218,Currey road,13:21
96628,Currey road,13:29
96316,Currey road,13:33
96220,Currey road,13:37
97364,Currey road,13:41
96318,Currey road,13:46
96630,Currey road,13:51
97068,Currey road,13:55
97222,Currey road,14:03
96218,Chinchpokli,13:23
96628,Chinchpokli,13:31
96316,Chinchpokli,13:35
96220,Chinchpokli,13:39
97364,Chinchpokli,13:43
96318,Chinchpokli,13:48
96630,Chinchpokli,13:53
97068,Chinchpokli,13:57
97222,Chinchpokli,14:05
96218,Byculla,13:25
96628,Byculla,13:33
95212,Byculla,13:33
96316,Byculla,13:37
96220,Byculla,13:41
97364,Byculla,13:45
95122,Byculla,13:50
96318,Byculla,13:50
96630,Byculla,13:55
97068,Byculla,13:59
97222,Byculla,14:07
96218,Sandhurst road,13:28
96628,Sandhurst road,13:36
96316,Sandhurst road,13:40
96220,Sandhurst road,13:44
97364,Sandhurst road,13:48
96318,Sandhurst road,13:53
96630,Sandhurst road,13:58
97068,Sandhurst road,14:02
97222,Sandhurst road,14:10
96218,Masjid,13:31
96628,Masjid,13:39
96316,Masjid,13:43
96220,Masjid,13:47
97364,Masjid,13:51
96318,Masjid,13:56
96630,Masjid,14:01
97068,Masjid,14:05
97222,Masjid,14:13
96218,CSMT,13:34
96628,CSMT,13:42
95212,CSMT,13:42
96316,CSMT,13:46
96220,CSMT,13:50
97364,CSMT,13:54
95122,CSMT,13:59
96318,CSMT,13:59
96630,CSMT,14:04
97068,CSMT,14:08
97222,CSMT,14:16
95414,Kasara,12:19
95414,Umbermali,12:30
95414,Khardi,12:36
95414,Thansit,12:41
95414,Atgaon,12:46
95414,Asangaon,12:56
95414,Vasind,13:02
95414,Khadavli,13:09
96632,Titwala,12:44
95414,Titwala,13:16
96634,Titwala,12:58
96632,Ambivli,12:50
95414,Ambivli,13:22
96634,Ambivli,13:04
96632,Shahad,12:54
95414,Shahad,13:25
96634,Shahad,13:08
95124,Karjat,12:23
95126,Karjat,13:00
95124,Bhivpuri road,12:32
95126,Bhivpuri road,13:09
95124,Neral,12:39
95126,Neral,13:16
95124,Shelu,12:43
95126,Shelu,13:20
95124,Vangani,12:47
95126,Vangani,13:24
95124,Badlapur,12:55
95216,Badlapur,13:22
95126,Badlapur,13:32
95124,Ambernath,13:02
96320,Ambernath,12:50
95216,Ambernath,13:31
95126,Ambernath,13:39
95124,Ulhas nagar,13:06
96320,Ulhas nagar,12:55
95216,Ulhas nagar,13:35
95126,Ulhas nagar,13:44
95124,Vithalwadi,13:09
96320,Vithalwadi,12:58
95216,Vithalwadi,13:38
95126,Vithalwadi,13:47
97070,Thakurli,12:59
96632,Thakurli,13:06
96320,Thakurli,13:10
97072,Thakurli,13:14
96634,Thakurli,13:19
97074,Thakurli,13:25
97076,Thakurli,13:34
95124,Dombivli,13:22
97070,Dombivli,13:02
96632,Dombivli,13:09
96320,Dombivli,13:13
97072,Dombivli,13:17
95414,Dombivli,13:38
96634,Dombivli,13:22
97074,Dombivli,13:28
95730,Dombivli,13:42
95216,Dombivli,13:51
97224,Dombivli,13:32
95126,Dombivli,14:00
97076,Dombivli,13:37
97070,Kopar,13:05
96632,Kopar,13:12
96320,Kopar,13:16
97072,Kopar,13:20
96634,Kopar,13:25
97074,Kopar,13:31
97224,Kopar,13:36
97076,Kopar,13:40
95124,Diwa,13:27
97070,Diwa,13:10
96632,Diwa,13:17
96320,Diwa,13:21
97072,Diwa,13:25
95414,Diwa,13:43
96634,Diwa,13:30
97074,Diwa,13:36
95216,Diwa,13:56
97224,Diwa,13:41
97076,Diwa,13:45
97070,Mumbra,13:14
96632,Mumbra,13:21
96320,Mumbra,13:25
97072,Mumbra,13:29
96634,Mumbra,13:34
97074,Mumbra,13:40
97224,Mumbra,13:45
97076,Mumbra,13:49
97070,Kalva,13:20
96632,Kalva,13:27
96320,Kalva,13:31
97072,Kalva,13:35
96634,Kalva,13:40
97074,Kalva,13:46
97224,Kalva,13:51
97076,Kalva,13:55
95124,Thane,13:38
97070,Thane,13:25
97366,Thane,13:28
96632,Thane,13:32
96320,Thane,13:36
97072,Thane,13:40
95414,Thane,13:55
96634,Thane,13:45
97074,Thane,13:51
95730,Thane,13:58
95216,Thane,14:07
97224,Thane,13:56
95126,Thane,14:15
97076,Thane,14:00
97368,Thane,14:03
97070,Mulund,13:29
97366,Mulund,13:33
96632,Mulund,13:37
96320,Mulund,13:41
96634,Mulund,13:49
97074,Mulund,13:55
95216,Mulund,14:11
97224,Mulund,14:00
97076,Mulund,14:04
97368,Mulund,14:09
97070,Nahur,13:32
97366,Nahur,13:36
96632,Nahur,13:40
96320,Nahur,13:44
96634,Nahur,13:52
97074,Nahur,13:58
97224,Nahur,14:03
97076,Nahur,14:07
97368,Nahur,14:12
97070,Bhandup,13:35
97366,Bhandup,13:39
96632,Bhandup,13:43
96320,Bhandup,13:47
96634,Bhandup,13:55
97074,Bhandup,14:01
97224,Bhandup,14:06
97076,Bhandup,14:10
97368,Bhandup,14:15
97070,Kanjur marg,13:38
97366,Kanjur marg,13:42
96632,Kanjur marg,13:46
96320,Kanjur marg,13:50
96634,Kanjur marg,13:58
97074,Kanjur marg,14:04
97224,Kanjur marg,14:09
97076,Kanjur marg,14:13
97368,Kanjur marg,14:18
97070,Vikhroli,13:41
97366,Vikhroli,13:45
96632,Vikhroli,13:49
96320,Vikhroli,13:53
96634,Vikhroli,14:01
97074,Vikhroli,14:07
97224,Vikhroli,14:12
97076,Vikhroli,14:16
97368,Vikhroli,14:21
95124,Ghatkopar,13:53
97070,Ghatkopar,13:45
97366,Ghatkopar,13:49
96632,Ghatkopar,13:53
96320,Ghatkopar,13:57
95414,Ghatkopar,14:11
96634,Ghatkopar,14:05
97074,Ghatkopar,14:11
95730,Ghatkopar,14:14
95216,Ghatkopar,14:23
97224,Ghatkopar,14:16
95126,Ghatkopar,14:29
97076,Ghatkopar,14:20
97368,Ghatkopar,14:25
97070,Vidyavihar,13:48
97366,Vidyavihar,13:52
96632,Vidyavihar,13:56
96320,Vidyavihar,14:00
96634,Vidyavihar,14:08
97074,Vidyavihar,14:14
97224,Vidyavihar,14:19
97076,Vidyavihar,14:23
97368,Vidyavihar,14:28
95124,Kurla,13:57
97070,Kurla,13:51
97366,Kurla,13:55
96632,Kurla,13:59
96320,Kurla,14:03
95414,Kurla,14:15
96634,Kurla,14:11
97074,Kurla,14:17
95730,Kurla,14:18
95216,Kurla,14:27
97224,Kurla,14:22
95126,Kurla,14:33
97076,Kurla,14:26
97368,Kurla,14:31
97070,Sion,13:55
97366,Sion,13:59
96632,Sion,14:03
96320,Sion,14:07
96634,Sion,14:15
97224,Sion,14:26
97076,Sion,14:30
97368,Sion,14:35
97070,Matunga,13:58
97366,Matunga,14:02
96632,Matunga,14:06
96320,Matunga,14:10
96634,Matunga,14:18
97224,Matunga,14:29
97076,Matunga,14:33
97368,Matunga,14:38
95124,Dadar,14:05
97070,Dadar,14:02
97366,Dadar,14:06
96632,Dadar,14:10
96320,Dadar,14:14
95414,Dadar,14:23
96634,Dadar,14:22
95730,Dadar,14:26
95216,Dadar,14:35
97224,Dadar,14:33
95126,Dadar,14:41
97076,Dadar,14:37
97368,Dadar,14:42
97070,Parel,14:05
97366,Parel,14:09
96632,Parel,14:13
96320,Parel,14:17
96634,Parel,14:25
97224,Parel,14:36
97076,Parel,14:40
97368,Parel,14:45
97070,Currey road,14:08
97366,Currey road,14:12
96632,Currey road,14:16
96320,Currey road,14:20
96634,Currey road,14:28
97224,Currey road,14:39
97076,Currey road,14:43
97368,Currey road,14:48
97070,Chinchpokli,14:10
97366,Chinchpokli,14:14
96632,Chinchpokli,14:18
96320,Chinchpokli,14:22
96634,Chinchpokli,14:30
97224,Chinchpokli,14:41
97076,Chinchpokli,14:45
97368,Chinchpokli,14:50
95124,Byculla,14:11
97070,Byculla,14:12
97366,Byculla,14:16
96632,Byculla,14:20
96320,Byculla,14:24
95414,Byculla,14:29
96634,Byculla,14:32
95730,Byculla,14:32
95216,Byculla,14:40
97224,Byculla,14:43
95126,Byculla,14:47
97076,Byculla,14:47
97368,Byculla,14:52
97070,Sandhurst road,14:15
97366,Sandhurst road,14:19
96632,Sandhurst road,14:23
96320,Sandhurst road,14:27
96634,Sandhurst road,14:35
97224,Sandhurst road,14:46
97076,Sandhurst road,14:50
97368,Sandhurst road,14:55
97070,Masjid,14:18
97366,Masjid,14:22
96632,Masjid,14:26
96320,Masjid,14:30
96634,Masjid,14:38
97224,Masjid,14:49
97076,Masjid,14:53
97368,Masjid,14:58
95124,CSMT,14:20
97070,CSMT,14:21
97366,CSMT,14:25
96632,CSMT,14:29
96320,CSMT,14:33
95414,CSMT,14:38
96634,CSMT,14:41
95730,CSMT,14:41
95216,CSMT,14:49
97224,CSMT,14:52
95126,CSMT,14:55
97076,CSMT,14:57
97368,CSMT,15:01
96514,Asangaon,13:16
96514,Vasind,13:24
96514,Khadavli,13:31
96636,Titwala,13:20
96514,Titwala,13:38
96638,Titwala,13:51
96636,Ambivli,13:26
96514,Ambivli,13:44
96638,Ambivli,13:57
96636,Shahad,13:29
96514,Shahad,13:47
96638,Shahad,14:01
95218,Badlapur,13:48
95220,Badlapur,14:11
95218,Ambernath,13:56
96322,Ambernath,13:35
95220,Ambernath,14:19
95320,Ambernath,14:24
95218,Ulhas nagar,14:00
96322,Ulhas nagar,13:40
95220,Ulhas nagar,14:23
95320,Ulhas nagar,14:29
95218,Vithalwadi,14:03
96322,Vithalwadi,13:43
95220,Vithalwadi,14:26
95320,Vithalwadi,14:32
96636,Thakurli,13:41
97078,Thakurli,13:49
96322,Thakurli,13:54
96514,Thakurli,13:58
97080,Thakurli,14:01
97082,Thakurli,14:10
96638,Thakurli,14:13
97084,Thakurli,14:17
96636,Dombivli,13:44
97226,Dombivli,13:48
95732,Dombivli,14:09
97078,Dombivli,13:52
95218,Dombivli,14:15
96322,Dombivli,13:57
96514,Dombivli,14:01
97080,Dombivli,14:04
97228,Dombivli,14:08
97082,Dombivli,14:13
95220,Dombivli,14:37
96638,Dombivli,14:16
95320,Dombivli,14:44
97084,Dombivli,14:20
96636,Kopar,13:47
97226,Kopar,13:52
97078,Kopar,13:56
96322,Kopar,14:00
96514,Kopar,14:04
97080,Kopar,14:07
97228,Kopar,14:12
97082,Kopar,14:16
96638,Kopar,14:19
97084,Kopar,14:23
96636,Diwa,13:52
97226,Diwa,13:57
97078,Diwa,14:01
96322,Diwa,14:05
96514,Diwa,14:09
97080,Diwa,14:12
97228,Diwa,14:17
97082,Diwa,14:21
96638,Diwa,14:24
95320,Diwa,14:49
97084,Diwa,14:28
96636,Mumbra,13:56
97226,Mumbra,14:01
97078,Mumbra,14:05
96322,Mumbra,14:09
96514,Mumbra,14:13
97080,Mumbra,14:16
97228,Mumbra,14:21
97082,Mumbra,14:25
96638,Mumbra,14:28
97084,Mumbra,14:32
96636,Kalva,14:02
97226,Kalva,14:07
97078,Kalva,14:11
96322,Kalva,14:15
96514,Kalva,14:19
97080,Kalva,14:22
97228,Kalva,14:27
97082,Kalva,14:31
96638,Kalva,14:34
97084,Kalva,14:38
96636,Thane,14:07
97226,Thane,14:12
95732,Thane,14:24
97078,Thane,14:16
95218,Thane,14:30
96322,Thane,14:20
97370,Thane,14:22
96514,Thane,14:24
97080,Thane,14:28
97228,Thane,14:32
97082,Thane,14:36
95220,Thane,14:52
96638,Thane,14:39
95320,Thane,15:00
97084,Thane,14:43
96636,Mulund,14:12
97226,Mulund,14:17
97078,Mulund,14:21
96322,Mulund,14:25
97370,Mulund,14:28
97080,Mulund,14:32
97228,Mulund,14:37
97082,Mulund,14:41
95220,Mulund,14:56
96638,Mulund,14:44
97084,Mulund,14:48
96636,Nahur,14:15
97226,Nahur,14:20
97078,Nahur,14:24
96322,Nahur,14:28
97370,Nahur,14:31
97080,Nahur,14:35
97228,Nahur,14:40
97082,Nahur,14:44
96638,Nahur,14:47
97084,Nahur,14:51
96636,Bhandup,14:18
97226,Bhandup,14:23
97078,Bhandup,14:27
96322,Bhandup,14:31
97370,Bhandup,14:34
97080,Bhandup,14:38
97228,Bhandup,14:43
97082,Bhandup,14:47
96638,Bhandup,14:50
97084,Bhandup,14:54
96636,Kanjur marg,14:21
97226,Kanjur marg,14:26
97078,Kanjur marg,14:30
96322,Kanjur marg,14:34
97370,Kanjur marg,14:37
97080,Kanjur marg,14:41
97228,Kanjur marg,14:46
97082,Kanjur marg,14:50
96638,Kanjur marg,14:53
97084,Kanjur marg,14:57
96636,Vikhroli,14:24
97226,Vikhroli,14:29
97078,Vikhroli,14:33
96322,Vikhroli,14:37
97370,Vikhroli,14:40
97080,Vikhroli,14:44
97228,Vikhroli,14:49
97082,Vikhroli,14:53
96638,Vikhroli,14:56
97084,Vikhroli,15:00
96636,Ghatkopar,14:28
97226,Ghatkopar,14:33
95732,Ghatkopar,14:40
97078,Ghatkopar,14:37
95218,Ghatkopar,14:46
96322,Ghatkopar,14:41
97370,Ghatkopar,14:44
97080,Ghatkopar,14:48
97228,Ghatkopar,14:53
97082,Ghatkopar,14:57
95220,Ghatkopar,15:08
96638,Ghatkopar,15:00
95320,Ghatkopar,15:15
97084,Ghatkopar,15:04
96636,Vidyavihar,14:31
97226,Vidyavihar,14:36
97078,Vidyavihar,14:40
96322,Vidyavihar,14:44
97370,Vidyavihar,14:47
97080,Vidyavihar,14:51
97228,Vidyavihar,14:56
97082,Vidyavihar,15:00
96638,Vidyavihar,15:03
97084,Vidyavihar,15:07
96636,Kurla,14:34
97226,Kurla,14:39
95732,Kurla,14:44
97078,Kurla,14:43
95218,Kurla,14:51
96322,Kurla,14:47
97370,Kurla,14:50
97080,Kurla,14:54
97228,Kurla,14:59
97082,Kurla,15:03
95220,Kurla,15:12
96638,Kurla,15:06
95320,Kurla,15:19
97084,Kurla,15:10
96636,Sion,14:38
97226,Sion,14:43
97078,Sion,14:47
96322,Sion,14:51
97370,Sion,14:54
97080,Sion,14:58
97228,Sion,15:03
97082,Sion,15:07
96638,Sion,15:10
97084,Sion,15:14
96636,Matunga,14:41
97226,Matunga,14:46
97078,Matunga,14:50
96322,Matunga,14:54
97370,Matunga,14:57
97080,Matunga,15:01
97228,Matunga,15:06
97082,Matunga,15:10
96638,Matunga,15:13
97084,Matunga,15:17
96636,Dadar,14:45
97226,Dadar,14:50
95732,Dadar,14:52
97078,Dadar,14:54
95218,Dadar,14:59
96322,Dadar,14:58
97370,Dadar,15:01
97080,Dadar,15:05
97228,Dadar,15:10
97082,Dadar,15:14
95220,Dadar,15:20
96638,Dadar,15:17
95320,Dadar,15:27
97084,Dadar,15:21
96636,Parel,14:48
97226,Parel,14:53
97078,Parel,14:57
96322,Parel,15:01
97370,Parel,15:04
97080,Parel,15:08
97228,Parel,15:13
97082,Parel,15:17
96638,Parel,15:20
97084,Parel,15:24
96636,Currey road,14:51
97078,Currey road,15:00
96322,Currey road,15:04
97370,Currey road,15:07
97080,Currey road,15:11
97228,Currey road,15:16
96638,Currey road,15:23
97084,Currey road,15:27
96636,Chinchpokli,14:53
97078,Chinchpokli,15:02
96322,Chinchpokli,15:06
97370,Chinchpokli,15:09
97080,Chinchpokli,15:13
97228,Chinchpokli,15:18
96638,Chinchpokli,15:25
97084,Chinchpokli,15:29
96636,Byculla,14:55
95732,Byculla,14:58
97078,Byculla,15:04
96322,Byculla,15:08
97370,Byculla,15:11
97080,Byculla,15:15
97228,Byculla,15:20
95220,Byculla,15:26
96638,Byculla,15:27
95320,Byculla,15:33
97084,Byculla,15:31
96636,Sandhurst road,14:58
97078,Sandhurst road,15:07
96322,Sandhurst road,15:11
97370,Sandhurst road,15:14
97080,Sandhurst road,15:18
97228,Sandhurst road,15:23
96638,Sandhurst road,15:30
97084,Sandhurst road,15:34
96636,Masjid,15:01
97078,Masjid,15:10
96322,Masjid,15:14
97370,Masjid,15:17
97080,Masjid,15:21
97228,Masjid,15:26
96638,Masjid,15:33
97084,Masjid,15:37
96636,CSMT,15:04
95732,CSMT,15:08
97078,CSMT,15:13
96322,CSMT,15:17
97370,CSMT,15:20
97080,CSMT,15:24
97228,CSMT,15:30
95220,CSMT,15:35
96638,CSMT,15:36
95320,CSMT,15:41
97084,CSMT,15:41
95416,Kasara,13:31
95416,Umbermali,13:42
95416,Khardi,13:48
95416,Thansit,13:53
95416,Atgaon,13:58
95416,Asangaon,14:08
95416,Vasind,14:14
95416,Khadavli,14:21
95416,Titwala,14:28
95416,Ambivli,14:34
95416,Shahad,14:37
96012,Khopoli,12:40
95008,Khopoli,13:48
96012,Lowjee,12:44
95008,Lowjee,13:52
96012,Dolavli,12:48
95008,Dolavli,13:56
96012,Kelavli,12:51
95008,Kelavli,13:59
96012,Palasdhari,12:58
95008,Palasdhari,14:06
96012,Karjat,13:05
96108,Karjat,13:27
95128,Karjat,13:55
95008,Karjat,14:14
96108,Bhivpuri road,13:36
95128,Bhivpuri road,14:04
95008,Bhivpuri road,14:23
96108,Neral,13:43
95128,Neral,14:11
95008,Neral,14:30
96108,Shelu,13:47
95128,Shelu,14:15
95008,Shelu,14:34
96108,Vangani,13:51
95128,Vangani,14:19
95008,Vangani,14:38
96108,Badlapur,13:59
95128,Badlapur,14:27
95008,Badlapur,14:46
96324,Ambernath,14:00
96108,Ambernath,14:06
95128,Ambernath,14:34
95322,Ambernath,14:45
95008,Ambernath,14:53
96324,Ulhas nagar,14:05
96108,Ulhas nagar,14:10
95128,Ulhas nagar,14:38
95322,Ulhas nagar,14:50
95008,Ulhas nagar,14:57
96324,Vithalwadi,14:08
96108,Vithalwadi,14:13
95128,Vithalwadi,14:41
95322,Vithalwadi,14:53
95008,Vithalwadi,15:00
96324,Thakurli,14:23
96108,Thakurli,14:27
97086,Thakurli,14:32
97088,Thakurli,14:39
97090,Thakurli,14:47
96324,Dombivli,14:26
96108,Dombivli,14:30
95416,Dombivli,14:51
95128,Dombivli,14:54
97086,Dombivli,14:35
97088,Dombivli,14:42
95322,Dombivli,15:05
97090,Dombivli,14:50
95008,Dombivli,15:12
97230,Dombivli,14:56
96324,Kopar,14:29
96108,Kopar,14:33
97086,Kopar,14:38
97088,Kopar,14:45
97090,Kopar,14:53
97230,Kopar,14:59
96324,Diwa,14:34
96108,Diwa,14:38
95416,Diwa,14:56
97086,Diwa,14:43
97088,Diwa,14:50
97090,Diwa,14:58
97230,Diwa,15:04
96324,Mumbra,14:38
96108,Mumbra,14:42
97086,Mumbra,14:47
97088,Mumbra,14:54
97090,Mumbra,15:02
97230,Mumbra,15:08
96324,Kalva,14:44
96108,Kalva,14:48
97086,Kalva,14:53
97088,Kalva,15:00
97090,Kalva,15:08
97230,Kalva,15:14
95914,Thane,15:03
96324,Thane,14:49
97372,Thane,14:52
96108,Thane,14:53
95416,Thane,15:08
95128,Thane,15:11
97086,Thane,14:58
97088,Thane,15:05
97374,Thane,15:08
95322,Thane,15:22
97090,Thane,15:13
95008,Thane,15:27
97230,Thane,15:19
97376,Thane,15:23
96324,Mulund,14:54
97372,Mulund,14:58
97086,Mulund,15:03
97088,Mulund,15:10
97374,Mulund,15:14
95322,Mulund,15:26
97090,Mulund,15:18
97230,Mulund,15:24
97376,Mulund,15:28
96324,Nahur,14:57
97372,Nahur,15:01
97086,Nahur,15:06
97088,Nahur,15:13
97374,Nahur,15:17
97090,Nahur,15:21
97230,Nahur,15:27
97376,Nahur,15:31
96324,Bhandup,15:00
97372,Bhandup,15:04
97086,Bhandup,15:09
97088,Bhandup,15:16
97374,Bhandup,15:20
97090,Bhandup,15:24
97230,Bhandup,15:30
97376,Bhandup,15:34
96324,Kanjur marg,15:03
97372,Kanjur marg,15:07
97086,Kanjur marg,15:12
97088,Kanjur marg,15:19
97374,Kanjur marg,15:23
97090,Kanjur marg,15:27
97230,Kanjur marg,15:33
97376,Kanjur marg,15:37
96324,Vikhroli,15:06
97372,Vikhroli,15:10
97086,Vikhroli,15:15
97088,Vikhroli,15:22
97374,Vikhroli,15:26
97090,Vikhroli,15:30
97230,Vikhroli,15:36
97376,Vikhroli,15:40
95914,Ghatkopar,15:19
96324,Ghatkopar,15:10
97372,Ghatkopar,15:14
95416,Ghatkopar,15:23
95128,Ghatkopar,15:26
97086,Ghatkopar,15:19
97088,Ghatkopar,15:26
97374,Ghatkopar,15:30
95322,Ghatkopar,15:38
97090,Ghatkopar,15:34
95008,Ghatkopar,15:41
97230,Ghatkopar,15:40
97376,Ghatkopar,15:44
96324,Vidyavihar,15:13
97372,Vidyavihar,15:17
97086,Vidyavihar,15:22
97088,Vidyavihar,15:29
97374,Vidyavihar,15:33
97090,Vidyavihar,15:37
97230,Vidyavihar,15:43
97376,Vidyavihar,15:47
95914,Kurla,15:23
96324,Kurla,15:16
97372,Kurla,15:20
95416,Kurla,15:27
95128,Kurla,15:30
97086,Kurla,15:25
97088,Kurla,15:32
97374,Kurla,15:36
95322,Kurla,15:42
97090,Kurla,15:40
95008,Kurla,15:45
97230,Kurla,15:46
97376,Kurla,15:50
96324,Sion,15:20
97372,Sion,15:24
97086,Sion,15:29
97088,Sion,15:36
97374,Sion,15:40
97090,Sion,15:44
97230,Sion,15:50
97376,Sion,15:54
96324,Matunga,15:23
97372,Matunga,15:27
97086,Matunga,15:32
97088,Matunga,15:39
97374,Matunga,15:43
97090,Matunga,15:47
97230,Matunga,15:53
97376,Matunga,15:57
95914,Dadar,15:31
96324,Dadar,15:27
97372,Dadar,15:31
95416,Dadar,15:35
95128,Dadar,15:38
97086,Dadar,15:36
97088,Dadar,15:43
97374,Dadar,15:47
95322,Dadar,15:50
97090,Dadar,15:51
95008,Dadar,15:53
97230,Dadar,15:57
97376,Dadar,16:01
96324,Parel,15:30
97372,Parel,15:34
97086,Parel,15:39
97088,Parel,15:46
97374,Parel,15:50
97090,Parel,15:54
97230,Parel,16:00
97376,Parel,16:04
96324,Currey road,15:33
97086,Currey road,15:42
97088,Currey road,15:49
97374,Currey road,15:53
97090,Currey road,15:57
97230,Currey road,16:03
96324,Chinchpokli,15:35
97086,Chinchpokli,15:44
97088,Chinchpokli,15:51
97374,Chinchpokli,15:55
97090,Chinchpokli,15:59
97230,Chinchpokli,16:05
95914,Byculla,15:37
96324,Byculla,15:37
95416,Byculla,15:41
95128,Byculla,15:45
97086,Byculla,15:46
97088,Byculla,15:53
97374,Byculla,15:57
95322,Byculla,15:57
97090,Byculla,16:01
95008,Byculla,16:01
97230,Byculla,16:07
96324,Sandhurst road,15:40
97086,Sandhurst road,15:49
97088,Sandhurst road,15:56
97374,Sandhurst road,16:00
97090,Sandhurst road,16:04
97230,Sandhurst road,16:10
96324,Masjid,15:43
97086,Masjid,15:52
97088,Masjid,15:59
97374,Masjid,16:03
97090,Masjid,16:07
97230,Masjid,16:13
95914,CSMT,15:45
96324,CSMT,15:47
95416,CSMT,15:49
95128,CSMT,15:55
97086,CSMT,15:55
97088,CSMT,16:02
97374,CSMT,16:06
95322,CSMT,16:09
97090,CSMT,16:11
95008,CSMT,16:14
97230,CSMT,16:17
95418,Kasara,14:42
95418,Umbermali,14:53
95418,Khardi,14:59
95418,Thansit,15:04
95418,Atgaon,15:09
95506,Asangaon,15:02
95418,Asangaon,15:18
95506,Vasind,15:10
95418,Vasind,15:24
95506,Khadavli,15:17
95418,Khadavli,15:31
96640,Titwala,14:44
95506,Titwala,15:24
96642,Titwala,15:08
95418,Titwala,15:39
96640,Ambivli,14:50
95506,Ambivli,15:30
96642,Ambivli,15:14
95418,Ambivli,15:45
96640,Shahad,14:54
95506,Shahad,15:33
96642,Shahad,15:18
95418,Shahad,15:49
95222,Badlapur,14:57
95224,Badlapur,15:32
95222,Ambernath,15:05
95324,Ambernath,15:12
95224,Ambernath,15:40
95222,Ulhas nagar,15:09
95324,Ulhas nagar,15:17
95224,Ulhas nagar,15:44
95222,Vithalwadi,15:12
95324,Vithalwadi,15:20
95224,Vithalwadi,15:47
96640,Thakurli,15:05
97092,Thakurli,15:16
97094,Thakurli,15:20
96642,Thakurli,15:29
97096,Thakurli,15:36
95222,Dombivli,15:23
96640,Dombivli,15:08
95324,Dombivli,15:31
97092,Dombivli,15:19
97094,Dombivli,15:23
95506,Dombivli,15:47
96642,Dombivli,15:32
95224,Dombivli,15:58
97232,Dombivli,15:35
95418,Dombivli,16:03
97096,Dombivli,15:39
96640,Kopar,15:11
97092,Kopar,15:22
97094,Kopar,15:26
96642,Kopar,15:35
97232,Kopar,15:39
97096,Kopar,15:43
96640,Diwa,15:16
97092,Diwa,15:27
97094,Diwa,15:31
96642,Diwa,15:40
97232,Diwa,15:44
95418,Diwa,16:08
97096,Diwa,15:48
96640,Mumbra,15:20
97092,Mumbra,15:31
97094,Mumbra,15:35
96642,Mumbra,15:44
97232,Mumbra,15:48
97096,Mumbra,15:52
96640,Kalva,15:26
97092,Kalva,15:37
97094,Kalva,15:41
96642,Kalva,15:50
97232,Kalva,15:54
97096,Kalva,15:58
95222,Thane,15:38
96640,Thane,15:31
95324,Thane,15:46
97378,Thane,15:36
97092,Thane,15:42
97094,Thane,15:46
95506,Thane,16:02
97380,Thane,15:51
96642,Thane,15:55
95224,Thane,16:13
97232,Thane,15:59
95418,Thane,16:19
97096,Thane,16:03
95222,Mulund,15:42
96640,Mulund,15:36
97378,Mulund,15:42
97092,Mulund,15:46
97380,Mulund,15:56
96642,Mulund,16:00
97232,Mulund,16:04
97096,Mulund,16:09
96640,Nahur,15:39
97378,Nahur,15:45
97092,Nahur,15:49
97380,Nahur,15:59
96642,Nahur,16:03
97232,Nahur,16:07
97096,Nahur,16:12
96640,Bhandup,15:42
95324,Bhandup,15:54
97378,Bhandup,15:48
97092,Bhandup,15:52
97380,Bhandup,16:02
96642,Bhandup,16:06
95224,Bhandup,16:21
97232,Bhandup,16:10
95418,Bhandup,16:27
97096,Bhandup,16:15
96640,Kanjur marg,15:45
97378,Kanjur marg,15:51
97092,Kanjur marg,15:55
97380,Kanjur marg,16:05
96642,Kanjur marg,16:09
97232,Kanjur marg,16:13
97096,Kanjur marg,16:18
96640,Vikhroli,15:48
97378,Vikhroli,15:54
97092,Vikhroli,15:58
97380,Vikhroli,16:08
96642,Vikhroli,16:12
97232,Vikhroli,16:16
97096,Vikhroli,16:21
95222,Ghatkopar,15:54
96640,Ghatkopar,15:52
95324,Ghatkopar,16:02
97378,Ghatkopar,15:58
97092,Ghatkopar,16:02
95506,Ghatkopar,16:18
97380,Ghatkopar,16:12
96642,Ghatkopar,16:16
95224,Ghatkopar,16:29
97232,Ghatkopar,16:20
95418,Ghatkopar,16:36
97096,Ghatkopar,16:25
96640,Vidyavihar,15:55
97378,Vidyavihar,16:01
97092,Vidyavihar,16:05
97380,Vidyavihar,16:15
96642,Vidyavihar,16:19
97232,Vidyavihar,16:23
97096,Vidyavihar,16:28
95222,Kurla,15:58
97614,Kurla,15:54
96640,Kurla,15:58
95324,Kurla,16:06
97378,Kurla,16:04
97092,Kurla,16:08
97616,Kurla,16:12
95506,Kurla,16:22
97380,Kurla,16:18
96642,Kurla,16:22
95224,Kurla,16:33
97232,Kurla,16:26
95418,Kurla,16:40
97096,Kurla,16:31
97614,Sion,15:58
96640,Sion,16:02
97378,Sion,16:08
97092,Sion,16:12
97616,Sion,16:16
97380,Sion,16:22
96642,Sion,16:26
97232,Sion,16:30
97096,Sion,16:35
97614,Matunga,16:02
96640,Matunga,16:05
97378,Matunga,16:11
97092,Matunga,16:15
97616,Matunga,16:20
97380,Matunga,16:25
96642,Matunga,16:29
97232,Matunga,16:33
97096,Matunga,16:38
95222,Dadar,16:06
97614,Dadar,16:05
96640,Dadar,16:09
95324,Dadar,16:14
97378,Dadar,16:15
97092,Dadar,16:19
97616,Dadar,16:23
95506,Dadar,16:30
97380,Dadar,16:29
96642,Dadar,16:33
95224,Dadar,16:41
97232,Dadar,16:37
95418,Dadar,16:48
97096,Dadar,16:42
97614,Parel,16:08
96640,Parel,16:12
97378,Parel,16:18
97092,Parel,16:22
97616,Parel,16:26
97380,Parel,16:32
96642,Parel,16:36
97232,Parel,16:40
97096,Parel,16:46
97614,Currey road,16:11
96640,Currey road,16:15
97378,Currey road,16:21
97092,Currey road,16:25
97616,Currey road,16:29
97380,Currey road,16:35
96642,Currey road,16:39
97232,Currey road,16:43
97096,Currey road,16:49
97614,Chinchpokli,16:13
96640,Chinchpokli,16:17
97378,Chinchpokli,16:23
97092,Chinchpokli,16:27
97616,Chinchpokli,16:31
97380,Chinchpokli,16:37
96642,Chinchpokli,16:41
97232,Chinchpokli,16:45
97096,Chinchpokli,16:51
95222,Byculla,16:12
97614,Byculla,16:15
96640,Byculla,16:19
95324,Byculla,16:20
97378,Byculla,16:25
97092,Byculla,16:29
97616,Byculla,16:33
95506,Byculla,16:36
97380,Byculla,16:39
96642,Byculla,16:43
95224,Byculla,16:47
97232,Byculla,16:47
95418,Byculla,16:54
97096,Byculla,16:53
97614,Sandhurst road,16:18
96640,Sandhurst road,16:22
97378,Sandhurst road,16:28
97092,Sandhurst road,16:32
97616,Sandhurst road,16:36
97380,Sandhurst road,16:42
96642,Sandhurst road,16:46
97232,Sandhurst road,16:50
97096,Sandhurst road,16:56
97614,Masjid,16:21
96640,Masjid,16:25
97378,Masjid,16:31
97092,Masjid,16:35
97616,Masjid,16:39
97380,Masjid,16:45
96642,Masjid,16:49
97232,Masjid,16:53
97096,Masjid,16:59
95222,CSMT,16:23
97614,CSMT,16:24
96640,CSMT,16:29
95324,CSMT,16:31
97378,CSMT,16:34
97092,CSMT,16:38
97616,CSMT,16:42
95506,CSMT,16:44
97380,CSMT,16:48
96642,CSMT,16:52
95224,CSMT,16:56
97232,CSMT,16:56
95418,CSMT,17:02
97096,CSMT,17:04
95508,Asangaon,15:43
95508,Vasind,15:51
95508,Khadavli,15:58
96644,Titwala,15:35
95608,Titwala,15:58
95508,Titwala,16:05
96644,Ambivli,15:41
95608,Ambivli,16:04
95508,Ambivli,16:11
96644,Shahad,15:45
95608,Shahad,16:07
95508,Shahad,16:14
96014,Khopoli,14:55
96014,Lowjee,14:59
96014,Dolavli,15:03
96014,Kelavli,15:06
96014,Palasdhari,15:13
96014,Karjat,15:20
95130,Karjat,15:26
95130,Bhivpuri road,15:35
95130,Neral,15:42
95130,Shelu,15:46
95130,Vangani,15:50
95226,Badlapur,15:47
95130,Badlapur,15:58
95226,Ambernath,15:55
95130,Ambernath,16:05
95226,Ulhas nagar,15:59
95130,Ulhas nagar,16:09
95226,Vithalwadi,16:02
95130,Vithalwadi,16:12
97098,Thakurli,15:43
97100,Thakurli,15:53
96644,Thakurli,15:57
97102,Thakurli,16:04
97104,Thakurli,16:09
97106,Thakurli,16:15
95226,Dombivli,16:13
97098,Dombivli,15:46
97100,Dombivli,15:56
96644,Dombivli,16:00
95608,Dombivli,16:21
95130,Dombivli,16:24
95508,Dombivli,16:29
97102,Dombivli,16:07
97104,Dombivli,16:12
97106,Dombivli,16:18
95734,Dombivli,16:36
97098,Kopar,15:49
97100,Kopar,15:59
96644,Kopar,16:03
97102,Kopar,16:10
97104,Kopar,16:15
97106,Kopar,16:21
97098,Diwa,15:54
97100,Diwa,16:04
96644,Diwa,16:08
97102,Diwa,16:15
97104,Diwa,16:20
97106,Diwa,16:26
97098,Mumbra,15:58
97100,Mumbra,16:08
96644,Mumbra,16:12
97102,Mumbra,16:19
97104,Mumbra,16:24
97106,Mumbra,16:30
97098,Kalva,16:04
97100,Kalva,16:14
96644,Kalva,16:18
97102,Kalva,16:25
97104,Kalva,16:30
97106,Kalva,16:36
95226,Thane,16:28
97098,Thane,16:09
97382,Thane,16:12
97100,Thane,16:19
96644,Thane,16:23
95608,Thane,16:37
95130,Thane,16:40
97384,Thane,16:30
95508,Thane,16:45
97102,Thane,16:30
97104,Thane,16:35
97106,Thane,16:41
95734,Thane,16:52
95226,Mulund,16:32
97098,Mulund,16:15
97382,Mulund,16:18
97100,Mulund,16:24
96644,Mulund,16:28
95608,Mulund,16:41
95130,Mulund,16:44
97384,Mulund,16:36
95508,Mulund,16:49
97104,Mulund,16:40
97106,Mulund,16:45
97098,Nahur,16:18
97382,Nahur,16:21
97100,Nahur,16:27
96644,Nahur,16:31
97384,Nahur,16:39
97104,Nahur,16:43
97106,Nahur,16:48
97098,Bhandup,16:21
97382,Bhandup,16:24
97100,Bhandup,16:30
96644,Bhandup,16:34
97384,Bhandup,16:42
97104,Bhandup,16:46
97106,Bhandup,16:51
97098,Kanjur marg,16:24
97382,Kanjur marg,16:27
97100,Kanjur marg,16:33
96644,Kanjur marg,16:37
97384,Kanjur marg,16:45
97104,Kanjur marg,16:49
97106,Kanjur marg,16:54
97098,Vikhroli,16:27
97382,Vikhroli,16:30
97100,Vikhroli,16:36
96644,Vikhroli,16:40
97384,Vikhroli,16:48
97104,Vikhroli,16:52
97106,Vikhroli,16:57
95226,Ghatkopar,16:45
97098,Ghatkopar,16:31
97382,Ghatkopar,16:34
97100,Ghatkopar,16:40
96644,Ghatkopar,16:44
95608,Ghatkopar,16:53
95130,Ghatkopar,16:56
97384,Ghatkopar,16:52
95508,Ghatkopar,17:01
97104,Ghatkopar,16:56
97106,Ghatkopar,17:01
95734,Ghatkopar,17:08
97098,Vidyavihar,16:35
97382,Vidyavihar,16:38
97100,Vidyavihar,16:43
96644,Vidyavihar,16:47
97384,Vidyavihar,16:55
97104,Vidyavihar,16:59
97106,Vidyavihar,17:04
97618,Kurla,16:34
95226,Kurla,16:49
97098,Kurla,16:38
97382,Kurla,16:41
97100,Kurla,16:46
96644,Kurla,16:50
95608,Kurla,16:57
95130,Kurla,17:00
97384,Kurla,16:58
95508,Kurla,17:05
97104,Kurla,17:02
97106,Kurla,17:07
95734,Kurla,17:12
97618,Sion,16:38
97098,Sion,16:42
97382,Sion,16:45
97100,Sion,16:50
96644,Sion,16:54
97384,Sion,17:02
97104,Sion,17:06
97106,Sion,17:11
97618,Matunga,16:41
97098,Matunga,16:45
97382,Matunga,16:48
97100,Matunga,16:53
96644,Matunga,16:57
97384,Matunga,17:05
97104,Matunga,17:09
97106,Matunga,17:14
97618,Dadar,16:45
95226,Dadar,16:57
97098,Dadar,16:49
97382,Dadar,16:52
97100,Dadar,16:57
96644,Dadar,17:01
95608,Dadar,17:05
95130,Dadar,17:08
97384,Dadar,17:09
95508,Dadar,17:13
97104,Dadar,17:12
97106,Dadar,17:17
95734,Dadar,17:20
97618,Parel,16:49
97098,Parel,16:53
97382,Parel,16:56
97100,Parel,17:00
96644,Parel,17:04
97384,Parel,17:12
97104,Parel,17:15
97106,Parel,17:20
97618,Currey road,16:53
97098,Currey road,16:57
97382,Currey road,17:00
96644,Currey road,17:07
97384,Currey road,17:15
97104,Currey road,17:18
97106,Currey road,17:23
97618,Chinchpokli,16:55
97098,Chinchpokli,16:59
97382,Chinchpokli,17:02
96644,Chinchpokli,17:09
97384,Chinchpokli,17:17
97104,Chinchpokli,17:20
97106,Chinchpokli,17:25
97618,Byculla,16:57
95226,Byculla,17:03
97098,Byculla,17:01
97382,Byculla,17:04
96644,Byculla,17:11
95608,Byculla,17:14
95130,Byculla,17:17
97384,Byculla,17:19
95508,Byculla,17:20
97104,Byculla,17:22
97106,Byculla,17:27
97618,Sandhurst road,17:00
97098,Sandhurst road,17:04
97382,Sandhurst road,17:08
96644,Sandhurst road,17:14
97384,Sandhurst road,17:22
97104,Sandhurst road,17:25
97106,Sandhurst road,17:30
97618,Masjid,17:03
97098,Masjid,17:07
97382,Masjid,17:11
96644,Masjid,17:17
97384,Masjid,17:25
97104,Masjid,17:28
97106,Masjid,17:33
97618,CSMT,17:08
95226,CSMT,17:13
97098,CSMT,17:12
97382,CSMT,17:16
96644,CSMT,17:20
95608,CSMT,17:22
95130,CSMT,17:26
97384,CSMT,17:28
95508,CSMT,17:30
97104,CSMT,17:32
97106,CSMT,17:37
95420,Kasara,15:35
95420,Umbermali,15:46
95420,Khardi,15:52
95420,Thansit,15:57
95420,Atgaon,16:02
95420,Asangaon,16:12
95420,Vasind,16:18
95420,Khadavli,16:25
95420,Titwala,16:32
95610,Titwala,16:47
95420,Ambivli,16:38
95610,Ambivli,16:53
95420,Shahad,16:41
95610,Shahad,16:57
95132,Karjat,16:00
95132,Bhivpuri road,16:09
95132,Neral,16:16
95132,Shelu,16:20
95132,Vangani,16:24
95228,Badlapur,16:18
95132,Badlapur,16:32
95326,Ambernath,16:21
95228,Ambernath,16:26
95132,Ambernath,16:39
95328,Ambernath,16:45
95326,Ulhas nagar,16:26
95228,Ulhas nagar,16:30
95132,Ulhas nagar,16:43
95328,Ulhas nagar,16:50
95326,Vithalwadi,16:29
95228,Vithalwadi,16:33
95132,Vithalwadi,16:46
95328,Vithalwadi,16:53
97108,Thakurli,16:23
97110,Thakurli,16:30
95326,Dombivli,16:40
97108,Dombivli,16:26
95228,Dombivli,16:45
95736,Dombivli,16:50
95420,Dombivli,16:55
97110,Dombivli,16:33
95132,Dombivli,17:00
97234,Dombivli,16:38
95328,Dombivli,17:04
95610,Dombivli,17:09
97108,Kopar,16:29
97110,Kopar,16:36
97234,Kopar,16:42
97108,Diwa,16:34
95420,Diwa,17:00
97110,Diwa,16:41
97234,Diwa,16:47
97108,Mumbra,16:38
97110,Mumbra,16:45
97234,Mumbra,16:51
97108,Kalva,16:44
97110,Kalva,16:51
97234,Kalva,16:57
95326,Thane,16:55
97386,Thane,16:43
97108,Thane,16:49
95228,Thane,17:00
95736,Thane,17:05
95420,Thane,17:10
97110,Thane,16:56
95132,Thane,17:15
97388,Thane,16:59
97234,Thane,17:02
97390,Thane,17:06
95328,Thane,17:19
97392,Thane,17:10
95610,Thane,17:24
97386,Mulund,16:48
97108,Mulund,16:53
95228,Mulund,17:04
95736,Mulund,17:09
97110,Mulund,17:01
95132,Mulund,17:19
97388,Mulund,17:05
97234,Mulund,17:08
97390,Mulund,17:11
97392,Mulund,17:15
97386,Nahur,16:51
97108,Nahur,16:56
97110,Nahur,17:04
97388,Nahur,17:08
97234,Nahur,17:11
97390,Nahur,17:14
97392,Nahur,17:18
95326,Bhandup,17:03
97386,Bhandup,16:54
97108,Bhandup,16:59
97110,Bhandup,17:07
97388,Bhandup,17:11
97234,Bhandup,17:14
97390,Bhandup,17:17
95328,Bhandup,17:25
97392,Bhandup,17:21
97386,Kanjur marg,16:57
97108,Kanjur marg,17:02
97110,Kanjur marg,17:10
97388,Kanjur marg,17:14
97234,Kanjur marg,17:17
97390,Kanjur marg,17:20
97392,Kanjur marg,17:24
97386,Vikhroli,17:00
97108,Vikhroli,17:05
97110,Vikhroli,17:13
97388,Vikhroli,17:17
97234,Vikhroli,17:20
97390,Vikhroli,17:23
97392,Vikhroli,17:27
95326,Ghatkopar,17:11
97386,Ghatkopar,17:04
97108,Ghatkopar,17:09
95228,Ghatkopar,17:15
95736,Ghatkopar,17:20
95420,Ghatkopar,17:25
97110,Ghatkopar,17:17
95132,Ghatkopar,17:30
97388,Ghatkopar,17:21
97234,Ghatkopar,17:24
97390,Ghatkopar,17:27
95328,Ghatkopar,17:33
97392,Ghatkopar,17:31
95610,Ghatkopar,17:37
97386,Vidyavihar,17:07
97108,Vidyavihar,17:12
97110,Vidyavihar,17:20
97388,Vidyavihar,17:24
97234,Vidyavihar,17:27
97390,Vidyavihar,17:30
97392,Vidyavihar,17:34
95326,Kurla,17:15
97386,Kurla,17:10
97108,Kurla,17:15
95228,Kurla,17:19
95736,Kurla,17:24
97620,Kurla,17:19
95420,Kurla,17:29
97110,Kurla,17:23
95132,Kurla,17:34
97388,Kurla,17:27
97234,Kurla,17:30
97390,Kurla,17:33
95328,Kurla,17:37
97392,Kurla,17:37
95610,Kurla,17:41
97386,Sion,17:14
97108,Sion,17:19
97620,Sion,17:23
97110,Sion,17:27
97388,Sion,17:31
97234,Sion,17:34
97390,Sion,17:37
97392,Sion,17:41
97386,Matunga,17:17
97108,Matunga,17:22
97620,Matunga,17:26
97110,Matunga,17:30
97388,Matunga,17:34
97234,Matunga,17:37
97390,Matunga,17:40
97392,Matunga,17:44
95326,Dadar,17:23
97386,Dadar,17:20
97108,Dadar,17:26
95228,Dadar,17:27
95736,Dadar,17:32
97620,Dadar,17:29
95420,Dadar,17:37
97110,Dadar,17:33
95132,Dadar,17:42
97388,Dadar,17:37
97234,Dadar,17:40
97390,Dadar,17:43
95328,Dadar,17:45
97392,Dadar,17:47
95610,Dadar,17:49
97386,Parel,17:23
97108,Parel,17:29
97620,Parel,17:32
97110,Parel,17:36
97388,Parel,17:40
97234,Parel,17:43
97390,Parel,17:46
97392,Parel,17:50
97386,Currey road,17:26
97620,Currey road,17:35
97110,Currey road,17:39
97388,Currey road,17:43
97234,Currey road,17:46
97390,Currey road,17:49
97386,Chinchpokli,17:28
97620,Chinchpokli,17:37
97110,Chinchpokli,17:41
97388,Chinchpokli,17:45
97234,Chinchpokli,17:48
97390,Chinchpokli,17:51
95326,Byculla,17:29
97386,Byculla,17:30
95228,Byculla,17:33
95736,Byculla,17:38
97620,Byculla,17:39
95420,Byculla,17:43
97110,Byculla,17:43
95132,Byculla,17:48
97388,Byculla,17:47
97234,Byculla,17:50
97390,Byculla,17:53
95610,Byculla,17:55
97386,Sandhurst road,17:33
97620,Sandhurst road,17:42
97110,Sandhurst road,17:46
97388,Sandhurst road,17:50
97234,Sandhurst road,17:53
97390,Sandhurst road,17:56
97386,Masjid,17:36
97620,Masjid,17:45
97110,Masjid,17:49
97388,Masjid,17:53
97234,Masjid,17:56
97390,Masjid,17:59
95326,CSMT,17:37
97386,CSMT,17:40
95228,CSMT,17:41
95736,CSMT,17:46
97620,CSMT,17:48
95420,CSMT,17:51
97110,CSMT,17:53
95132,CSMT,17:57
97388,CSMT,17:57
97234,CSMT,18:00
97390,CSMT,18:03
95610,CSMT,18:06
95422,Kasara,16:16
95422,Umbermali,16:27
95422,Khardi,16:33
95422,Thansit,16:38
95422,Atgaon,16:43
95510,Asangaon,16:36
95422,Asangaon,16:54
95510,Vasind,16:44
95422,Vasind,17:00
95510,Khadavli,16:51
95422,Khadavli,17:07
95510,Titwala,16:58
95612,Titwala,17:07
95422,Titwala,17:14
95510,Ambivli,17:04
95612,Ambivli,17:13
95422,Ambivli,17:20
95510,Shahad,17:07
95612,Shahad,17:17
95422,Shahad,17:23
95230,Badlapur,16:47
95232,Badlapur,17:00
95230,Ambernath,16:56
95232,Ambernath,17:08
95230,Ulhas nagar,17:00
95232,Ulhas nagar,17:12
95230,Vithalwadi,17:03
95232,Vithalwadi,17:15
97112,Thakurli,16:44
97114,Thakurli,17:02
95230,Dombivli,17:15
97112,Dombivli,16:47
97236,Dombivli,16:55
95510,Dombivli,17:19
95232,Dombivli,17:26
97114,Dombivli,17:05
95612,Dombivli,17:29
95738,Dombivli,17:33
97238,Dombivli,17:13
95422,Dombivli,17:36
97112,Kopar,16:51
97236,Kopar,16:59
97114,Kopar,17:08
97238,Kopar,17:17
97112,Diwa,16:56
97236,Diwa,17:04
95232,Diwa,17:31
97114,Diwa,17:13
97238,Diwa,17:22
97112,Mumbra,17:00
97236,Mumbra,17:08
97114,Mumbra,17:17
97238,Mumbra,17:26
97112,Kalva,17:06
97236,Kalva,17:14
97114,Kalva,17:23
97238,Kalva,17:32
95230,Thane,17:30
97112,Thane,17:11
97394,Thane,17:13
97236,Thane,17:19
95510,Thane,17:34
97396,Thane,17:21
95232,Thane,17:41
97398,Thane,17:25
97114,Thane,17:28
95612,Thane,17:44
97400,Thane,17:31
95738,Thane,17:49
97238,Thane,17:37
95422,Thane,17:52
97394,Mulund,17:18
97236,Mulund,17:23
97396,Mulund,17:27
95232,Mulund,17:45
97398,Mulund,17:31
97114,Mulund,17:34
97400,Mulund,17:37
97238,Mulund,17:41
97394,Nahur,17:21
97236,Nahur,17:26
97396,Nahur,17:30
97398,Nahur,17:34
97114,Nahur,17:37
97400,Nahur,17:40
97238,Nahur,17:44
97394,Bhandup,17:24
97236,Bhandup,17:29
95510,Bhandup,17:41
97396,Bhandup,17:33
97398,Bhandup,17:37
97114,Bhandup,17:40
97400,Bhandup,17:43
97238,Bhandup,17:47
95422,Bhandup,17:59
97394,Kanjur marg,17:27
97236,Kanjur marg,17:32
97396,Kanjur marg,17:36
97398,Kanjur marg,17:40
97114,Kanjur marg,17:43
97400,Kanjur marg,17:46
97238,Kanjur marg,17:50
97394,Vikhroli,17:30
97236,Vikhroli,17:35
97396,Vikhroli,17:39
97398,Vikhroli,17:43
97114,Vikhroli,17:46
97400,Vikhroli,17:49
97238,Vikhroli,17:53
95230,Ghatkopar,17:43
97394,Ghatkopar,17:34
97236,Ghatkopar,17:39
95510,Ghatkopar,17:48
97396,Ghatkopar,17:43
95232,Ghatkopar,17:56
97398,Ghatkopar,17:47
97114,Ghatkopar,17:50
95612,Ghatkopar,17:59
97400,Ghatkopar,17:53
95738,Ghatkopar,18:04
97238,Ghatkopar,17:57
95422,Ghatkopar,18:07
97394,Vidyavihar,17:37
97236,Vidyavihar,17:42
97396,Vidyavihar,17:46
97398,Vidyavihar,17:50
97114,Vidyavihar,17:53
97400,Vidyavihar,17:56
97238,Vidyavihar,18:00
95230,Kurla,17:47
97394,Kurla,17:40
97236,Kurla,17:45
95510,Kurla,17:52
97396,Kurla,17:49
95232,Kurla,18:00
97398,Kurla,17:53
97114,Kurla,17:56
95612,Kurla,18:03
97400,Kurla,17:59
95738,Kurla,18:08
97238,Kurla,18:03
95422,Kurla,18:11
97622,Kurla,18:06
97394,Sion,17:44
97236,Sion,17:49
97396,Sion,17:53
97398,Sion,17:57
97114,Sion,18:00
97400,Sion,18:03
97238,Sion,18:07
97622,Sion,18:10
97394,Matunga,17:47
97236,Matunga,17:52
97396,Matunga,17:56
97398,Matunga,18:00
97114,Matunga,18:03
97400,Matunga,18:06
97238,Matunga,18:10
97622,Matunga,18:13
95230,Dadar,17:55
97394,Dadar,17:50
97236,Dadar,17:55
95510,Dadar,17:59
97396,Dadar,17:59
95232,Dadar,18:07
97398,Dadar,18:03
97114,Dadar,18:06
95612,Dadar,18:10
97400,Dadar,18:09
95738,Dadar,18:15
97238,Dadar,18:14
95422,Dadar,18:18
97622,Dadar,18:17
97394,Parel,17:53
97236,Parel,17:58
97396,Parel,18:02
97398,Parel,18:06
97114,Parel,18:09
97400,Parel,18:12
97238,Parel,18:17
97622,Parel,18:20
97394,Currey road,17:56
97236,Currey road,18:01
97396,Currey road,18:05
97398,Currey road,18:09
97400,Currey road,18:15
97238,Currey road,18:20
97622,Currey road,18:23
97394,Chinchpokli,17:58
97236,Chinchpokli,18:03
97396,Chinchpokli,18:07
97398,Chinchpokli,18:11
97400,Chinchpokli,18:17
97238,Chinchpokli,18:22
97622,Chinchpokli,18:25
95230,Byculla,18:01
97394,Byculla,18:00
97236,Byculla,18:05
95510,Byculla,18:05
97396,Byculla,18:09
95232,Byculla,18:13
97398,Byculla,18:13
95612,Byculla,18:16
97400,Byculla,18:19
95738,Byculla,18:21
97238,Byculla,18:24
95422,Byculla,18:24
97622,Byculla,18:27
97394,Sandhurst road,18:03
97236,Sandhurst road,18:08
97396,Sandhurst road,18:12
97398,Sandhurst road,18:16
97400,Sandhurst road,18:22
97238,Sandhurst road,18:27
97622,Sandhurst road,18:30
97394,Masjid,18:06
97236,Masjid,18:11
97396,Masjid,18:15
97398,Masjid,18:19
97400,Masjid,18:25
97238,Masjid,18:30
97622,Masjid,18:33
95230,CSMT,18:10
97394,CSMT,18:10
97236,CSMT,18:14
95510,CSMT,18:14
97396,CSMT,18:18
95232,CSMT,18:21
97398,CSMT,18:22
95612,CSMT,18:26
97400,CSMT,18:29
95738,CSMT,18:30
97238,CSMT,18:33
95422,CSMT,18:34
97622,CSMT,18:37
95614,Titwala,17:36
95614,Ambivli,17:42
95614,Shahad,17:46
95010,Khopoli,16:30
95010,Lowjee,16:34
95010,Dolavli,16:38
95010,Kelavli,16:41
95010,Palasdhari,16:48
95010,Karjat,16:57
95010,Bhivpuri road,17:06
95010,Neral,17:13
95010,Shelu,17:17
95010,Vangani,17:21
95234,Badlapur,17:16
95010,Badlapur,17:29
95234,Ambernath,17:24
95330,Ambernath,17:32
95010,Ambernath,17:36
95332,Ambernath,17:49
95234,Ulhas nagar,17:28
95330,Ulhas nagar,17:37
95010,Ulhas nagar,17:41
95332,Ulhas nagar,17:55
95234,Vithalwadi,17:31
95330,Vithalwadi,17:40
95010,Vithalwadi,17:44
95332,Vithalwadi,17:58
97116,Thakurli,17:19
97118,Thakurli,17:34
97120,Thakurli,17:44
95234,Dombivli,17:42
95740,Dombivli,17:47
97116,Dombivli,17:22
95330,Dombivli,17:51
97240,Dombivli,17:32
95010,Dombivli,17:56
95614,Dombivli,17:59
97118,Dombivli,17:37
97120,Dombivli,17:47
95332,Dombivli,18:12
97116,Kopar,17:25
97240,Kopar,17:36
97118,Kopar,17:40
97120,Kopar,17:50
97116,Diwa,17:30
97240,Diwa,17:41
97118,Diwa,17:45
97120,Diwa,17:55
97116,Mumbra,17:34
97240,Mumbra,17:45
97118,Mumbra,17:49
97120,Mumbra,17:59
97116,Kalva,17:40
97240,Kalva,17:51
97118,Kalva,17:55
97120,Kalva,18:05
95234,Thane,17:57
97402,Thane,17:41
95740,Thane,18:02
97116,Thane,17:45
95330,Thane,18:06
97404,Thane,17:52
97240,Thane,17:56
95010,Thane,18:11
95614,Thane,18:14
97118,Thane,18:00
97406,Thane,18:07
97120,Thane,18:11
95332,Thane,18:27
97408,Thane,18:16
95234,Mulund,18:01
97402,Mulund,17:47
95740,Mulund,18:06
97116,Mulund,17:51
95330,Mulund,18:10
97404,Mulund,17:58
97240,Mulund,18:02
97118,Mulund,18:06
97406,Mulund,18:13
97120,Mulund,18:17
95332,Mulund,18:31
97408,Mulund,18:22
97402,Nahur,17:50
97116,Nahur,17:54
97404,Nahur,18:01
97240,Nahur,18:05
97118,Nahur,18:09
97406,Nahur,18:16
97120,Nahur,18:20
97408,Nahur,18:25
97402,Bhandup,17:53
97116,Bhandup,17:57
97404,Bhandup,18:04
97240,Bhandup,18:08
97118,Bhandup,18:12
97406,Bhandup,18:19
97120,Bhandup,18:23
97408,Bhandup,18:28
97402,Kanjur marg,17:56
97116,Kanjur marg,18:00
97404,Kanjur marg,18:07
97240,Kanjur marg,18:11
97118,Kanjur marg,18:15
97406,Kanjur marg,18:22
97120,Kanjur marg,18:26
97408,Kanjur marg,18:31
97402,Vikhroli,17:59
97116,Vikhroli,18:03
97404,Vikhroli,18:10
97240,Vikhroli,18:14
97118,Vikhroli,18:18
97406,Vikhroli,18:25
97120,Vikhroli,18:29
95332,Vikhroli,18:38
97408,Vikhroli,18:34
95234,Ghatkopar,18:13
97402,Ghatkopar,18:03
95740,Ghatkopar,18:17
97116,Ghatkopar,18:07
95330,Ghatkopar,18:21
97404,Ghatkopar,18:14
97240,Ghatkopar,18:18
95010,Ghatkopar,18:25
95614,Ghatkopar,18:28
97118,Ghatkopar,18:22
97406,Ghatkopar,18:29
97120,Ghatkopar,18:33
97408,Ghatkopar,18:38
97402,Vidyavihar,18:06
97116,Vidyavihar,18:10
97404,Vidyavihar,18:17
97240,Vidyavihar,18:21
97118,Vidyavihar,18:25
97406,Vidyavihar,18:32
97120,Vidyavihar,18:36
97408,Vidyavihar,18:41
95234,Kurla,18:17
97402,Kurla,18:10
95740,Kurla,18:21
97116,Kurla,18:14
95330,Kurla,18:25
97404,Kurla,18:20
97240,Kurla,18:24
95010,Kurla,18:29
95614,Kurla,18:32
97118,Kurla,18:29
97624,Kurla,18:32
97406,Kurla,18:36
97120,Kurla,18:40
95332,Kurla,18:45
97408,Kurla,18:44
97402,Sion,18:14
97116,Sion,18:18
97404,Sion,18:24
97240,Sion,18:28
97118,Sion,18:33
97624,Sion,18:36
97406,Sion,18:40
97120,Sion,18:44
97408,Sion,18:48
97402,Matunga,18:17
97116,Matunga,18:21
97404,Matunga,18:27
97240,Matunga,18:31
97118,Matunga,18:36
97624,Matunga,18:39
97406,Matunga,18:43
97120,Matunga,18:47
97408,Matunga,18:51
95234,Dadar,18:24
97402,Dadar,18:21
95740,Dadar,18:28
97116,Dadar,18:25
95330,Dadar,18:32
97404,Dadar,18:31
97240,Dadar,18:35
95010,Dadar,18:36
95614,Dadar,18:39
97118,Dadar,18:40
97624,Dadar,18:43
97406,Dadar,18:47
97120,Dadar,18:51
95332,Dadar,18:53
97408,Dadar,18:55
97402,Parel,18:24
97116,Parel,18:28
97404,Parel,18:34
97240,Parel,18:38
97118,Parel,18:43
97624,Parel,18:46
97406,Parel,18:50
97120,Parel,18:54
97408,Parel,18:58
97402,Currey road,18:27
97116,Currey road,18:31
97404,Currey road,18:37
97118,Currey road,18:46
97624,Currey road,18:49
97406,Currey road,18:53
97120,Currey road,18:57
97408,Currey road,19:01
97402,Chinchpokli,18:29
97116,Chinchpokli,18:33
97404,Chinchpokli,18:39
97118,Chinchpokli,18:48
97624,Chinchpokli,18:51
97406,Chinchpokli,18:55
97120,Chinchpokli,18:59
97408,Chinchpokli,19:03
95234,Byculla,18:30
97402,Byculla,18:31
95740,Byculla,18:34
97116,Byculla,18:35
95330,Byculla,18:38
97404,Byculla,18:41
95010,Byculla,18:42
95614,Byculla,18:45
97118,Byculla,18:50
97624,Byculla,18:53
97406,Byculla,18:57
97120,Byculla,19:01
95332,Byculla,18:59
97408,Byculla,19:05
97402,Sandhurst road,18:34
97116,Sandhurst road,18:38
97404,Sandhurst road,18:44
97118,Sandhurst road,18:53
97624,Sandhurst road,18:56
97406,Sandhurst road,19:00
97120,Sandhurst road,19:04
97408,Sandhurst road,19:08
97402,Masjid,18:37
97116,Masjid,18:41
97404,Masjid,18:47
97118,Masjid,18:56
97624,Masjid,18:59
97406,Masjid,19:03
97120,Masjid,19:07
97408,Masjid,19:11
95234,CSMT,18:38
97402,CSMT,18:40
95740,CSMT,18:42
97116,CSMT,18:45
95330,CSMT,18:46
97404,CSMT,18:50
95010,CSMT,18:51
95614,CSMT,18:54
97118,CSMT,18:59
97624,CSMT,19:02
97406,CSMT,19:06
97120,CSMT,19:10
95332,CSMT,19:11
97408,CSMT,19:14
95424,Kasara,17:02
95424,Umbermali,17:13
95424,Khardi,17:19
95424,Thansit,17:24
95424,Atgaon,17:29
95424,Asangaon,17:39
95512,Asangaon,17:50
95424,Vasind,17:45
95512,Vasind,17:58
95424,Khadavli,17:52
95512,Khadavli,18:05
95424,Titwala,17:59
95512,Titwala,18:12
95424,Ambivli,18:05
95512,Ambivli,18:18
95424,Shahad,18:08
95512,Shahad,18:21
95134,Karjat,17:33
95134,Bhivpuri road,17:42
95134,Neral,17:49
95134,Shelu,17:53
95134,Vangani,17:57
95134,Badlapur,18:05
95236,Badlapur,18:17
95334,Ambernath,18:03
95134,Ambernath,18:12
95236,Ambernath,18:25
95334,Ulhas nagar,18:08
95134,Ulhas nagar,18:16
95236,Ulhas nagar,18:29
95334,Vithalwadi,18:11
95134,Vithalwadi,18:19
95236,Vithalwadi,18:32
97122,Thakurli,18:07
97124,Thakurli,18:14
95744,Thakurli,18:31
97242,Dombivli,17:58
95424,Dombivli,18:21
95334,Dombivli,18:25
95742,Dombivli,18:29
95134,Dombivli,18:32
97122,Dombivli,18:10
95512,Dombivli,18:35
97124,Dombivli,18:17
95744,Dombivli,18:34
97244,Dombivli,18:20
95236,Dombivli,18:43
97242,Kopar,18:01
97122,Kopar,18:13
97124,Kopar,18:20
95744,Kopar,18:37
97244,Kopar,18:24
97242,Diwa,18:06
95424,Diwa,18:26
97122,Diwa,18:18
95512,Diwa,18:40
97124,Diwa,18:25
95744,Diwa,18:42
97244,Diwa,18:29
97242,Mumbra,18:10
97122,Mumbra,18:22
97124,Mumbra,18:29
95744,Mumbra,18:46
97244,Mumbra,18:33
97242,Kalva,18:16
97122,Kalva,18:28
97124,Kalva,18:35
95744,Kalva,18:52
97244,Kalva,18:39
97242,Thane,18:21
97410,Thane,18:24
95424,Thane,18:37
95334,Thane,18:41
95742,Thane,18:44
95134,Thane,18:47
97122,Thane,18:33
95512,Thane,18:51
97412,Thane,18:36
97124,Thane,18:39
95744,Thane,18:57
97244,Thane,18:44
95236,Thane,19:00
97414,Thane,18:48
97242,Mulund,18:26
97410,Mulund,18:30
95424,Mulund,18:41
97122,Mulund,18:38
95512,Mulund,18:55
97412,Mulund,18:42
95744,Mulund,19:01
97244,Mulund,18:49
97414,Mulund,18:54
97242,Nahur,18:29
97410,Nahur,18:33
97122,Nahur,18:41
97412,Nahur,18:45
97244,Nahur,18:52
97414,Nahur,18:57
97242,Bhandup,18:32
97410,Bhandup,18:36
97122,Bhandup,18:44
97412,Bhandup,18:48
97244,Bhandup,18:55
95236,Bhandup,19:08
97414,Bhandup,19:00
97242,Kanjur marg,18:35
97410,Kanjur marg,18:39
97122,Kanjur marg,18:47
97412,Kanjur marg,18:51
97244,Kanjur marg,18:58
97414,Kanjur marg,19:03
97242,Vikhroli,18:38
97410,Vikhroli,18:42
97122,Vikhroli,18:50
97412,Vikhroli,18:54
95744,Vikhroli,19:09
97244,Vikhroli,19:01
97414,Vikhroli,19:06
97242,Ghatkopar,18:42
97410,Ghatkopar,18:46
95424,Ghatkopar,18:52
95334,Ghatkopar,18:56
95742,Ghatkopar,18:59
95134,Ghatkopar,19:02
97122,Ghatkopar,18:54
95512,Ghatkopar,19:06
97412,Ghatkopar,18:58
97244,Ghatkopar,19:05
95236,Ghatkopar,19:15
97414,Ghatkopar,19:10
97242,Vidyavihar,18:45
97410,Vidyavihar,18:49
97122,Vidyavihar,18:57
97412,Vidyavihar,19:01
97244,Vidyavihar,19:08
97414,Vidyavihar,19:13
97242,Kurla,18:48
97410,Kurla,18:52
95424,Kurla,18:56
95334,Kurla,19:00
95742,Kurla,19:03
97626,Kurla,18:56
95134,Kurla,19:06
97122,Kurla,19:00
95512,Kurla,19:10
97412,Kurla,19:04
95744,Kurla,19:17
97244,Kurla,19:11
95236,Kurla,19:20
97414,Kurla,19:16
97242,Sion,18:52
97410,Sion,18:56
97626,Sion,19:00
97122,Sion,19:04
97412,Sion,19:08
97244,Sion,19:15
97414,Sion,19:20
97242,Matunga,18:55
97410,Matunga,18:59
97626,Matunga,19:03
97122,Matunga,19:07
97412,Matunga,19:11
97244,Matunga,19:18
97414,Matunga,19:23
97242,Dadar,18:59
97410,Dadar,19:03
95424,Dadar,19:04
95334,Dadar,19:08
95742,Dadar,19:11
97626,Dadar,19:07
95134,Dadar,19:14
97122,Dadar,19:11
95512,Dadar,19:18
97412,Dadar,19:15
95744,Dadar,19:25
97244,Dadar,19:22
95236,Dadar,19:28
97414,Dadar,19:27
97242,Parel,19:02
97410,Parel,19:06
97626,Parel,19:10
97122,Parel,19:14
97412,Parel,19:18
97244,Parel,19:25
97414,Parel,19:30
97242,Currey road,19:05
97626,Currey road,19:13
97122,Currey road,19:17
97244,Currey road,19:28
97414,Currey road,19:33
97242,Chinchpokli,19:07
97626,Chinchpokli,19:15
97122,Chinchpokli,19:19
97244,Chinchpokli,19:30
97414,Chinchpokli,19:35
97242,Byculla,19:09
95424,Byculla,19:10
95742,Byculla,19:17
97626,Byculla,19:17
95134,Byculla,19:20
97122,Byculla,19:21
95512,Byculla,19:24
95744,Byculla,19:31
97244,Byculla,19:32
95236,Byculla,19:34
97414,Byculla,19:37
97242,Sandhurst road,19:12
97626,Sandhurst road,19:20
97122,Sandhurst road,19:24
97244,Sandhurst road,19:35
97414,Sandhurst road,19:40
97242,Masjid,19:15
97626,Masjid,19:23
97122,Masjid,19:27
97244,Masjid,19:38
97414,Masjid,19:43
97242,CSMT,19:18
95424,CSMT,19:19
95742,CSMT,19:25
97626,CSMT,19:26
95134,CSMT,19:28
97122,CSMT,19:30
95512,CSMT,19:33
95744,CSMT,19:40
97244,CSMT,19:41
95236,CSMT,19:44
97414,CSMT,19:46
95616,Titwala,18:30
95616,Ambivli,18:36
95616,Shahad,18:40
95012,Khopoli,18:02
95012,Lowjee,18:06
95012,Dolavli,18:10
95012,Kelavli,18:13
95012,Palasdhari,18:20
95136,Karjat,17:56
95012,Karjat,18:28
95136,Bhivpuri road,18:05
95012,Bhivpuri road,18:37
95136,Neral,18:12
95012,Neral,18:44
95136,Shelu,18:16
95012,Shelu,18:48
95136,Vangani,18:20
95012,Vangani,18:52
95136,Badlapur,18:28
95238,Badlapur,18:55
95012,Badlapur,19:00
95336,Ambernath,18:30
95136,Ambernath,18:35
95238,Ambernath,19:03
95012,Ambernath,19:07
95336,Ulhas nagar,18:35
95136,Ulhas nagar,18:40
95238,Ulhas nagar,19:07
95012,Ulhas nagar,19:11
95336,Vithalwadi,18:38
95136,Vithalwadi,18:43
95238,Vithalwadi,19:10
95012,Vithalwadi,19:14
97126,Thakurli,18:27
97128,Thakurli,18:40
97130,Thakurli,18:46
97132,Thakurli,18:54
97134,Thakurli,18:57
97126,Dombivli,18:30
95336,Dombivli,18:49
95616,Dombivli,18:53
97246,Dombivli,18:37
95136,Dombivli,18:57
97128,Dombivli,18:43
97130,Dombivli,18:49
97248,Dombivli,18:52
97132,Dombivli,18:57
95238,Dombivli,19:21
97134,Dombivli,19:00
95012,Dombivli,19:27
97126,Kopar,18:34
97246,Kopar,18:41
97128,Kopar,18:46
97130,Kopar,18:52
97248,Kopar,18:56
97132,Kopar,19:00
97134,Kopar,19:03
97126,Diwa,18:38
97246,Diwa,18:46
97128,Diwa,18:51
97130,Diwa,18:57
97248,Diwa,19:01
97132,Diwa,19:05
97134,Diwa,19:08
97126,Mumbra,18:42
97246,Mumbra,18:50
97128,Mumbra,18:55
97130,Mumbra,19:01
97248,Mumbra,19:05
97132,Mumbra,19:09
97134,Mumbra,19:12
97126,Kalva,18:48
97246,Kalva,18:56
97128,Kalva,19:01
97130,Kalva,19:07
97248,Kalva,19:11
97132,Kalva,19:15
97134,Kalva,19:18
97126,Thane,18:53
95336,Thane,19:04
95616,Thane,19:08
97416,Thane,18:57
97246,Thane,19:01
95136,Thane,19:12
97128,Thane,19:06
97418,Thane,19:10
97130,Thane,19:12
97248,Thane,19:16
97132,Thane,19:20
95238,Thane,19:36
97134,Thane,19:23
95012,Thane,19:42
97126,Mulund,18:58
95336,Mulund,19:08
95616,Mulund,19:12
97416,Mulund,19:03
97246,Mulund,19:06
97128,Mulund,19:10
97418,Mulund,19:16
97248,Mulund,19:20
97132,Mulund,19:24
95238,Mulund,19:40
97134,Mulund,19:27
97126,Nahur,19:01
97416,Nahur,19:06
97246,Nahur,19:09
97128,Nahur,19:13
97418,Nahur,19:19
97248,Nahur,19:23
97132,Nahur,19:27
97134,Nahur,19:30
97126,Bhandup,19:04
97416,Bhandup,19:09
97246,Bhandup,19:12
97128,Bhandup,19:16
97418,Bhandup,19:22
97248,Bhandup,19:26
97132,Bhandup,19:30
97134,Bhandup,19:33
95012,Bhandup,19:50
97126,Kanjur marg,19:07
97416,Kanjur marg,19:12
97246,Kanjur marg,19:15
97128,Kanjur marg,19:19
97418,Kanjur marg,19:25
97248,Kanjur marg,19:29
97132,Kanjur marg,19:33
97134,Kanjur marg,19:36
97126,Vikhroli,19:10
95616,Vikhroli,19:21
97416,Vikhroli,19:15
97246,Vikhroli,19:18
97128,Vikhroli,19:22
97418,Vikhroli,19:28
97248,Vikhroli,19:32
97132,Vikhroli,19:36
97134,Vikhroli,19:39
97126,Ghatkopar,19:14
95336,Ghatkopar,19:20
97416,Ghatkopar,19:19
97246,Ghatkopar,19:22
95136,Ghatkopar,19:27
97128,Ghatkopar,19:26
97418,Ghatkopar,19:32
97248,Ghatkopar,19:36
97132,Ghatkopar,19:40
95238,Ghatkopar,19:51
97134,Ghatkopar,19:43
95012,Ghatkopar,19:58
97126,Vidyavihar,19:17
97416,Vidyavihar,19:22
97246,Vidyavihar,19:25
97128,Vidyavihar,19:29
97418,Vidyavihar,19:35
97248,Vidyavihar,19:39
97132,Vidyavihar,19:43
97134,Vidyavihar,19:46
97126,Kurla,19:20
95336,Kurla,19:24
95616,Kurla,19:28
97416,Kurla,19:25
97246,Kurla,19:28
95136,Kurla,19:31
97128,Kurla,19:32
97628,Kurla,19:35
97418,Kurla,19:38
97248,Kurla,19:42
97132,Kurla,19:46
95238,Kurla,19:55
97134,Kurla,19:49
95012,Kurla,20:02
97126,Sion,19:24
97416,Sion,19:29
97246,Sion,19:32
97128,Sion,19:36
97628,Sion,19:39
97418,Sion,19:42
97248,Sion,19:46
97134,Sion,19:53
97126,Matunga,19:27
97416,Matunga,19:32
97246,Matunga,19:35
97128,Matunga,19:39
97628,Matunga,19:42
97418,Matunga,19:45
97248,Matunga,19:49
97134,Matunga,19:56
97126,Dadar,19:31
95336,Dadar,19:32
95616,Dadar,19:37
97416,Dadar,19:36
97246,Dadar,19:39
95136,Dadar,19:40
97128,Dadar,19:43
97628,Dadar,19:46
97418,Dadar,19:49
97248,Dadar,19:53
95238,Dadar,20:03
97134,Dadar,20:00
95012,Dadar,20:10
97126,Parel,19:34
97416,Parel,19:39
97246,Parel,19:42
97128,Parel,19:46
97628,Parel,19:49
97418,Parel,19:52
97248,Parel,19:56
97134,Parel,20:03
97126,Currey road,19:37
97416,Currey road,19:42
97128,Currey road,19:49
97628,Currey road,19:52
97248,Currey road,19:59
97134,Currey road,20:07
97126,Chinchpokli,19:39
97416,Chinchpokli,19:44
97128,Chinchpokli,19:51
97628,Chinchpokli,19:54
97248,Chinchpokli,20:01
97134,Chinchpokli,20:11
97126,Byculla,19:41
95616,Byculla,19:43
97416,Byculla,19:46
95136,Byculla,19:46
97128,Byculla,19:53
97628,Byculla,19:56
97248,Byculla,20:03
95238,Byculla,20:09
97134,Byculla,20:13
95012,Byculla,20:16
97126,Sandhurst road,19:44
97416,Sandhurst road,19:49
97128,Sandhurst road,19:56
97628,Sandhurst road,19:59
97248,Sandhurst road,20:06
97134,Sandhurst road,20:16
97126,Masjid,19:47
97416,Masjid,19:52
97128,Masjid,19:59
97628,Masjid,20:02
97248,Masjid,20:09
97134,Masjid,20:19
97126,CSMT,19:50
95616,CSMT,19:52
97416,CSMT,19:55
95136,CSMT,19:56
97128,CSMT,20:02
97628,CSMT,20:06
97248,CSMT,20:12
95238,CSMT,20:18
97134,CSMT,20:22
95012,CSMT,20:24
95426,Kasara,18:17
95426,Umbermali,18:28
95426,Khardi,18:34
95426,Thansit,18:39
95426,Atgaon,18:44
96516,Asangaon,18:15
95426,Asangaon,18:54
95514,Asangaon,19:10
96516,Vasind,18:23
95426,Vasind,19:00
95514,Vasind,19:18
96516,Khadavli,18:30
95426,Khadavli,19:07
95514,Khadavli,19:25
96516,Titwala,18:37
95426,Titwala,19:14
96646,Titwala,19:01
95514,Titwala,19:32
96516,Ambivli,18:43
95426,Ambivli,19:20
96646,Ambivli,19:07
95514,Ambivli,19:38
96516,Shahad,18:46
95426,Shahad,19:23
96646,Shahad,19:11
95514,Shahad,19:41
95138,Karjat,18:40
95138,Bhivpuri road,18:49
95138,Neral,18:56
95138,Shelu,19:00
95138,Vangani,19:04
95138,Badlapur,19:12
95338,Ambernath,19:12
95138,Ambernath,19:19
95338,Ulhas nagar,19:17
95138,Ulhas nagar,19:23
95338,Vithalwadi,19:20
95138,Vithalwadi,19:26
96516,Thakurli,19:00
97136,Thakurli,19:04
97138,Thakurli,19:08
97140,Thakurli,19:15
97142,Thakurli,19:19
96646,Thakurli,19:22
97144,Thakurli,19:32
96516,Dombivli,19:03
97136,Dombivli,19:07
95338,Dombivli,19:32
97138,Dombivli,19:11
95426,Dombivli,19:36
95138,Dombivli,19:39
97140,Dombivli,19:18
97142,Dombivli,19:22
96646,Dombivli,19:25
97250,Dombivli,19:28
95514,Dombivli,19:54
97144,Dombivli,19:35
96516,Kopar,19:06
97136,Kopar,19:10
97138,Kopar,19:15
97140,Kopar,19:22
97142,Kopar,19:26
96646,Kopar,19:29
97250,Kopar,19:33
97144,Kopar,19:38
96516,Diwa,19:11
97136,Diwa,19:15
95338,Diwa,19:37
97138,Diwa,19:20
97140,Diwa,19:27
97142,Diwa,19:31
96646,Diwa,19:34
97250,Diwa,19:38
97144,Diwa,19:43
96516,Mumbra,19:15
97136,Mumbra,19:19
97138,Mumbra,19:24
97140,Mumbra,19:31
97142,Mumbra,19:35
96646,Mumbra,19:38
97250,Mumbra,19:42
97144,Mumbra,19:47
96516,Kalva,19:21
97136,Kalva,19:25
97138,Kalva,19:30
97140,Kalva,19:37
97142,Kalva,19:41
96646,Kalva,19:44
97250,Kalva,19:48
97144,Kalva,19:53
96516,Thane,19:26
97420,Thane,19:29
97136,Thane,19:30
95338,Thane,19:48
97138,Thane,19:35
95426,Thane,19:51
97422,Thane,19:38
95138,Thane,19:54
97140,Thane,19:42
97142,Thane,19:46
97424,Thane,19:49
96646,Thane,19:49
97250,Thane,19:53
95514,Thane,20:09
97144,Thane,19:58
96516,Mulund,19:31
97420,Mulund,19:36
95338,Mulund,19:52
97138,Mulund,19:40
97422,Mulund,19:44
97140,Mulund,19:47
97142,Mulund,19:51
97424,Mulund,19:55
97250,Mulund,19:58
95514,Mulund,20:13
97144,Mulund,20:03
96516,Nahur,19:34
97420,Nahur,19:39
97138,Nahur,19:43
97422,Nahur,19:47
97140,Nahur,19:50
97142,Nahur,19:54
97424,Nahur,19:58
97250,Nahur,20:01
97144,Nahur,20:06
96516,Bhandup,19:37
97420,Bhandup,19:42
97138,Bhandup,19:46
95426,Bhandup,19:59
97422,Bhandup,19:50
97140,Bhandup,19:53
97142,Bhandup,19:57
97424,Bhandup,20:01
97250,Bhandup,20:04
97144,Bhandup,20:09
96516,Kanjur marg,19:40
97420,Kanjur marg,19:45
97138,Kanjur marg,19:49
97422,Kanjur marg,19:53
97140,Kanjur marg,19:56
97142,Kanjur marg,20:00
97424,Kanjur marg,20:04
97250,Kanjur marg,20:07
97144,Kanjur marg,20:12
96516,Vikhroli,19:43
97420,Vikhroli,19:48
95338,Vikhroli,20:00
97138,Vikhroli,19:52
97422,Vikhroli,19:56
95138,Vikhroli,20:07
97140,Vikhroli,19:59
97142,Vikhroli,20:03
97424,Vikhroli,20:07
97250,Vikhroli,20:10
97144,Vikhroli,20:15
96516,Ghatkopar,19:47
97420,Ghatkopar,19:52
97138,Ghatkopar,19:56
95426,Ghatkopar,20:07
97422,Ghatkopar,20:00
95138,Ghatkopar,20:11
97140,Ghatkopar,20:03
97142,Ghatkopar,20:07
97424,Ghatkopar,20:11
97250,Ghatkopar,20:14
95514,Ghatkopar,20:25
97144,Ghatkopar,20:19
96516,Vidyavihar,19:50
97420,Vidyavihar,19:55
97138,Vidyavihar,19:59
97422,Vidyavihar,20:03
97140,Vidyavihar,20:06
97142,Vidyavihar,20:10
97424,Vidyavihar,20:14
97250,Vidyavihar,20:17
97144,Vidyavihar,20:22
96516,Kurla,19:53
97420,Kurla,19:58
95338,Kurla,20:08
97138,Kurla,20:02
95426,Kurla,20:11
97422,Kurla,20:06
95138,Kurla,20:15
97140,Kurla,20:09
97142,Kurla,20:13
97424,Kurla,20:17
97250,Kurla,20:20
95514,Kurla,20:29
97144,Kurla,20:25
96516,Sion,19:57
97420,Sion,20:02
97138,Sion,20:06
97422,Sion,20:10
97140,Sion,20:13
97142,Sion,20:17
97424,Sion,20:21
97250,Sion,20:24
97144,Sion,20:29
96516,Matunga,20:00
97420,Matunga,20:05
97138,Matunga,20:09
97422,Matunga,20:13
97140,Matunga,20:16
97142,Matunga,20:20
97424,Matunga,20:24
97250,Matunga,20:27
97144,Matunga,20:32
96516,Dadar,20:04
97420,Dadar,20:09
95338,Dadar,20:16
97138,Dadar,20:13
95426,Dadar,20:19
97422,Dadar,20:17
95138,Dadar,20:23
97140,Dadar,20:20
97142,Dadar,20:24
97424,Dadar,20:28
97250,Dadar,20:31
95514,Dadar,20:37
97144,Dadar,20:36
96516,Parel,20:07
97420,Parel,20:12
97138,Parel,20:16
97422,Parel,20:20
97140,Parel,20:23
97142,Parel,20:27
97424,Parel,20:31
97250,Parel,20:34
97144,Parel,20:39
96516,Currey road,20:11
97420,Currey road,20:15
97138,Currey road,20:19
97422,Currey road,20:23
97142,Currey road,20:30
97424,Currey road,20:34
97250,Currey road,20:37
97144,Currey road,20:42
96516,Chinchpokli,20:15
97420,Chinchpokli,20:18
97138,Chinchpokli,20:21
97422,Chinchpokli,20:26
97142,Chinchpokli,20:32
97424,Chinchpokli,20:36
97250,Chinchpokli,20:39
97144,Chinchpokli,20:44
96516,Byculla,20:17
97420,Byculla,20:20
97138,Byculla,20:23
95426,Byculla,20:26
97422,Byculla,20:28
95138,Byculla,20:32
97142,Byculla,20:35
97424,Byculla,20:39
97250,Byculla,20:42
95514,Byculla,20:43
97144,Byculla,20:46
96516,Sandhurst road,20:20
97420,Sandhurst road,20:23
97138,Sandhurst road,20:26
97422,Sandhurst road,20:31
97142,Sandhurst road,20:38
97424,Sandhurst road,20:42
97250,Sandhurst road,20:45
97144,Sandhurst road,20:49
96516,Masjid,20:23
97420,Masjid,20:26
97138,Masjid,20:29
97422,Masjid,20:34
97142,Masjid,20:41
97424,Masjid,20:45
97250,Masjid,20:48
97144,Masjid,20:52
96516,CSMT,20:26
97420,CSMT,20:30
97138,CSMT,20:34
95426,CSMT,20:35
97422,CSMT,20:38
95138,CSMT,20:41
97142,CSMT,20:44
97424,CSMT,20:48
97250,CSMT,20:52
95514,CSMT,20:55
97144,CSMT,20:56
96648,Titwala,19:45
96648,Ambivli,19:51
96648,Shahad,19:55
95140,Karjat,19:43
95140,Bhivpuri road,19:52
95140,Neral,19:59
95140,Shelu,20:03
95140,Vangani,20:07
95240,Badlapur,19:34
95242,Badlapur,20:03
95140,Badlapur,20:15
95240,Ambernath,19:42
96326,Ambernath,19:37
95340,Ambernath,20:05
95242,Ambernath,20:11
95140,Ambernath,20:22
95240,Ulhas nagar,19:46
96326,Ulhas nagar,19:42
95340,Ulhas nagar,20:10
95242,Ulhas nagar,20:15
95140,Ulhas nagar,20:26
95240,Vithalwadi,19:49
96326,Vithalwadi,19:45
95340,Vithalwadi,20:13
95242,Vithalwadi,20:18
95140,Vithalwadi,20:29
97146,Thakurli,19:44
97148,Thakurli,19:51
97150,Thakurli,19:54
96326,Thakurli,19:58
97152,Thakurli,20:03
96648,Thakurli,20:10
97154,Thakurli,20:17
95240,Dombivli,20:02
97146,Dombivli,19:47
97252,Dombivli,19:50
97148,Dombivli,19:54
97150,Dombivli,19:57
96326,Dombivli,20:01
95340,Dombivli,20:25
97152,Dombivli,20:07
95242,Dombivli,20:29
96648,Dombivli,20:14
97154,Dombivli,20:20
95140,Dombivli,20:42
97254,Dombivli,20:23
95746,Dombivli,20:48
97146,Kopar,19:50
97252,Kopar,19:54
97148,Kopar,19:57
97150,Kopar,20:01
96326,Kopar,20:05
97152,Kopar,20:10
96648,Kopar,20:17
97154,Kopar,20:23
97254,Kopar,20:27
97146,Diwa,19:55
97252,Diwa,19:59
97148,Diwa,20:02
97150,Diwa,20:06
96326,Diwa,20:10
97152,Diwa,20:15
96648,Diwa,20:22
97154,Diwa,20:28
97254,Diwa,20:32
97146,Mumbra,19:59
97252,Mumbra,20:03
97148,Mumbra,20:06
97150,Mumbra,20:10
96326,Mumbra,20:14
97152,Mumbra,20:19
96648,Mumbra,20:26
97154,Mumbra,20:32
97254,Mumbra,20:36
97146,Kalva,20:05
97252,Kalva,20:09
97148,Kalva,20:12
97150,Kalva,20:16
96326,Kalva,20:20
97152,Kalva,20:25
96648,Kalva,20:32
97154,Kalva,20:38
97254,Kalva,20:42
95240,Thane,20:17
97426,Thane,20:01
97146,Thane,20:10
97252,Thane,20:14
97148,Thane,20:17
97150,Thane,20:21
96326,Thane,20:26
95340,Thane,20:40
97152,Thane,20:30
95242,Thane,20:44
96648,Thane,20:37
97154,Thane,20:43
95140,Thane,20:57
97254,Thane,20:47
95746,Thane,21:04
97426,Mulund,20:07
97146,Mulund,20:14
97252,Mulund,20:19
97148,Mulund,20:22
96326,Mulund,20:31
97152,Mulund,20:35
95242,Mulund,20:48
96648,Mulund,20:42
97154,Mulund,20:49
97254,Mulund,20:53
97426,Nahur,20:10
97146,Nahur,20:17
97252,Nahur,20:22
97148,Nahur,20:25
96326,Nahur,20:34
97152,Nahur,20:38
96648,Nahur,20:45
97154,Nahur,20:52
97254,Nahur,20:56
97426,Bhandup,20:13
97146,Bhandup,20:20
97252,Bhandup,20:25
97148,Bhandup,20:29
96326,Bhandup,20:37
95340,Bhandup,20:51
97152,Bhandup,20:41
96648,Bhandup,20:48
97154,Bhandup,20:55
97254,Bhandup,20:59
97426,Kanjur marg,20:16
97146,Kanjur marg,20:23
97252,Kanjur marg,20:28
97148,Kanjur marg,20:32
96326,Kanjur marg,20:40
97152,Kanjur marg,20:44
96648,Kanjur marg,20:51
97154,Kanjur marg,20:58
97254,Kanjur marg,21:02
97426,Vikhroli,20:19
97146,Vikhroli,20:26
97252,Vikhroli,20:31
97148,Vikhroli,20:35
96326,Vikhroli,20:43
97152,Vikhroli,20:47
96648,Vikhroli,20:54
97154,Vikhroli,21:01
97254,Vikhroli,21:05
95240,Ghatkopar,20:32
97426,Ghatkopar,20:23
97146,Ghatkopar,20:30
97252,Ghatkopar,20:35
97148,Ghatkopar,20:39
96326,Ghatkopar,20:47
95340,Ghatkopar,20:57
97152,Ghatkopar,20:51
95242,Ghatkopar,21:00
96648,Ghatkopar,20:58
97154,Ghatkopar,21:05
95140,Ghatkopar,21:12
97254,Ghatkopar,21:09
95746,Ghatkopar,21:17
97426,Vidyavihar,20:26
97146,Vidyavihar,20:33
97252,Vidyavihar,20:38
97148,Vidyavihar,20:42
96326,Vidyavihar,20:50
97152,Vidyavihar,20:54
96648,Vidyavihar,21:01
97154,Vidyavihar,21:08
97254,Vidyavihar,21:12
95240,Kurla,20:36
97426,Kurla,20:29
97146,Kurla,20:36
97252,Kurla,20:41
97148,Kurla,20:45
96326,Kurla,20:53
95340,Kurla,21:01
97152,Kurla,20:57
95242,Kurla,21:04
96648,Kurla,21:04
97154,Kurla,21:11
95140,Kurla,21:16
97254,Kurla,21:15
95746,Kurla,21:22
97426,Sion,20:33
97146,Sion,20:40
97252,Sion,20:45
97148,Sion,20:49
96326,Sion,20:57
97152,Sion,21:01
96648,Sion,21:08
97154,Sion,21:15
97254,Sion,21:19
97426,Matunga,20:36
97146,Matunga,20:43
97252,Matunga,20:48
97148,Matunga,20:52
96326,Matunga,21:00
97152,Matunga,21:04
96648,Matunga,21:11
97154,Matunga,21:18
97254,Matunga,21:22
95240,Dadar,20:44
97426,Dadar,20:40
97146,Dadar,20:47
97252,Dadar,20:52
97148,Dadar,20:56
96326,Dadar,21:04
95340,Dadar,21:09
97152,Dadar,21:08
95242,Dadar,21:13
96648,Dadar,21:15
97154,Dadar,21:22
95140,Dadar,21:24
97254,Dadar,21:26
95746,Dadar,21:30
97426,Parel,20:43
97146,Parel,20:50
97252,Parel,20:55
97148,Parel,20:59
96326,Parel,21:07
97152,Parel,21:11
96648,Parel,21:18
97154,Parel,21:25
97254,Parel,21:29
97426,Currey road,20:46
97252,Currey road,20:58
97148,Currey road,21:02
96326,Currey road,21:10
97152,Currey road,21:14
96648,Currey road,21:21
97254,Currey road,21:32
97426,Chinchpokli,20:48
97252,Chinchpokli,21:00
97148,Chinchpokli,21:04
96326,Chinchpokli,21:12
97152,Chinchpokli,21:16
96648,Chinchpokli,21:23
97254,Chinchpokli,21:34
95240,Byculla,20:50
97426,Byculla,20:50
97252,Byculla,21:03
97148,Byculla,21:06
96326,Byculla,21:14
95340,Byculla,21:17
97152,Byculla,21:18
95242,Byculla,21:21
96648,Byculla,21:25
95140,Byculla,21:30
97254,Byculla,21:36
97426,Sandhurst road,20:53
97252,Sandhurst road,21:06
97148,Sandhurst road,21:09
96326,Sandhurst road,21:17
97152,Sandhurst road,21:21
96648,Sandhurst road,21:28
97254,Sandhurst road,21:39
97426,Masjid,20:56
97252,Masjid,21:09
97148,Masjid,21:12
96326,Masjid,21:20
97152,Masjid,21:24
96648,Masjid,21:31
97254,Masjid,21:42
95240,CSMT,20:59
97426,CSMT,20:59
97252,CSMT,21:12
97148,CSMT,21:16
96326,CSMT,21:24
95340,CSMT,21:27
97152,CSMT,21:28
95242,CSMT,21:32
96648,CSMT,21:35
95140,CSMT,21:39
97254,CSMT,21:45
96518,Asangaon,19:42
95516,Asangaon,20:33
96518,Vasind,19:50
95516,Vasind,20:41
96518,Khadavli,19:57
95516,Khadavli,20:48
96518,Titwala,20:04
96650,Titwala,20:14
95516,Titwala,20:55
96652,Titwala,20:37
96518,Ambivli,20:10
96650,Ambivli,20:23
95516,Ambivli,21:01
96652,Ambivli,20:43
96518,Shahad,20:13
96650,Shahad,20:27
95516,Shahad,21:04
96652,Shahad,20:47
95244,Badlapur,20:46
96222,Badlapur,20:22
95342,Ambernath,20:50
95244,Ambernath,20:54
96222,Ambernath,20:30
95344,Ambernath,21:07
95342,Ulhas nagar,20:55
95244,Ulhas nagar,20:58
96222,Ulhas nagar,20:34
95344,Ulhas nagar,21:12
95342,Vithalwadi,20:58
95244,Vithalwadi,21:01
96222,Vithalwadi,20:37
95344,Vithalwadi,21:15
96518,Thakurli,20:27
97156,Thakurli,20:35
96650,Thakurli,20:40
97158,Thakurli,20:44
97160,Thakurli,20:49
96222,Thakurli,20:52
97162,Thakurli,20:57
96652,Thakurli,21:02
96518,Dombivli,20:30
97256,Dombivli,20:33
97156,Dombivli,20:38
96650,Dombivli,20:43
95342,Dombivli,21:11
97158,Dombivli,20:47
97160,Dombivli,20:52
95244,Dombivli,21:15
96222,Dombivli,20:55
95516,Dombivli,21:20
97162,Dombivli,21:00
95344,Dombivli,21:29
96652,Dombivli,21:05
97258,Dombivli,21:08
96518,Kopar,20:33
97256,Kopar,20:37
97156,Kopar,20:41
96650,Kopar,20:46
97158,Kopar,20:50
97160,Kopar,20:55
96222,Kopar,20:58
97162,Kopar,21:04
96652,Kopar,21:08
97258,Kopar,21:12
96518,Diwa,20:38
97256,Diwa,20:42
97156,Diwa,20:46
96650,Diwa,20:51
97158,Diwa,20:55
97160,Diwa,21:00
96222,Diwa,21:03
95516,Diwa,21:25
97162,Diwa,21:09
96652,Diwa,21:13
97258,Diwa,21:17
96518,Mumbra,20:42
97256,Mumbra,20:46
97156,Mumbra,20:50
96650,Mumbra,20:55
97158,Mumbra,20:59
97160,Mumbra,21:04
96222,Mumbra,21:07
97162,Mumbra,21:13
96652,Mumbra,21:18
97258,Mumbra,21:21
96518,Kalva,20:48
97256,Kalva,20:52
97156,Kalva,20:56
96650,Kalva,21:01
97158,Kalva,21:05
97160,Kalva,21:10
96222,Kalva,21:13
97162,Kalva,21:19
96652,Kalva,21:24
97258,Kalva,21:27
97428,Thane,20:50
96518,Thane,20:53
97256,Thane,20:57
97156,Thane,21:01
96650,Thane,21:06
95342,Thane,21:26
97158,Thane,21:10
97160,Thane,21:15
95244,Thane,21:30
96222,Thane,21:18
95516,Thane,21:35
97430,Thane,21:21
97162,Thane,21:24
95344,Thane,21:44
96652,Thane,21:29
97258,Thane,21:33
97428,Mulund,20:56
96518,Mulund,20:59
97256,Mulund,21:03
97156,Mulund,21:07
96650,Mulund,21:11
97158,Mulund,21:15
97160,Mulund,21:19
96222,Mulund,21:23
95516,Mulund,21:39
97430,Mulund,21:27
96652,Mulund,21:34
97258,Mulund,21:38
97428,Nahur,20:59
96518,Nahur,21:02
97256,Nahur,21:06
97156,Nahur,21:10
96650,Nahur,21:14
97158,Nahur,21:18
97160,Nahur,21:22
96222,Nahur,21:26
97430,Nahur,21:30
96652,Nahur,21:37
97258,Nahur,21:41
97428,Bhandup,21:02
96518,Bhandup,21:05
97256,Bhandup,21:09
97156,Bhandup,21:13
96650,Bhandup,21:17
97158,Bhandup,21:21
97160,Bhandup,21:25
96222,Bhandup,21:29
97430,Bhandup,21:33
96652,Bhandup,21:40
97258,Bhandup,21:44
97428,Kanjur marg,21:05
96518,Kanjur marg,21:08
97256,Kanjur marg,21:12
97156,Kanjur marg,21:16
96650,Kanjur marg,21:20
97158,Kanjur marg,21:24
97160,Kanjur marg,21:28
96222,Kanjur marg,21:32
97430,Kanjur marg,21:36
96652,Kanjur marg,21:43
97258,Kanjur marg,21:47
97428,Vikhroli,21:08
96518,Vikhroli,21:11
97256,Vikhroli,21:15
97156,Vikhroli,21:19
96650,Vikhroli,21:23
97158,Vikhroli,21:27
97160,Vikhroli,21:31
96222,Vikhroli,21:35
97430,Vikhroli,21:39
96652,Vikhroli,21:46
97258,Vikhroli,21:50
97428,Ghatkopar,21:12
96518,Ghatkopar,21:15
97256,Ghatkopar,21:19
97156,Ghatkopar,21:23
96650,Ghatkopar,21:27
95342,Ghatkopar,21:39
97158,Ghatkopar,21:31
97160,Ghatkopar,21:35
95244,Ghatkopar,21:43
96222,Ghatkopar,21:39
95516,Ghatkopar,21:51
97430,Ghatkopar,21:43
95344,Ghatkopar,21:59
96652,Ghatkopar,21:50
97258,Ghatkopar,21:54
97428,Vidyavihar,21:15
96518,Vidyavihar,21:18
97256,Vidyavihar,21:22
97156,Vidyavihar,21:26
96650,Vidyavihar,21:30
97158,Vidyavihar,21:34
97160,Vidyavihar,21:38
96222,Vidyavihar,21:42
97430,Vidyavihar,21:46
96652,Vidyavihar,21:53
97258,Vidyavihar,21:57
97428,Kurla,21:18
96518,Kurla,21:21
97256,Kurla,21:25
97156,Kurla,21:29
96650,Kurla,21:33
95342,Kurla,21:43
97158,Kurla,21:37
97160,Kurla,21:41
95244,Kurla,21:47
96222,Kurla,21:45
95516,Kurla,21:55
97430,Kurla,21:49
95344,Kurla,22:03
96652,Kurla,21:56
97258,Kurla,22:00
97428,Sion,21:22
96518,Sion,21:25
97256,Sion,21:29
97156,Sion,21:33
96650,Sion,21:37
97158,Sion,21:41
97160,Sion,21:45
96222,Sion,21:49
97430,Sion,21:53
96652,Sion,22:00
97258,Sion,22:04
97428,Matunga,21:25
96518,Matunga,21:28
97256,Matunga,21:32
97156,Matunga,21:36
96650,Matunga,21:40
97158,Matunga,21:44
97160,Matunga,21:48
96222,Matunga,21:52
97430,Matunga,21:56
96652,Matunga,22:03
97258,Matunga,22:07
97428,Dadar,21:29
96518,Dadar,21:32
97256,Dadar,21:36
97156,Dadar,21:40
96650,Dadar,21:44
95342,Dadar,21:51
97158,Dadar,21:48
97160,Dadar,21:52
95244,Dadar,21:55
96222,Dadar,21:56
95516,Dadar,22:03
97430,Dadar,22:00
95344,Dadar,22:11
96652,Dadar,22:07
97258,Dadar,22:11
97428,Parel,21:32
96518,Parel,21:35
97256,Parel,21:39
97156,Parel,21:43
96650,Parel,21:47
97158,Parel,21:51
97160,Parel,21:55
96222,Parel,21:59
97430,Parel,22:03
96652,Parel,22:10
97258,Parel,22:14
97428,Currey road,21:35
96518,Currey road,21:38
97256,Currey road,21:42
97156,Currey road,21:46
96650,Currey road,21:50
97158,Currey road,21:54
96222,Currey road,22:02
97430,Currey road,22:06
96652,Currey road,22:13
97258,Currey road,22:17
97428,Chinchpokli,21:37
96518,Chinchpokli,21:40
97256,Chinchpokli,21:44
97156,Chinchpokli,21:48
96650,Chinchpokli,21:52
97158,Chinchpokli,21:56
96222,Chinchpokli,22:04
97430,Chinchpokli,22:08
96652,Chinchpokli,22:16
97258,Chinchpokli,22:19
97428,Byculla,21:39
96518,Byculla,21:42
97256,Byculla,21:46
97156,Byculla,21:50
96650,Byculla,21:54
95342,Byculla,21:58
97158,Byculla,21:58
95244,Byculla,22:02
96222,Byculla,22:06
95516,Byculla,22:11
97430,Byculla,22:10
95344,Byculla,22:19
96652,Byculla,22:18
97258,Byculla,22:22
97428,Sandhurst road,21:42
96518,Sandhurst road,21:45
97256,Sandhurst road,21:49
97156,Sandhurst road,21:53
96650,Sandhurst road,21:57
97158,Sandhurst road,22:01
96222,Sandhurst road,22:09
97430,Sandhurst road,22:13
96652,Sandhurst road,22:21
97258,Sandhurst road,22:25
97428,Masjid,21:45
96518,Masjid,21:48
97256,Masjid,21:52
97156,Masjid,21:56
96650,Masjid,22:00
97158,Masjid,22:04
96222,Masjid,22:12
97430,Masjid,22:16
96652,Masjid,22:24
97258,Masjid,22:28
97428,CSMT,21:48
96518,CSMT,21:52
97256,CSMT,21:56
97156,CSMT,22:00
96650,CSMT,22:03
95342,CSMT,22:07
97158,CSMT,22:08
95244,CSMT,22:11
96222,CSMT,22:15
95516,CSMT,22:20
97430,CSMT,22:20
95344,CSMT,22:28
96652,CSMT,22:28
97258,CSMT,22:32
95428,Kasara,20:15
95428,Umbermali,20:26
95428,Khardi,20:32
95428,Thansit,20:37
95428,Atgaon,20:42
95428,Asangaon,20:52
95428,Vasind,20:58
95428,Khadavli,21:05
95428,Titwala,21:12
96654,Titwala,21:00
96656,Titwala,21:24
95428,Ambivli,21:18
96654,Ambivli,21:06
96656,Ambivli,21:30
95428,Shahad,21:21
96654,Shahad,21:10
96656,Shahad,21:34
96016,Khopoli,20:03
96016,Lowjee,20:07
96016,Dolavli,20:11
96016,Kelavli,20:14
96016,Palasdhari,20:21
96016,Karjat,20:28
95142,Karjat,20:38
95144,Karjat,21:10
95142,Bhivpuri road,20:47
95144,Bhivpuri road,21:19
95142,Neral,20:54
95144,Neral,21:26
95142,Shelu,20:58
95144,Shelu,21:30
95142,Vangani,21:02
95144,Vangani,21:34
95142,Badlapur,21:10
96224,Badlapur,21:06
95246,Badlapur,21:37
95144,Badlapur,21:42
95142,Ambernath,21:18
96224,Ambernath,21:14
95246,Ambernath,21:45
95144,Ambernath,21:49
96328,Ambernath,21:35
95142,Ulhas nagar,21:23
96224,Ulhas nagar,21:19
95246,Ulhas nagar,21:49
95144,Ulhas nagar,21:53
96328,Ulhas nagar,21:40
95142,Vithalwadi,21:26
96224,Vithalwadi,21:22
95246,Vithalwadi,21:52
95144,Vithalwadi,21:56
96328,Vithalwadi,21:43
97164,Thakurli,21:10
96654,Thakurli,21:21
97166,Thakurli,21:25
96224,Thakurli,21:34
97168,Thakurli,21:42
96656,Thakurli,21:46
96328,Thakurli,21:54
97164,Dombivli,21:13
95428,Dombivli,21:34
95142,Dombivli,21:40
96654,Dombivli,21:24
97166,Dombivli,21:28
96224,Dombivli,21:37
95246,Dombivli,22:03
95144,Dombivli,22:08
97168,Dombivli,21:45
96656,Dombivli,21:49
96328,Dombivli,21:57
97164,Kopar,21:16
96654,Kopar,21:27
97166,Kopar,21:31
96224,Kopar,21:40
97168,Kopar,21:48
96656,Kopar,21:52
96328,Kopar,22:00
97164,Diwa,21:21
96654,Diwa,21:32
97166,Diwa,21:36
96224,Diwa,21:45
97168,Diwa,21:53
96656,Diwa,21:57
96328,Diwa,22:05
97164,Mumbra,21:25
96654,Mumbra,21:36
97166,Mumbra,21:40
96224,Mumbra,21:49
97168,Mumbra,21:57
96656,Mumbra,22:01
96328,Mumbra,22:09
97164,Kalva,21:31
96654,Kalva,21:42
97166,Kalva,21:46
96224,Kalva,21:55
97168,Kalva,22:03
96656,Kalva,22:07
96328,Kalva,22:15
97164,Thane,21:36
97432,Thane,21:39
95428,Thane,21:50
95142,Thane,21:55
96654,Thane,21:47
97166,Thane,21:51
96224,Thane,22:00
95246,Thane,22:19
95144,Thane,22:24
97168,Thane,22:08
96656,Thane,22:12
97434,Thane,22:15
96328,Thane,22:20
97164,Mulund,21:41
97432,Mulund,21:45
95428,Mulund,21:54
95142,Mulund,21:59
96654,Mulund,21:52
97166,Mulund,21:56
96224,Mulund,22:05
95246,Mulund,22:23
95144,Mulund,22:28
97168,Mulund,22:13
96656,Mulund,22:17
97434,Mulund,22:21
96328,Mulund,22:24
97164,Nahur,21:44
97432,Nahur,21:48
96654,Nahur,21:55
97166,Nahur,21:59
96224,Nahur,22:08
97168,Nahur,22:16
96656,Nahur,22:20
97434,Nahur,22:24
96328,Nahur,22:27
97164,Bhandup,21:47
97432,Bhandup,21:51
96654,Bhandup,21:58
97166,Bhandup,22:02
96224,Bhandup,22:11
97168,Bhandup,22:19
96656,Bhandup,22:23
97434,Bhandup,22:27
96328,Bhandup,22:30
97164,Kanjur marg,21:50
97432,Kanjur marg,21:54
96654,Kanjur marg,22:01
97166,Kanjur marg,22:05
96224,Kanjur marg,22:14
97168,Kanjur marg,22:22
96656,Kanjur marg,22:26
97434,Kanjur marg,22:30
96328,Kanjur marg,22:33
97164,Vikhroli,21:53
97432,Vikhroli,21:57
96654,Vikhroli,22:04
97166,Vikhroli,22:08
96224,Vikhroli,22:17
97168,Vikhroli,22:25
96656,Vikhroli,22:29
97434,Vikhroli,22:33
96328,Vikhroli,22:36
97164,Ghatkopar,21:57
97432,Ghatkopar,22:01
95428,Ghatkopar,22:06
95142,Ghatkopar,22:09
96654,Ghatkopar,22:08
97166,Ghatkopar,22:12
96224,Ghatkopar,22:21
95246,Ghatkopar,22:32
95144,Ghatkopar,22:37
97168,Ghatkopar,22:29
96656,Ghatkopar,22:33
97434,Ghatkopar,22:37
96328,Ghatkopar,22:40
97164,Vidyavihar,22:00
97432,Vidyavihar,22:04
96654,Vidyavihar,22:11
97166,Vidyavihar,22:15
96224,Vidyavihar,22:24
97168,Vidyavihar,22:32
96656,Vidyavihar,22:36
97434,Vidyavihar,22:40
96328,Vidyavihar,22:43
97164,Kurla,22:03
97432,Kurla,22:07
95428,Kurla,22:10
95142,Kurla,22:13
96654,Kurla,22:14
97166,Kurla,22:18
97630,Kurla,22:22
96224,Kurla,22:27
95246,Kurla,22:36
95144,Kurla,22:41
97168,Kurla,22:35
96656,Kurla,22:39
97434,Kurla,22:43
96328,Kurla,22:46
97432,Sion,22:11
96654,Sion,22:18
97166,Sion,22:22
97630,Sion,22:26
96224,Sion,22:31
97168,Sion,22:39
96656,Sion,22:43
97434,Sion,22:47
96328,Sion,22:50
97432,Matunga,22:14
96654,Matunga,22:21
97166,Matunga,22:25
97630,Matunga,22:29
96224,Matunga,22:34
97168,Matunga,22:42
96656,Matunga,22:46
97434,Matunga,22:50
96328,Matunga,22:53
97432,Dadar,22:18
95428,Dadar,22:18
95142,Dadar,22:22
96654,Dadar,22:25
97166,Dadar,22:29
97630,Dadar,22:33
96224,Dadar,22:38
95246,Dadar,22:44
95144,Dadar,22:49
97168,Dadar,22:46
96656,Dadar,22:50
97434,Dadar,22:54
96328,Dadar,22:57
97432,Parel,22:21
96654,Parel,22:28
97166,Parel,22:32
97630,Parel,22:36
96224,Parel,22:41
97168,Parel,22:49
96656,Parel,22:53
97434,Parel,22:57
96328,Parel,23:00
96654,Currey road,22:31
97630,Currey road,22:39
96224,Currey road,22:44
97168,Currey road,22:52
96656,Currey road,22:56
96328,Currey road,23:03
96654,Chinchpokli,22:33
97630,Chinchpokli,22:41
96224,Chinchpokli,22:46
97168,Chinchpokli,22:54
96656,Chinchpokli,22:58
96328,Chinchpokli,23:05
95428,Byculla,22:24
95142,Byculla,22:28
96654,Byculla,22:35
97630,Byculla,22:43
96224,Byculla,22:48
95246,Byculla,22:52
95144,Byculla,22:55
97168,Byculla,22:56
96656,Byculla,23:00
96328,Byculla,23:08
96654,Sandhurst road,22:38
97630,Sandhurst road,22:46
96224,Sandhurst road,22:51
97168,Sandhurst road,22:59
96656,Sandhurst road,23:03
96328,Sandhurst road,23:11
96654,Masjid,22:41
97630,Masjid,22:49
96224,Masjid,22:54
97168,Masjid,23:02
96656,Masjid,23:06
96328,Masjid,23:14
95428,CSMT,22:35
95142,CSMT,22:41
96654,CSMT,22:45
97630,CSMT,22:53
96224,CSMT,22:57
95246,CSMT,23:01
95144,CSMT,23:04
97168,CSMT,23:05
96656,CSMT,23:09
96328,CSMT,23:18
95430,Kasara,21:21
95430,Umbermali,21:32
95430,Khardi,21:38
95430,Thansit,21:43
95430,Atgaon,21:48
95430,Asangaon,21:57
95430,Vasind,22:03
95430,Khadavli,22:10
95430,Titwala,22:17
96658,Titwala,22:06
96660,Titwala,22:25
95430,Ambivli,22:23
96658,Ambivli,22:12
96660,Ambivli,22:31
95430,Shahad,22:26
96658,Shahad,22:16
96660,Shahad,22:35
96018,Khopoli,21:09
96018,Lowjee,21:13
96018,Dolavli,21:17
96018,Kelavli,21:20
96018,Palasdhari,21:27
95146,Karjat,22:03
96018,Karjat,21:34
96110,Karjat,21:43
95146,Bhivpuri road,22:12
96110,Bhivpuri road,21:52
95146,Neral,22:19
96110,Neral,21:59
95146,Shelu,22:23
96110,Shelu,22:03
95146,Vangani,22:27
96110,Vangani,22:07
95248,Badlapur,21:58
95146,Badlapur,22:35
96110,Badlapur,22:15
95248,Ambernath,22:05
96330,Ambernath,22:01
95146,Ambernath,22:42
96332,Ambernath,22:15
96110,Ambernath,22:22
95248,Ulhas nagar,22:10
96330,Ulhas nagar,22:06
95146,Ulhas nagar,22:46
96332,Ulhas nagar,22:20
96110,Ulhas nagar,22:26
95248,Vithalwadi,22:13
96330,Vithalwadi,22:09
95146,Vithalwadi,22:49
96332,Vithalwadi,22:23
96110,Vithalwadi,22:29
97170,Thakurli,22:06
97172,Thakurli,22:12
96330,Thakurli,22:20
96658,Thakurli,22:28
97174,Thakurli,22:32
96332,Thakurli,22:36
96110,Thakurli,22:41
96660,Thakurli,22:50
97260,Dombivli,22:00
95248,Dombivli,22:28
97170,Dombivli,22:10
97172,Dombivli,22:15
95430,Dombivli,22:41
97262,Dombivli,22:18
96330,Dombivli,22:23
96658,Dombivli,22:31
97174,Dombivli,22:35
95146,Dombivli,23:00
96332,Dombivli,22:39
96110,Dombivli,22:44
97264,Dombivli,22:48
96660,Dombivli,22:53
97260,Kopar,22:04
97170,Kopar,22:13
97172,Kopar,22:18
97262,Kopar,22:22
96330,Kopar,22:26
96658,Kopar,22:34
97174,Kopar,22:39
96332,Kopar,22:43
96110,Kopar,22:47
97264,Kopar,22:52
96660,Kopar,22:56
97260,Diwa,22:09
97170,Diwa,22:18
97172,Diwa,22:23
97262,Diwa,22:27
96330,Diwa,22:31
96658,Diwa,22:39
97174,Diwa,22:44
95146,Diwa,23:05
96332,Diwa,22:48
96110,Diwa,22:52
97264,Diwa,22:57
96660,Diwa,23:01
97260,Mumbra,22:13
97170,Mumbra,22:22
97172,Mumbra,22:27
97262,Mumbra,22:31
96330,Mumbra,22:35
96658,Mumbra,22:43
97174,Mumbra,22:48
96332,Mumbra,22:52
96110,Mumbra,22:56
97264,Mumbra,23:01
96660,Mumbra,23:05
97260,Kalva,22:19
97170,Kalva,22:28
97172,Kalva,22:33
97262,Kalva,22:37
96330,Kalva,22:41
96658,Kalva,22:49
97174,Kalva,22:54
96332,Kalva,22:58
96110,Kalva,23:02
97264,Kalva,23:07
96660,Kalva,23:11
97260,Thane,22:24
95248,Thane,22:44
97170,Thane,22:33
97172,Thane,22:38
95430,Thane,22:58
97262,Thane,22:42
96330,Thane,22:46
96658,Thane,22:54
97174,Thane,22:59
95146,Thane,23:15
96332,Thane,23:03
96110,Thane,23:07
97264,Thane,23:12
96660,Thane,23:16
97260,Mulund,22:29
95248,Mulund,22:48
97170,Mulund,22:37
97172,Mulund,22:43
95430,Mulund,23:02
97262,Mulund,22:47
96330,Mulund,22:51
96658,Mulund,22:59
97174,Mulund,23:04
96332,Mulund,23:08
96110,Mulund,23:12
97264,Mulund,23:16
97260,Nahur,22:32
97170,Nahur,22:40
97172,Nahur,22:46
97262,Nahur,22:50
96330,Nahur,22:54
96658,Nahur,23:02
97174,Nahur,23:07
96332,Nahur,23:11
96110,Nahur,23:15
97264,Nahur,23:19
97260,Bhandup,22:35
97170,Bhandup,22:43
97172,Bhandup,22:49
97262,Bhandup,22:53
96330,Bhandup,22:57
96658,Bhandup,23:05
97174,Bhandup,23:10
96332,Bhandup,23:14
96110,Bhandup,23:18
97264,Bhandup,23:22
97260,Kanjur marg,22:38
97170,Kanjur marg,22:46
97172,Kanjur marg,22:52
97262,Kanjur marg,22:56
96330,Kanjur marg,23:00
96658,Kanjur marg,23:08
97174,Kanjur marg,23:13
96332,Kanjur marg,23:17
96110,Kanjur marg,23:21
97264,Kanjur marg,23:25
97260,Vikhroli,22:41
97170,Vikhroli,22:49
97172,Vikhroli,22:55
97262,Vikhroli,22:59
96330,Vikhroli,23:03
96658,Vikhroli,23:11
97174,Vikhroli,23:16
96332,Vikhroli,23:20
96110,Vikhroli,23:24
97264,Vikhroli,23:28
97260,Ghatkopar,22:45
95248,Ghatkopar,22:58
97170,Ghatkopar,22:53
97172,Ghatkopar,22:59
95430,Ghatkopar,23:12
97262,Ghatkopar,23:03
96330,Ghatkopar,23:07
96658,Ghatkopar,23:15
97174,Ghatkopar,23:20
95146,Ghatkopar,23:29
96332,Ghatkopar,23:25
96110,Ghatkopar,23:29
97264,Ghatkopar,23:32
97260,Vidyavihar,22:48
97170,Vidyavihar,22:56
97172,Vidyavihar,23:02
97262,Vidyavihar,23:06
96330,Vidyavihar,23:10
96658,Vidyavihar,23:18
97174,Vidyavihar,23:23
96332,Vidyavihar,23:28
96110,Vidyavihar,23:32
97264,Vidyavihar,23:35
97260,Kurla,22:51
95248,Kurla,23:02
97170,Kurla,22:59
97172,Kurla,23:05
95430,Kurla,23:16
97262,Kurla,23:09
96330,Kurla,23:13
96658,Kurla,23:21
97174,Kurla,23:26
95146,Kurla,23:33
96332,Kurla,23:31
96110,Kurla,23:35
97264,Kurla,23:38
97260,Sion,22:55
97170,Sion,23:03
97172,Sion,23:09
97262,Sion,23:13
96330,Sion,23:17
96658,Sion,23:25
97174,Sion,23:30
96332,Sion,23:35
96110,Sion,23:39
97264,Sion,23:42
97260,Matunga,22:58
97170,Matunga,23:06
97172,Matunga,23:12
97262,Matunga,23:16
96330,Matunga,23:20
96658,Matunga,23:28
97174,Matunga,23:33
96332,Matunga,23:39
96110,Matunga,23:43
97264,Matunga,23:46
97260,Dadar,23:02
95248,Dadar,23:10
97170,Dadar,23:10
97172,Dadar,23:16
95430,Dadar,23:24
97262,Dadar,23:20
96330,Dadar,23:24
96658,Dadar,23:32
97174,Dadar,23:37
95146,Dadar,23:43
96332,Dadar,23:42
96110,Dadar,23:46
97264,Dadar,23:49
97260,Parel,23:05
97170,Parel,23:13
97172,Parel,23:19
97262,Parel,23:23
96330,Parel,23:27
96658,Parel,23:35
97174,Parel,23:40
96332,Parel,23:45
96110,Parel,23:49
97264,Parel,23:52
97260,Currey road,23:08
97170,Currey road,23:16
97172,Currey road,23:22
97262,Currey road,23:26
96330,Currey road,23:30
96658,Currey road,23:38
97174,Currey road,23:43
96332,Currey road,23:48
96110,Currey road,23:52
97260,Chinchpokli,23:10
97170,Chinchpokli,23:18
97172,Chinchpokli,23:24
97262,Chinchpokli,23:28
96330,Chinchpokli,23:32
96658,Chinchpokli,23:40
97174,Chinchpokli,23:45
96332,Chinchpokli,23:50
96110,Chinchpokli,23:54
97260,Byculla,23:12
95248,Byculla,23:17
97170,Byculla,23:20
97172,Byculla,23:27
95430,Byculla,23:30
97262,Byculla,23:31
96330,Byculla,23:35
96658,Byculla,23:43
97174,Byculla,23:48
95146,Byculla,23:50
96332,Byculla,23:52
96110,Byculla,23:56
97260,Sandhurst road,23:15
97170,Sandhurst road,23:23
97172,Sandhurst road,23:30
97262,Sandhurst road,23:34
96330,Sandhurst road,23:38
96658,Sandhurst road,23:46
97174,Sandhurst road,23:51
96332,Sandhurst road,23:55
96110,Sandhurst road,23:59
97260,Masjid,23:18
97170,Masjid,23:26
97172,Masjid,23:33
97262,Masjid,23:37
96330,Masjid,23:41
96658,Masjid,23:49
97174,Masjid,23:54
96332,Masjid,23:58
96110,Masjid,00:02
97260,CSMT,23:22
95248,CSMT,23:27
97170,CSMT,23:30
97172,CSMT,23:36
95430,CSMT,23:38
97262,CSMT,23:40
96330,CSMT,23:44
96658,CSMT,23:53
97174,CSMT,23:58
95146,CSMT,23:59
96332,CSMT,00:02
96110,CSMT,00:06
96406,Kasara,22:00
96406,Umbermali,22:11
96406,Khardi,22:17
96406,Thansit,22:22
96406,Atgaon,22:27
96520,Asangaon,22:10
96406,Asangaon,22:36
96522,Asangaon,23:08
96520,Vasind,22:18
96406,Vasind,22:42
96522,Vasind,23:15
96520,Khadavli,22:25
96406,Khadavli,22:49
96522,Khadavli,23:22
96520,Titwala,22:33
96406,Titwala,22:57
96662,Titwala,23:14
96522,Titwala,23:29
96520,Ambivli,22:41
96406,Ambivli,23:05
96662,Ambivli,23:20
96522,Ambivli,23:35
96520,Shahad,22:44
96406,Shahad,23:08
96662,Shahad,23:24
96522,Shahad,23:38
96020,Khopoli,22:15
96022,Khopoli,23:20
96020,Lowjee,22:19
96022,Lowjee,23:24
96020,Dolavli,22:23
96022,Dolavli,23:28
96020,Kelavli,22:26
96022,Kelavli,23:31
96020,Palasdhari,22:33
96022,Palasdhari,23:38
96020,Karjat,22:41
96022,Karjat,23:45
96020,Bhivpuri road,22:50
96020,Neral,22:57
96020,Shelu,23:01
96020,Vangani,23:05
96226,Badlapur,22:40
96228,Badlapur,23:04
96020,Badlapur,23:14
96230,Badlapur,23:29
96226,Ambernath,22:48
96228,Ambernath,23:13
96020,Ambernath,23:21
96230,Ambernath,23:37
96226,Ulhas nagar,22:52
96228,Ulhas nagar,23:17
96020,Ulhas nagar,23:25
96230,Ulhas nagar,23:41
96226,Vithalwadi,22:55
96228,Vithalwadi,23:20
96020,Vithalwadi,23:28
96230,Vithalwadi,23:44
96520,Thakurli,22:57
97176,Thakurli,23:01
96226,Thakurli,23:06
97178,Thakurli,23:09
96406,Thakurli,23:22
97180,Thakurli,23:24
96228,Thakurli,23:33
96662,Thakurli,23:36
96020,Thakurli,23:42
96522,Thakurli,23:50
97182,Thakurli,23:54
96230,Thakurli,23:58
96520,Dombivli,23:00
97176,Dombivli,23:04
95748,Dombivli,23:22
96226,Dombivli,23:09
97178,Dombivli,23:12
96406,Dombivli,23:25
97180,Dombivli,23:27
96228,Dombivli,23:36
96662,Dombivli,23:39
96020,Dombivli,23:45
96522,Dombivli,23:53
97182,Dombivli,23:57
96230,Dombivli,00:01
96520,Kopar,23:03
97176,Kopar,23:08
96226,Kopar,23:12
97178,Kopar,23:15
96406,Kopar,23:28
97180,Kopar,23:30
96228,Kopar,23:39
96662,Kopar,23:42
96020,Kopar,23:48
96522,Kopar,23:56
96230,Kopar,00:04
96520,Diwa,23:08
97176,Diwa,23:13
96226,Diwa,23:17
97178,Diwa,23:20
96406,Diwa,23:33
97180,Diwa,23:35
96228,Diwa,23:44
96662,Diwa,23:47
96020,Diwa,23:53
96522,Diwa,00:01
97182,Diwa,00:05
96230,Diwa,00:09
96520,Mumbra,23:12
97176,Mumbra,23:17
96226,Mumbra,23:21
97178,Mumbra,23:24
96406,Mumbra,23:37
97180,Mumbra,23:39
96228,Mumbra,23:48
96662,Mumbra,23:51
96020,Mumbra,23:57
96522,Mumbra,00:05
97182,Mumbra,00:09
96230,Mumbra,00:13
96520,Kalva,23:18
97176,Kalva,23:23
96226,Kalva,23:27
97178,Kalva,23:30
96406,Kalva,23:43
97180,Kalva,23:45
96228,Kalva,23:54
96662,Kalva,23:57
96020,Kalva,00:03
96522,Kalva,00:11
97182,Kalva,00:15
96230,Kalva,00:19
96520,Thane,23:23
97176,Thane,23:28
95748,Thane,23:40
96226,Thane,23:32
97178,Thane,23:35
97436,Thane,23:40
96406,Thane,23:49
97180,Thane,23:50
96228,Thane,23:59
96662,Thane,00:03
96020,Thane,00:09
96522,Thane,00:16
97182,Thane,00:20
96230,Thane,00:24
96520,Mulund,23:27
97176,Mulund,23:33
95748,Mulund,23:44
96226,Mulund,23:36
97436,Mulund,23:44
96406,Mulund,23:53
96020,Mulund,00:13
96230,Mulund,00:28
96520,Nahur,23:30
97176,Nahur,23:36
96226,Nahur,23:39
97436,Nahur,23:47
96406,Nahur,23:56
96020,Nahur,00:16
96230,Nahur,00:31
96520,Bhandup,23:33
97176,Bhandup,23:39
96226,Bhandup,23:42
97436,Bhandup,23:50
96406,Bhandup,23:59
96020,Bhandup,00:19
96230,Bhandup,00:34
96520,Kanjur marg,23:36
97176,Kanjur marg,23:42
96226,Kanjur marg,23:45
97436,Kanjur marg,23:53
96406,Kanjur marg,00:02
96020,Kanjur marg,00:22
96230,Kanjur marg,00:37
96520,Vikhroli,23:39
97176,Vikhroli,23:45
96226,Vikhroli,23:48
97436,Vikhroli,23:56
96406,Vikhroli,00:05
96020,Vikhroli,00:25
96230,Vikhroli,00:40
96520,Ghatkopar,23:44
97176,Ghatkopar,23:49
95748,Ghatkopar,23:54
96226,Ghatkopar,23:53
96406,Ghatkopar,00:10
96020,Ghatkopar,00:29
96230,Ghatkopar,00:45
96520,Vidyavihar,23:47
97176,Vidyavihar,23:52
96226,Vidyavihar,23:56
97436,Vidyavihar,00:03
96406,Vidyavihar,00:13
96020,Vidyavihar,00:32
96230,Vidyavihar,00:48
96520,Kurla,23:50
97176,Kurla,23:55
95748,Kurla,23:58
96226,Kurla,23:59
97436,Kurla,00:06
96406,Kurla,00:16
96020,Kurla,00:35
96230,Kurla,00:51
96520,Sion,23:54
96226,Sion,00:03
96406,Sion,00:20
96020,Sion,00:39
96230,Sion,00:55
96520,Matunga,23:58
96226,Matunga,00:07
96406,Matunga,00:24
96020,Matunga,00:42
96230,Matunga,00:59
96520,Dadar,00:01
95748,Dadar,00:06
96226,Dadar,00:10
96406,Dadar,00:27
96020,Dadar,00:46
96230,Dadar,01:02
96520,Parel,00:04
96226,Parel,00:13
96406,Parel,00:29
96020,Parel,00:49
96230,Parel,01:04
96520,Currey road,00:07
96406,Currey road,00:32
96020,Currey road,00:52
96230,Currey road,01:07
96520,Chinchpokli,00:09
96406,Chinchpokli,00:34
96020,Chinchpokli,00:54
96230,Chinchpokli,01:09
96520,Byculla,00:11
95748,Byculla,00:12
96406,Byculla,00:36
96020,Byculla,00:56
96230,Byculla,01:11
96520,Sandhurst road,00:14
96406,Sandhurst road,00:39
96020,Sandhurst road,00:59
96230,Sandhurst road,01:14
96520,Masjid,00:17
96406,Masjid,00:42
96020,Masjid,01:02
96230,Masjid,01:17
96520,CSMT,00:20
95748,CSMT,00:22
96406,CSMT,00:45
96020,CSMT,01:05
96230,CSMT,01:20
