train_number,station,time
96301,CSMT,00:02
97601,CSMT,00:05
96401,CSMT,00:08
96101,CSMT,00:12
97301,CSMT,00:24
96403,CSMT,04:19
95001,CSMT,04:35
96107,CSMT,04:47
97003,CSMT,05:00
96405,CSMT,05:07
96505,CSMT,05:12
96303,CSMT,05:16
95701,CSMT,05:20
96301,Masjid,00:05
97601,Masjid,00:08
96401,Masjid,00:11
96101,Masjid,00:15
97301,Masjid,00:27
96403,Masjid,04:22
96107,Masjid,04:50
97003,Masjid,05:03
96405,Masjid,05:10
96505,Masjid,05:15
96303,Masjid,05:19
96301,Sandhurst Road,00:07
97601,Sandhurst Road,00:10
96401,Sandhurst Road,00:13
96101,Sandhurst Road,00:17
97301,Sandhurst Road,00:29
96403,Sandhurst Road,04:24
96107,Sandhurst Road,04:52
97003,Sandhurst Road,05:05
96405,Sandhurst Road,05:12
96505,Sandhurst Road,05:17
96303,Sandhurst Road,05:21
96301,Byculla,00:10
97601,Byculla,00:13
96401,Byculla,00:16
96101,Byculla,00:20
97301,Byculla,00:32
96403,Byculla,04:27
95001,Byculla,04:42
96107,Byculla,04:55
97003,Byculla,05:08
96405,Byculla,05:15
96505,Byculla,05:20
96303,Byculla,05:24
95701,Byculla,05:27
96301,Chinchpokli,00:12
97601,Chinchpokli,00:15
96401,Chinchpokli,00:18
96101,Chinchpokli,00:22
97301,Chinchpokli,00:34
96403,Chinchpokli,04:29
96107,Chinchpokli,04:57
97003,Chinchpokli,05:10
96405,Chinchpokli,05:17
96505,Chinchpokli,05:22
96303,Chinchpokli,05:26
96301,Currey Road,00:14
97601,Currey Road,00:17
96401,Currey Road,00:20
96101,Currey Road,00:24
97301,Currey Road,00:36
96403,Currey Road,04:31
96107,Currey Road,04:59
97003,Currey Road,05:12
96405,Currey Road,05:19
96505,Currey Road,05:24
96303,Currey Road,05:28
96301,Parel,00:17
97601,Parel,00:20
96401,Parel,00:23
96101,Parel,00:27
97301,Parel,00:39
96403,Parel,04:34
96107,Parel,05:02
97003,Parel,05:15
96405,Parel,05:22
96505,Parel,05:27
96303,Parel,05:31
96301,Dadar,00:20
97601,Dadar,00:23
96401,Dadar,00:26
96101,Dadar,00:30
97301,Dadar,00:42
96403,Dadar,04:37
95001,Dadar,04:48
96107,Dadar,05:05
97003,Dadar,05:18
96405,Dadar,05:25
96505,Dadar,05:30
96303,Dadar,05:34
95701,Dadar,05:33
96301,Matunga,00:23
97601,Matunga,00:26
96401,Matunga,00:29
96101,Matunga,00:33
97301,Matunga,00:45
96403,Matunga,04:40
96107,Matunga,05:08
97003,Matunga,05:21
96405,Matunga,05:28
96505,Matunga,05:33
96303,Matunga,05:37
96301,Sion,00:26
97601,Sion,00:29
96401,Sion,00:32
96101,Sion,00:36
97301,Sion,00:48
96403,Sion,04:43
96107,Sion,05:11
97003,Sion,05:24
96405,Sion,05:31
96505,Sion,05:36
96303,Sion,05:40
96301,Kurla,00:30
97601,Kurla,00:33
96401,Kurla,00:36
96101,Kurla,00:40
97301,Kurla,00:52
96403,Kurla,04:47
95001,Kurla,04:57
97303,Kurla,04:58
96107,Kurla,05:15
97003,Kurla,05:28
96405,Kurla,05:35
96505,Kurla,05:40
96303,Kurla,05:44
95701,Kurla,05:40
96301,Vidyavihar,00:33
96401,Vidyavihar,00:39
96101,Vidyavihar,00:43
97301,Vidyavihar,00:55
96601,Vidyavihar,04:45
96403,Vidyavihar,04:50
97303,Vidyavihar,05:01
96107,Vidyavihar,05:18
96201,Vidyavihar,05:26
97003,Vidyavihar,05:31
97005,Vidyavihar,05:34
96405,Vidyavihar,05:38
96505,Vidyavihar,05:43
96303,Vidyavihar,05:47
96301,Ghatkopar,00:36
96401,Ghatkopar,00:42
96101,Ghatkopar,00:46
97301,Ghatkopar,00:58
96601,Ghatkopar,04:48
96403,Ghatkopar,04:53
95001,Ghatkopar,05:02
97303,Ghatkopar,05:04
96107,Ghatkopar,05:21
96201,Ghatkopar,05:29
97003,Ghatkopar,05:34
97005,Ghatkopar,05:37
96405,Ghatkopar,05:41
96505,Ghatkopar,05:46
96303,Ghatkopar,05:50
95701,Ghatkopar,05:44
96301,Vikhroli,00:40
96401,Vikhroli,00:46
96101,Vikhroli,00:50
97301,Vikhroli,01:02
96601,Vikhroli,04:52
96403,Vikhroli,04:57
97303,Vikhroli,05:08
96107,Vikhroli,05:25
96201,Vikhroli,05:33
97003,Vikhroli,05:38
97005,Vikhroli,05:41
96405,Vikhroli,05:45
96505,Vikhroli,05:50
96303,Vikhroli,05:54
96301,Kanjur Marg,00:43
96401,Kanjur Marg,00:49
96101,Kanjur Marg,00:53
97301,Kanjur Marg,01:05
96601,Kanjur Marg,04:55
96403,Kanjur Marg,05:00
97303,Kanjur Marg,05:11
96107,Kanjur Marg,05:28
96201,Kanjur Marg,05:36
97003,Kanjur Marg,05:41
97005,Kanjur Marg,05:44
96405,Kanjur Marg,05:48
96505,Kanjur Marg,05:53
96303,Kanjur Marg,05:57
96301,Bhandup,00:46
96401,Bhandup,00:52
96101,Bhandup,00:56
97301,Bhandup,01:08
96601,Bhandup,04:58
96403,Bhandup,05:03
97303,Bhandup,05:14
96107,Bhandup,05:31
96201,Bhandup,05:39
97003,Bhandup,05:44
97005,Bhandup,05:47
96405,Bhandup,05:51
96505,Bhandup,05:56
96303,Bhandup,06:00
96301,Nahur,00:49
96401,Nahur,00:55
96101,Nahur,00:59
97301,Nahur,01:11
96601,Nahur,05:01
96403,Nahur,05:06
97303,Nahur,05:17
96107,Nahur,05:34
96201,Nahur,05:42
97003,Nahur,05:47
97005,Nahur,05:50
96405,Nahur,05:54
96505,Nahur,05:59
96303,Nahur,06:03
96301,Mulund,00:52
96401,Mulund,00:58
96101,Mulund,01:02
97301,Mulund,01:14
96601,Mulund,05:04
96403,Mulund,05:09
97303,Mulund,05:20
96107,Mulund,05:37
96201,Mulund,05:45
97003,Mulund,05:50
97005,Mulund,05:53
96405,Mulund,05:57
96505,Mulund,06:02
96303,Mulund,06:06
96301,Thane,00:56
96401,Thane,01:02
96101,Thane,01:06
97301,Thane,01:19
96103,Thane,05:00
97001,Thane,05:04
96601,Thane,05:09
96403,Thane,05:14
97201,Thane,05:20
95001,Thane,05:20
97303,Thane,05:25
96105,Thane,05:27
96603,Thane,05:35
96107,Thane,05:42
96503,Thane,05:46
96201,Thane,05:50
97003,Thane,05:54
97005,Thane,05:58
96405,Thane,06:02
96505,Thane,06:07
96303,Thane,06:11
95701,Thane,06:01
96301,Kalva,01:01
96401,Kalva,01:07
96101,Kalva,01:11
96103,Kalva,05:05
97001,Kalva,05:09
96601,Kalva,05:14
96403,Kalva,05:19
97201,Kalva,05:25
96105,Kalva,05:32
96603,Kalva,05:40
96107,Kalva,05:47
96503,Kalva,05:51
96201,Kalva,05:55
97003,Kalva,05:59
97005,Kalva,06:03
96405,Kalva,06:07
96505,Kalva,06:12
96303,Kalva,06:16
96301,Mumbra,01:07
96401,Mumbra,01:13
96101,Mumbra,01:17
96103,Mumbra,05:11
97001,Mumbra,05:15
96601,Mumbra,05:20
96403,Mumbra,05:25
97201,Mumbra,05:31
96105,Mumbra,05:38
96603,Mumbra,05:46
96107,Mumbra,05:53
96503,Mumbra,05:57
96201,Mumbra,06:01
97003,Mumbra,06:05
97005,Mumbra,06:09
96405,Mumbra,06:13
96505,Mumbra,06:18
96303,Mumbra,06:22
96301,Diva,01:11
96401,Diva,01:17
96101,Diva,01:21
96103,Diva,05:15
97001,Diva,05:19
96601,Diva,05:24
96403,Diva,05:29
97201,Diva,05:35
96105,Diva,05:42
96603,Diva,05:50
96107,Diva,05:57
96503,Diva,06:01
96201,Diva,06:05
97003,Diva,06:09
97005,Diva,06:13
96405,Diva,06:17
96505,Diva,06:22
96303,Diva,06:26
96301,Kopar,01:16
96401,Kopar,01:22
96101,Kopar,01:26
96103,Kopar,05:20
97001,Kopar,05:24
96601,Kopar,05:29
96403,Kopar,05:34
97201,Kopar,05:40
96105,Kopar,05:47
96603,Kopar,05:55
96107,Kopar,06:02
96503,Kopar,06:06
96201,Kopar,06:10
97003,Kopar,06:14
97005,Kopar,06:18
96405,Kopar,06:22
96505,Kopar,06:27
96303,Kopar,06:31
96301,Dombivli,01:20
96401,Dombivli,01:26
96101,Dombivli,01:30
96103,Dombivli,05:23
97001,Dombivli,05:27
96601,Dombivli,05:32
96403,Dombivli,05:37
97201,Dombivli,05:43
95001,Dombivli,05:36
96105,Dombivli,05:50
96603,Dombivli,05:58
96107,Dombivli,06:05
96503,Dombivli,06:09
96201,Dombivli,06:13
97003,Dombivli,06:17
97005,Dombivli,06:21
96405,Dombivli,06:25
96505,Dombivli,06:30
96303,Dombivli,06:34
95701,Dombivli,06:17
96301,Thakurli,01:24
96401,Thakurli,01:30
96101,Thakurli,01:34
96103,Thakurli,05:27
97001,Thakurli,05:31
96601,Thakurli,05:36
96403,Thakurli,05:41
96105,Thakurli,05:54
96603,Thakurli,06:02
96107,Thakurli,06:09
96503,Thakurli,06:13
96201,Thakurli,06:17
97003,Thakurli,06:21
97005,Thakurli,06:25
96405,Thakurli,06:29
96505,Thakurli,06:34
96303,Thakurli,06:38
96301,Kalyan,01:30
96401,Kalyan,01:37
96101,Kalyan,01:40
96501,Kalyan,05:28
96103,Kalyan,05:34
97001,Kalyan,05:36
96601,Kalyan,05:42
96403,Kalyan,05:48
95001,Kalyan,05:53
96105,Kalyan,06:01
96603,Kalyan,06:08
96107,Kalyan,06:16
96503,Kalyan,06:20
96201,Kalyan,06:23
97003,Kalyan,06:27
97005,Kalyan,06:31
96405,Kalyan,06:36
96505,Kalyan,06:41
96303,Kalyan,06:45
95701,Kalyan,06:24
96301,Vithalwadi,01:35
96101,Vithalwadi,01:44
96103,Vithalwadi,05:38
95001,Vithalwadi,05:57
96105,Vithalwadi,06:05
96107,Vithalwadi,06:20
96201,Vithalwadi,06:27
96303,Vithalwadi,06:49
96301,Ulhas Nagar,01:38
96101,Ulhas Nagar,01:47
96103,Ulhas Nagar,05:41
95001,Ulhas Nagar,06:00
96105,Ulhas Nagar,06:08
96107,Ulhas Nagar,06:23
96201,Ulhas Nagar,06:30
96303,Ulhas Nagar,06:52
96301,Ambernath,01:46
96101,Ambernath,01:51
96103,Ambernath,05:45
95001,Ambernath,06:04
96105,Ambernath,06:12
96107,Ambernath,06:27
96201,Ambernath,06:34
96303,Ambernath,06:58
96101,Badlapur,01:58
96103,Badlapur,05:52
95001,Badlapur,06:11
96105,Badlapur,06:19
96107,Badlapur,06:34
96201,Badlapur,06:43
96101,Vangani,02:06
96103,Vangani,06:01
95001,Vangani,06:20
96105,Vangani,06:28
96107,Vangani,06:43
96101,Shelu,02:10
96103,Shelu,06:05
95001,Shelu,06:24
96105,Shelu,06:32
96107,Shelu,06:47
96101,Neral,02:14
96103,Neral,06:09
95001,Neral,06:28
96105,Neral,06:36
96107,Neral,06:51
96101,Bhivpuri Road,02:21
96103,Bhivpuri Road,06:16
95001,Bhivpuri Road,06:35
96105,Bhivpuri Road,06:43
96107,Bhivpuri Road,06:58
96101,Karjat,02:33
96001,Karjat,05:43
96103,Karjat,06:25
95001,Karjat,06:44
96105,Karjat,06:52
96107,Karjat,07:08
96001,Palasdhari,05:48
95001,Palasdhari,06:49
96001,Kelavli,05:55
95001,Kelavli,06:56
96001,Dolavli,05:58
95001,Dolavli,06:59
96001,Lowjee,06:02
95001,Lowjee,07:03
96001,Khopoli,06:08
95001,Khopoli,07:09
96401,Shahad,01:41
96501,Shahad,05:32
96601,Shahad,05:46
96403,Shahad,05:52
96603,Shahad,06:12
96503,Shahad,06:25
96405,Shahad,06:40
96505,Shahad,06:45
96401,Ambivli,01:44
96501,Ambivli,05:35
96601,Ambivli,05:49
96403,Ambivli,05:55
96603,Ambivli,06:15
96503,Ambivli,06:28
96405,Ambivli,06:43
96505,Ambivli,06:48
96401,Titwala,01:50
96501,Titwala,05:41
96601,Titwala,05:57
96403,Titwala,06:01
96603,Titwala,06:23
96503,Titwala,06:34
96405,Titwala,06:49
96505,Titwala,06:54
96401,Khadavli,01:57
96501,Khadavli,05:48
96403,Khadavli,06:08
96503,Khadavli,06:41
96405,Khadavli,06:56
96505,Khadavli,07:01
96401,Vasind,02:04
96501,Vasind,05:55
96403,Vasind,06:15
96503,Vasind,06:48
96405,Vasind,07:03
96505,Vasind,07:08
96401,Asangaon,02:10
96501,Asangaon,06:03
96403,Asangaon,06:25
96503,Asangaon,06:58
96405,Asangaon,07:09
96505,Asangaon,07:18
96401,Atgaon,02:19
96403,Atgaon,06:34
96405,Atgaon,07:18
96401,Thansit,02:24
96403,Thansit,06:39
96405,Thansit,07:25
96401,Khardi,02:29
96403,Khardi,06:44
96405,Khardi,07:28
96401,Umbermalli,02:35
96403,Umbermalli,06:51
96405,Umbermalli,07:34
96401,Kasara,02:54
96403,Kasara,07:03
96405,Kasara,07:46
96605,CSMT,05:28
96305,CSMT,05:40
95101,CSMT,05:46
96607,CSMT,05:51
96507,CSMT,06:01
95703,CSMT,06:06
95103,CSMT,06:10
96609,CSMT,06:14
97203,CSMT,06:23
95201,CSMT,06:24
96611,CSMT,06:30
97021,CSMT,06:37
97305,CSMT,06:41
96309,CSMT,06:48
96605,Masjid,05:31
96305,Masjid,05:43
96607,Masjid,05:54
96507,Masjid,06:04
96609,Masjid,06:17
97203,Masjid,06:26
96611,Masjid,06:33
97021,Masjid,06:40
97305,Masjid,06:44
96309,Masjid,06:51
96605,Sandhurst Road,05:33
96305,Sandhurst Road,05:45
96607,Sandhurst Road,05:56
96507,Sandhurst Road,06:06
96609,Sandhurst Road,06:19
97203,Sandhurst Road,06:28
96611,Sandhurst Road,06:35
97021,Sandhurst Road,06:42
97305,Sandhurst Road,06:46
96309,Sandhurst Road,06:53
96605,Byculla,05:36
96305,Byculla,05:48
95101,Byculla,05:53
96607,Byculla,05:59
96507,Byculla,06:09
95703,Byculla,06:14
95103,Byculla,06:17
96609,Byculla,06:22
97203,Byculla,06:31
95201,Byculla,06:32
96611,Byculla,06:38
97021,Byculla,06:45
97305,Byculla,06:49
96309,Byculla,06:56
96605,Chinchpokli,05:38
96305,Chinchpokli,05:50
96607,Chinchpokli,06:01
96507,Chinchpokli,06:11
96609,Chinchpokli,06:24
97203,Chinchpokli,06:33
96611,Chinchpokli,06:40
97021,Chinchpokli,06:47
97305,Chinchpokli,06:51
96309,Chinchpokli,06:58
96605,Currey Road,05:40
96305,Currey Road,05:52
96607,Currey Road,06:03
96507,Currey Road,06:13
96609,Currey Road,06:26
97203,Currey Road,06:35
96611,Currey Road,06:42
97021,Currey Road,06:49
97305,Currey Road,06:53
96309,Currey Road,07:00
96605,Parel,05:43
96305,Parel,05:55
96607,Parel,06:06
96507,Parel,06:16
97017,Parel,06:25
96609,Parel,06:29
97203,Parel,06:38
97019,Parel,06:41
96611,Parel,06:45
97021,Parel,06:52
97305,Parel,06:56
96309,Parel,07:03
96605,Dadar,05:46
96305,Dadar,05:58
95101,Dadar,05:59
96607,Dadar,06:09
96507,Dadar,06:19
95703,Dadar,06:21
95103,Dadar,06:24
97017,Dadar,06:28
96609,Dadar,06:32
97203,Dadar,06:41
95201,Dadar,06:38
97019,Dadar,06:44
96611,Dadar,06:48
97021,Dadar,06:55
97305,Dadar,06:59
96309,Dadar,07:06
96605,Matunga,05:49
96305,Matunga,06:01
96607,Matunga,06:12
96507,Matunga,06:22
97017,Matunga,06:31
96609,Matunga,06:35
97203,Matunga,06:44
97019,Matunga,06:47
96611,Matunga,06:51
97021,Matunga,06:58
97305,Matunga,07:02
96309,Matunga,07:09
96605,Sion,05:52
96305,Sion,06:04
96607,Sion,06:15
96507,Sion,06:25
97017,Sion,06:34
96609,Sion,06:38
97203,Sion,06:47
97019,Sion,06:50
96611,Sion,06:54
97021,Sion,07:01
97305,Sion,07:05
96309,Sion,07:12
96605,Kurla,05:56
96305,Kurla,06:08
95101,Kurla,06:06
96607,Kurla,06:19
96507,Kurla,06:29
95703,Kurla,06:28
95103,Kurla,06:31
97017,Kurla,06:38
96609,Kurla,06:42
97203,Kurla,06:51
95201,Kurla,06:45
97019,Kurla,06:54
96611,Kurla,06:58
97021,Kurla,07:05
97305,Kurla,07:09
96309,Kurla,07:16
96605,Vidyavihar,05:59
97009,Vidyavihar,06:05
96305,Vidyavihar,06:11
97011,Vidyavihar,06:15
96607,Vidyavihar,06:22
97013,Vidyavihar,06:26
96507,Vidyavihar,06:32
97015,Vidyavihar,06:37
97017,Vidyavihar,06:41
96609,Vidyavihar,06:45
96307,Vidyavihar,06:49
97203,Vidyavihar,06:54
97019,Vidyavihar,06:57
96611,Vidyavihar,07:01
97205,Vidyavihar,07:04
97021,Vidyavihar,07:08
97305,Vidyavihar,07:12
96309,Vidyavihar,07:19
96605,Ghatkopar,06:02
97009,Ghatkopar,06:08
96305,Ghatkopar,06:14
95101,Ghatkopar,06:10
97011,Ghatkopar,06:18
96607,Ghatkopar,06:25
97013,Ghatkopar,06:29
96507,Ghatkopar,06:35
95703,Ghatkopar,06:32
95103,Ghatkopar,06:35
97015,Ghatkopar,06:40
97017,Ghatkopar,06:44
96609,Ghatkopar,06:48
96307,Ghatkopar,06:52
97203,Ghatkopar,06:57
97019,Ghatkopar,07:00
96611,Ghatkopar,07:04
97205,Ghatkopar,07:07
97021,Ghatkopar,07:11
97305,Ghatkopar,07:15
96309,Ghatkopar,07:22
96605,Vikhroli,06:06
97009,Vikhroli,06:12
96305,Vikhroli,06:18
97011,Vikhroli,06:22
96607,Vikhroli,06:29
97013,Vikhroli,06:33
96507,Vikhroli,06:39
97015,Vikhroli,06:44
97017,Vikhroli,06:48
96609,Vikhroli,06:52
96307,Vikhroli,06:56
97203,Vikhroli,07:01
95201,Vikhroli,06:53
97019,Vikhroli,07:04
96611,Vikhroli,07:08
97205,Vikhroli,07:11
97021,Vikhroli,07:15
97305,Vikhroli,07:19
96309,Vikhroli,07:26
96605,Kanjur Marg,06:09
97009,Kanjur Marg,06:15
96305,Kanjur Marg,06:21
97011,Kanjur Marg,06:25
96607,Kanjur Marg,06:32
97013,Kanjur Marg,06:36
96507,Kanjur Marg,06:42
97015,Kanjur Marg,06:47
97017,Kanjur Marg,06:51
96609,Kanjur Marg,06:55
96307,Kanjur Marg,06:59
97203,Kanjur Marg,07:04
97019,Kanjur Marg,07:07
96611,Kanjur Marg,07:11
97205,Kanjur Marg,07:14
97021,Kanjur Marg,07:18
97305,Kanjur Marg,07:22
96309,Kanjur Marg,07:29
96605,Bhandup,06:12
97009,Bhandup,06:18
96305,Bhandup,06:24
97011,Bhandup,06:28
96607,Bhandup,06:35
97013,Bhandup,06:39
96507,Bhandup,06:45
97015,Bhandup,06:50
97017,Bhandup,06:54
96609,Bhandup,06:58
96307,Bhandup,07:02
97203,Bhandup,07:07
97019,Bhandup,07:10
96611,Bhandup,07:14
97205,Bhandup,07:17
97021,Bhandup,07:21
97305,Bhandup,07:25
96309,Bhandup,07:32
96605,Nahur,06:15
97009,Nahur,06:21
96305,Nahur,06:27
97011,Nahur,06:31
96607,Nahur,06:38
97013,Nahur,06:42
96507,Nahur,06:48
97015,Nahur,06:53
97017,Nahur,06:57
96609,Nahur,07:01
96307,Nahur,07:05
97203,Nahur,07:10
97019,Nahur,07:13
96611,Nahur,07:17
97205,Nahur,07:20
97021,Nahur,07:24
97305,Nahur,07:28
96309,Nahur,07:35
96605,Mulund,06:18
97009,Mulund,06:24
96305,Mulund,06:30
97011,Mulund,06:34
96607,Mulund,06:41
97013,Mulund,06:45
96507,Mulund,06:51
97015,Mulund,06:56
97017,Mulund,07:00
96609,Mulund,07:04
96307,Mulund,07:08
97203,Mulund,07:13
95201,Mulund,07:01
97019,Mulund,07:16
96611,Mulund,07:20
97205,Mulund,07:23
97021,Mulund,07:27
97305,Mulund,07:31
96309,Mulund,07:38
97007,Thane,06:15
96605,Thane,06:23
97009,Thane,06:30
96305,Thane,06:35
95101,Thane,06:25
97011,Thane,06:39
96607,Thane,06:46
97013,Thane,06:50
96507,Thane,06:56
95703,Thane,06:46
95103,Thane,06:49
97015,Thane,07:01
97017,Thane,07:05
96609,Thane,07:08
96307,Thane,07:12
97203,Thane,07:17
95201,Thane,07:05
97019,Thane,07:21
96611,Thane,07:25
97205,Thane,07:28
97021,Thane,07:32
97305,Thane,07:36
96309,Thane,07:43
97007,Kalva,06:20
96605,Kalva,06:28
97009,Kalva,06:36
96305,Kalva,06:40
97011,Kalva,06:44
96607,Kalva,06:51
97013,Kalva,06:55
96507,Kalva,07:01
97015,Kalva,07:06
97017,Kalva,07:10
96609,Kalva,07:13
96307,Kalva,07:17
97203,Kalva,07:22
97019,Kalva,07:26
96611,Kalva,07:30
97205,Kalva,07:33
97021,Kalva,07:37
96309,Kalva,07:48
97007,Mumbra,06:26
96605,Mumbra,06:34
97009,Mumbra,06:42
96305,Mumbra,06:46
97011,Mumbra,06:50
96607,Mumbra,06:57
97013,Mumbra,07:01
96507,Mumbra,07:07
97015,Mumbra,07:12
97017,Mumbra,07:16
96609,Mumbra,07:19
96307,Mumbra,07:23
97203,Mumbra,07:28
97019,Mumbra,07:32
96611,Mumbra,07:36
97205,Mumbra,07:39
97021,Mumbra,07:43
96309,Mumbra,07:54
97007,Diva,06:30
96605,Diva,06:38
97009,Diva,06:46
96305,Diva,06:50
97011,Diva,06:54
96607,Diva,07:01
97013,Diva,07:05
96507,Diva,07:11
95103,Diva,06:59
97015,Diva,07:16
97017,Diva,07:20
96609,Diva,07:23
96307,Diva,07:27
97203,Diva,07:32
97019,Diva,07:36
96611,Diva,07:40
97205,Diva,07:43
97021,Diva,07:47
96309,Diva,07:58
97007,Kopar,06:35
96605,Kopar,06:43
97009,Kopar,06:51
96305,Kopar,06:55
97011,Kopar,06:59
96607,Kopar,07:06
97013,Kopar,07:10
96507,Kopar,07:16
97015,Kopar,07:21
97017,Kopar,07:25
96609,Kopar,07:28
96307,Kopar,07:32
97203,Kopar,07:37
97019,Kopar,07:41
96611,Kopar,07:45
97205,Kopar,07:48
97021,Kopar,07:52
96309,Kopar,08:03
97007,Dombivli,06:38
96605,Dombivli,06:46
97009,Dombivli,06:54
96305,Dombivli,06:59
95101,Dombivli,06:41
97011,Dombivli,07:03
96607,Dombivli,07:10
97013,Dombivli,07:14
96507,Dombivli,07:20
95703,Dombivli,07:02
95103,Dombivli,07:05
97015,Dombivli,07:25
97017,Dombivli,07:29
96609,Dombivli,07:32
96307,Dombivli,07:35
97203,Dombivli,07:41
95201,Dombivli,07:20
97019,Dombivli,07:45
96611,Dombivli,07:49
97205,Dombivli,07:52
97021,Dombivli,07:56
96309,Dombivli,08:07
97007,Thakurli,06:42
96605,Thakurli,06:50
97009,Thakurli,06:57
96305,Thakurli,07:03
97011,Thakurli,07:07
96607,Thakurli,07:15
97013,Thakurli,07:19
96507,Thakurli,07:24
97015,Thakurli,07:29
97017,Thakurli,07:33
96609,Thakurli,07:36
96307,Thakurli,07:39
97019,Thakurli,07:49
96611,Thakurli,07:53
97021,Thakurli,08:00
96309,Thakurli,08:11
97007,Kalyan,06:47
96605,Kalyan,06:56
97009,Kalyan,07:04
96305,Kalyan,07:09
95101,Kalyan,06:50
97011,Kalyan,07:14
96607,Kalyan,07:22
97013,Kalyan,07:25
96507,Kalyan,07:32
95703,Kalyan,07:10
95103,Kalyan,07:15
97015,Kalyan,07:35
97017,Kalyan,07:39
96609,Kalyan,07:43
96307,Kalyan,07:47
95201,Kalyan,07:27
97019,Kalyan,07:55
96611,Kalyan,08:01
96509,Kalyan,08:04
97021,Kalyan,08:06
96309,Kalyan,08:17
96305,Vithalwadi,07:13
95101,Vithalwadi,06:54
95103,Vithalwadi,07:19
96307,Vithalwadi,07:51
95201,Vithalwadi,07:31
96309,Vithalwadi,08:21
96305,Ulhas Nagar,07:16
95101,Ulhas Nagar,06:57
95103,Ulhas Nagar,07:22
96307,Ulhas Nagar,07:54
95201,Ulhas Nagar,07:33
96309,Ulhas Nagar,08:24
96305,Ambernath,07:23
95101,Ambernath,07:03
95103,Ambernath,07:27
96307,Ambernath,08:00
95201,Ambernath,07:37
96309,Ambernath,08:30
95101,Badlapur,07:10
95103,Badlapur,07:34
95201,Badlapur,07:45
95101,Vangani,07:19
95103,Vangani,07:43
95101,Shelu,07:23
95103,Shelu,07:47
95101,Neral,07:27
95103,Neral,07:51
95101,Bhivpuri Road,07:34
95103,Bhivpuri Road,07:58
95101,Karjat,07:43
96003,Karjat,08:00
95103,Karjat,08:08
96003,Palasdhari,08:05
96003,Kelavli,08:12
96003,Dolavli,08:15
96003,Lowjee,08:19
96003,Khopoli,08:25
96605,Shahad,07:00
96607,Shahad,07:26
96507,Shahad,07:36
96609,Shahad,07:47
96611,Shahad,08:05
96509,Shahad,08:08
96605,Ambivli,07:03
96607,Ambivli,07:29
96507,Ambivli,07:39
96609,Ambivli,07:50
96611,Ambivli,08:08
96509,Ambivli,08:11
96605,Titwala,07:11
96607,Titwala,07:37
96507,Titwala,07:45
96609,Titwala,07:58
96611,Titwala,08:15
96509,Titwala,08:18
96507,Khadavli,07:52
96509,Khadavli,08:25
96507,Vasind,07:59
96509,Vasind,08:32
96507,Asangaon,08:07
96509,Asangaon,08:39
95105,CSMT,06:49
95401,CSMT,06:55
96613,CSMT,06:56
97307,CSMT,07:00
95203,CSMT,07:05
97025,CSMT,07:08
97309,CSMT,07:12
97207,CSMT,07:16
95705,CSMT,07:22
97027,CSMT,07:24
95501,CSMT,07:26
97311,CSMT,07:28
95003,CSMT,07:30
97029,CSMT,07:32
97209,CSMT,07:36
96511,CSMT,07:42
95707,CSMT,07:43
97313,CSMT,07:46
95205,CSMT,07:55
97033,CSMT,07:53
97315,CSMT,07:58
95901,CSMT,08:04
96613,Masjid,06:59
97307,Masjid,07:03
97025,Masjid,07:11
97309,Masjid,07:15
97207,Masjid,07:19
97027,Masjid,07:27
97311,Masjid,07:31
97029,Masjid,07:35
97209,Masjid,07:39
96511,Masjid,07:45
97313,Masjid,07:49
97033,Masjid,07:56
97315,Masjid,08:01
96613,Sandhurst Road,07:01
97307,Sandhurst Road,07:05
97025,Sandhurst Road,07:13
97309,Sandhurst Road,07:17
97207,Sandhurst Road,07:21
97027,Sandhurst Road,07:29
97311,Sandhurst Road,07:33
97029,Sandhurst Road,07:37
97209,Sandhurst Road,07:41
96511,Sandhurst Road,07:47
97313,Sandhurst Road,07:51
97033,Sandhurst Road,07:58
97315,Sandhurst Road,08:03
95105,Byculla,06:56
95401,Byculla,07:02
96613,Byculla,07:04
97307,Byculla,07:08
95203,Byculla,07:12
97025,Byculla,07:16
97309,Byculla,07:20
97207,Byculla,07:24
95705,Byculla,07:29
97027,Byculla,07:32
95501,Byculla,07:33
97311,Byculla,07:36
95003,Byculla,07:37
97029,Byculla,07:40
97209,Byculla,07:44
96511,Byculla,07:50
95707,Byculla,07:50
97313,Byculla,07:54
95205,Byculla,08:02
97033,Byculla,08:01
97315,Byculla,08:06
95901,Byculla,08:11
96613,Chinchpokli,07:06
97307,Chinchpokli,07:10
97025,Chinchpokli,07:18
97309,Chinchpokli,07:22
97207,Chinchpokli,07:26
97027,Chinchpokli,07:34
97311,Chinchpokli,07:38
97029,Chinchpokli,07:42
97209,Chinchpokli,07:46
96511,Chinchpokli,07:52
97313,Chinchpokli,07:56
97033,Chinchpokli,08:03
97315,Chinchpokli,08:08
96613,Currey Road,07:08
97307,Currey Road,07:12
97025,Currey Road,07:20
97309,Currey Road,07:24
97207,Currey Road,07:28
97027,Currey Road,07:36
97311,Currey Road,07:40
97029,Currey Road,07:44
97209,Currey Road,07:48
96511,Currey Road,07:54
97313,Currey Road,07:58
97033,Currey Road,08:05
97315,Currey Road,08:10
96613,Parel,07:11
97307,Parel,07:15
97025,Parel,07:23
97309,Parel,07:27
97207,Parel,07:31
97027,Parel,07:39
97311,Parel,07:43
97029,Parel,07:47
97209,Parel,07:51
96511,Parel,07:57
97313,Parel,08:01
97031,Parel,08:05
97033,Parel,08:09
97315,Parel,08:13
95105,Dadar,07:02
95401,Dadar,07:08
96613,Dadar,07:14
97307,Dadar,07:18
95203,Dadar,07:19
97025,Dadar,07:26
97309,Dadar,07:30
97207,Dadar,07:34
95705,Dadar,07:35
97027,Dadar,07:42
95501,Dadar,07:40
97311,Dadar,07:46
95003,Dadar,07:43
97029,Dadar,07:50
97209,Dadar,07:54
96511,Dadar,08:00
95707,Dadar,07:56
97313,Dadar,08:04
95205,Dadar,08:08
97031,Dadar,08:08
97033,Dadar,08:12
97315,Dadar,08:16
95901,Dadar,08:17
96613,Matunga,07:17
97307,Matunga,07:21
97025,Matunga,07:29
97309,Matunga,07:33
97207,Matunga,07:37
97027,Matunga,07:45
97311,Matunga,07:49
97029,Matunga,07:53
97209,Matunga,07:57
96511,Matunga,08:03
97313,Matunga,08:07
97031,Matunga,08:11
97033,Matunga,08:15
97315,Matunga,08:19
96613,Sion,07:20
97307,Sion,07:24
97025,Sion,07:32
97309,Sion,07:36
97207,Sion,07:40
97027,Sion,07:48
97311,Sion,07:52
97029,Sion,07:56
97209,Sion,08:00
96511,Sion,08:06
97313,Sion,08:10
97031,Sion,08:14
97033,Sion,08:18
97315,Sion,08:22
95105,Kurla,07:09
95401,Kurla,07:15
96613,Kurla,07:24
97307,Kurla,07:28
95203,Kurla,07:26
97025,Kurla,07:36
97309,Kurla,07:40
97207,Kurla,07:44
95705,Kurla,07:42
97027,Kurla,07:52
95501,Kurla,07:47
97311,Kurla,07:56
95003,Kurla,07:50
97029,Kurla,08:00
97209,Kurla,08:04
96511,Kurla,08:10
95707,Kurla,08:03
97313,Kurla,08:14
95205,Kurla,08:15
97031,Kurla,08:18
97033,Kurla,08:22
97315,Kurla,08:26
95901,Kurla,08:24
97023,Vidyavihar,07:23
96613,Vidyavihar,07:27
97307,Vidyavihar,07:31
97025,Vidyavihar,07:39
97309,Vidyavihar,07:43
97207,Vidyavihar,07:47
97027,Vidyavihar,07:55
97311,Vidyavihar,07:59
97029,Vidyavihar,08:03
97209,Vidyavihar,08:07
96511,Vidyavihar,08:13
97313,Vidyavihar,08:17
97031,Vidyavihar,08:21
97033,Vidyavihar,08:25
97315,Vidyavihar,08:29
95901,Vidyavihar,0`
95105,Ghatkopar,07:13
97023,Ghatkopar,07:26
95401,Ghatkopar,07:19
96613,Ghatkopar,07:30
97307,Ghatkopar,07:34
95203,Ghatkopar,07:30
97025,Ghatkopar,07:42
97309,Ghatkopar,07:46
97207,Ghatkopar,07:50
95705,Ghatkopar,07:46
97027,Ghatkopar,07:58
95501,Ghatkopar,07:51
97311,Ghatkopar,08:02
95003,Ghatkopar,07:54
97029,Ghatkopar,08:06
97209,Ghatkopar,08:10
96511,Ghatkopar,08:16
95707,Ghatkopar,08:07
97313,Ghatkopar,08:20
95205,Ghatkopar,08:19
97031,Ghatkopar,08:24
97033,Ghatkopar,08:28
97315,Ghatkopar,08:32
95901,Ghatkopar,08:28
97023,Vikhroli,07:30
96613,Vikhroli,07:34
97307,Vikhroli,07:38
97025,Vikhroli,07:46
97309,Vikhroli,07:50
97207,Vikhroli,07:54
97027,Vikhroli,08:02
97311,Vikhroli,08:06
97029,Vikhroli,08:10
97209,Vikhroli,08:14
96511,Vikhroli,08:20
97313,Vikhroli,08:24
97031,Vikhroli,08:28
97033,Vikhroli,08:32
97315,Vikhroli,08:36
97023,Kanjur Marg,07:33
96613,Kanjur Marg,07:37
97307,Kanjur Marg,07:41
97025,Kanjur Marg,07:49
97309,Kanjur Marg,07:53
97207,Kanjur Marg,07:57
97027,Kanjur Marg,08:05
97311,Kanjur Marg,08:09
97029,Kanjur Marg,08:13
97209,Kanjur Marg,08:17
96511,Kanjur Marg,08:23
97313,Kanjur Marg,08:27
97031,Kanjur Marg,08:31
97033,Kanjur Marg,08:35
97315,Kanjur Marg,08:39
97023,Bhandup,07:36
96613,Bhandup,07:40
97307,Bhandup,07:44
95203,Bhandup,07:38
97025,Bhandup,07:52
97309,Bhandup,07:56
97207,Bhandup,08:00
95705,Bhandup,07:54
97027,Bhandup,08:08
97311,Bhandup,08:12
97029,Bhandup,08:16
97209,Bhandup,08:20
96511,Bhandup,08:26
97313,Bhandup,08:30
97031,Bhandup,08:34
97033,Bhandup,08:38
97315,Bhandup,08:42
97023,Nahur,07:39
96613,Nahur,07:43
97307,Nahur,07:47
97025,Nahur,07:55
97309,Nahur,07:59
97207,Nahur,08:03
97027,Nahur,08:11
97311,Nahur,08:15
97029,Nahur,08:19
97209,Nahur,08:23
96511,Nahur,08:29
97313,Nahur,08:33
97031,Nahur,08:37
97033,Nahur,08:41
97315,Nahur,08:45
95105,Mulund,07:24
97023,Mulund,07:42
95401,Mulund,07:30
96613,Mulund,07:46
97307,Mulund,07:50
97025,Mulund,07:58
97309,Mulund,08:02
97207,Mulund,08:06
97027,Mulund,08:14
95501,Mulund,07:59
97311,Mulund,08:18
95003,Mulund,08:06
97029,Mulund,08:22
97209,Mulund,08:26
96511,Mulund,08:32
97313,Mulund,08:36
95205,Mulund,08:30
97031,Mulund,08:40
97033,Mulund,08:44
97315,Mulund,08:48
95105,Thane,07:28
97023,Thane,07:47
95401,Thane,07:34
96613,Thane,07:51
97307,Thane,07:55
95203,Thane,07:46
97025,Thane,08:03
97309,Thane,08:07
97207,Thane,08:11
95705,Thane,08:02
97027,Thane,08:19
95501,Thane,08:07
97311,Thane,08:24
95003,Thane,08:10
97029,Thane,08:27
97209,Thane,08:31
96511,Thane,08:37
95707,Thane,08:23
97313,Thane,08:42
95205,Thane,08:38
97031,Thane,08:44
97033,Thane,08:48
97315,Thane,08:54
95901,Thane,08:46
96615,Thane,08:56
97023,Kalva,07:52
96613,Kalva,07:56
97025,Kalva,08:08
97207,Kalva,08:16
97027,Kalva,08:24
97029,Kalva,08:32
97209,Kalva,08:36
96511,Kalva,08:42
97031,Kalva,08:49
97033,Kalva,08:53
96615,Kalva,09:01
97023,Mumbra,07:58
96613,Mumbra,08:02
97025,Mumbra,08:14
97207,Mumbra,08:22
97027,Mumbra,08:30
97029,Mumbra,08:38
97209,Mumbra,08:42
96511,Mumbra,08:48
97031,Mumbra,08:55
97033,Mumbra,08:59
96615,Mumbra,09:07
97023,Diva,08:02
95401,Diva,07:45
96613,Diva,08:06
97025,Diva,08:18
97207,Diva,08:26
97027,Diva,08:34
97029,Diva,08:42
97209,Diva,08:46
96511,Diva,08:52
95205,Diva,08:49
97031,Diva,08:59
97033,Diva,09:03
96615,Diva,09:11
97023,Kopar,08:07
96613,Kopar,08:11
97025,Kopar,08:23
97207,Kopar,08:31
97027,Kopar,08:39
97029,Kopar,08:47
97209,Kopar,08:51
96511,Kopar,08:57
97031,Kopar,09:04
97033,Kopar,09:08
96615,Kopar,09:16
95105,Dombivli,07:43
97023,Dombivli,08:11
95401,Dombivli,07:49
96613,Dombivli,08:15
95203,Dombivli,08:01
97025,Dombivli,08:27
97207,Dombivli,08:35
95705,Dombivli,08:17
97027,Dombivli,08:43
95501,Dombivli,08:23
95003,Dombivli,08:26
97029,Dombivli,08:51
97209,Dombivli,08:55
96511,Dombivli,09:01
95707,Dombivli,08:39
95205,Dombivli,08:55
97031,Dombivli,09:07
97033,Dombivli,09:11
96615,Dombivli,09:19
97023,Thakurli,08:15
96613,Thakurli,08:19
97025,Thakurli,08:31
97027,Thakurli,08:47
97029,Thakurli,08:55
96511,Thakurli,09:05
97031,Thakurli,09:11
97033,Thakurli,09:15
96615,Thakurli,09:23
95105,Kalyan,07:51
97023,Kalyan,08:20
95401,Kalyan,07:57
96613,Kalyan,08:26
95203,Kalyan,08:09
97025,Kalyan,08:37
95705,Kalyan,08:25
97027,Kalyan,08:53
95501,Kalyan,08:32
95003,Kalyan,08:35
97029,Kalyan,09:01
96511,Kalyan,09:11
95707,Kalyan,08:46
95205,Kalyan,09:03
97031,Kalyan,09:17
97033,Kalyan,09:21
96615,Kalyan,09:30
95105,Vithalwadi,07:55
95203,Vithalwadi,08:13
95003,Vithalwadi,08:39
95205,Vithalwadi,09:07
95105,Ulhas Nagar,07:58
95203,Ulhas Nagar,08:16
95003,Ulhas Nagar,08:42
95205,Ulhas Nagar,09:10
95105,Ambernath,08:04
95203,Ambernath,08:22
95003,Ambernath,08:46
95205,Ambernath,09:14
95105,Badlapur,08:11
95203,Badlapur,08:32
95003,Badlapur,08:53
95205,Badlapur,09:22
95105,Vangani,08:19
95003,Vangani,09:01
95105,Shelu,08:23
95003,Shelu,09:05
95105,Neral,08:27
95003,Neral,09:09
95105,Bhivpuri Road,08:33
95003,Bhivpuri Road,09:16
95105,Karjat,08:44
95003,Karjat,09:26
95003,Palasdhari,09:31
95003,Kelavli,09:38
95003,Dolavli,09:41
95003,Lowjee,09:45
95003,Khopoli,09:51
95401,Shahad,08:02
96613,Shahad,08:30
95501,Shahad,08:36
96511,Shahad,09:15
96615,Shahad,09:34
95401,Ambivli,08:05
96613,Ambivli,08:33
95501,Ambivli,08:39
96511,Ambivli,09:18
96615,Ambivli,09:37
95401,Titwala,08:12
96613,Titwala,08:41
95501,Titwala,08:47
96511,Titwala,09:24
96615,Titwala,09:45
95401,Khadavli,08:19
95501,Khadavli,08:54
96511,Khadavli,09:31
95401,Vasind,08:26
95501,Vasind,09:01
96511,Vasind,09:38
95401,Asangaon,08:36
95501,Asangaon,09:09
96511,Asangaon,09:46
95401,Atgaon,08:45
95401,Thansit,08:50
95401,Khardi,08:55
95401,Umbermalli,09:02
95401,Kasara,09:14
97317,CSMT,08:08
97037,CSMT,08:12
95107,CSMT,08:16
97319,CSMT,08:16
97211,CSMT,08:20
97323,CSMT,08:26
97603,CSMT,08:29
95403,CSMT,08:33
95709,CSMT,08:36
97501,CSMT,08:37
97605,CSMT,08:41
95303,CSMT,08:45
97325,CSMT,08:45
95903,CSMT,08:48
97041,CSMT,08:49
95207,CSMT,08:52
97607,CSMT,08:53
95711,CSMT,08:56
95109,CSMT,09:01
97317,Masjid,08:11
97037,Masjid,08:15
97319,Masjid,08:19
97211,Masjid,08:23
97323,Masjid,08:29
97603,Masjid,08:32
97501,Masjid,08:40
97605,Masjid,08:44
97325,Masjid,08:48
97041,Masjid,08:52
97607,Masjid,08:56
97317,Sandhurst Road,08:13
97037,Sandhurst Road,08:17
97319,Sandhurst Road,08:21
97211,Sandhurst Road,08:25
97323,Sandhurst Road,08:31
97603,Sandhurst Road,08:34
97501,Sandhurst Road,08:42
97605,Sandhurst Road,08:46
97325,Sandhurst Road,08:50
97041,Sandhurst Road,08:54
97607,Sandhurst Road,08:58
97317,Byculla,08:16
97037,Byculla,08:20
95107,Byculla,08:24
97319,Byculla,08:24
97211,Byculla,08:28
97323,Byculla,08:34
97603,Byculla,08:37
95403,Byculla,08:42
95709,Byculla,08:45
97501,Byculla,08:45
97605,Byculla,08:49
95303,Byculla,08:53
97325,Byculla,08:53
95903,Byculla,08:56
97041,Byculla,08:57
95207,Byculla,09:00
97607,Byculla,09:01
95711,Byculla,09:03
95109,Byculla,09:08
97317,Chinchpokli,08:18
97037,Chinchpokli,08:22
97319,Chinchpokli,08:26
97211,Chinchpokli,08:30
97323,Chinchpokli,08:36
97603,Chinchpokli,08:39
97501,Chinchpokli,08:47
97605,Chinchpokli,08:51
97325,Chinchpokli,08:55
97041,Chinchpokli,08:59
97607,Chinchpokli,09:03
97317,Currey Road,08:20
97037,Currey Road,08:24
97319,Currey Road,08:28
97211,Currey Road,08:32
97323,Currey Road,08:38
97603,Currey Road,08:41
97501,Currey Road,08:49
97605,Currey Road,08:53
97325,Currey Road,08:57
97041,Currey Road,09:01
97607,Currey Road,09:05
97035,Parel,08:17
97317,Parel,08:23
97037,Parel,08:27
97319,Parel,08:31
97211,Parel,08:35
97321,Parel,08:38
97323,Parel,08:41
97603,Parel,08:44
97501,Parel,08:52
97605,Parel,08:56
97325,Parel,09:00
97041,Parel,09:04
97607,Parel,09:08
97035,Dadar,08:22
97317,Dadar,08:26
97037,Dadar,08:30
95107,Dadar,08:32
97319,Dadar,08:34
97211,Dadar,08:38
97321,Dadar,08:41
95301,Dadar,08:42
97323,Dadar,08:44
97603,Dadar,08:47
95403,Dadar,08:48
95709,Dadar,08:51
97501,Dadar,08:55
97605,Dadar,08:59
95303,Dadar,09:00
97325,Dadar,09:03
95903,Dadar,09:03
97041,Dadar,09:07
95207,Dadar,09:07
97607,Dadar,09:11
95711,Dadar,09:10
95109,Dadar,09:14
97035,Matunga,08:25
97317,Matunga,08:29
97037,Matunga,08:33
97319,Matunga,08:37
97211,Matunga,08:41
97321,Matunga,08:45
97323,Matunga,08:48
97603,Matunga,08:51
97501,Matunga,08:59
97605,Matunga,09:03
97325,Matunga,09:06
97041,Matunga,09:10
97607,Matunga,09:14
97035,Sion,08:28
97317,Sion,08:32
97037,Sion,08:36
97319,Sion,08:40
97211,Sion,08:44
97321,Sion,08:48
97323,Sion,08:51
97603,Sion,08:54
97501,Sion,09:02
97605,Sion,09:06
97325,Sion,09:09
97041,Sion,09:13
97607,Sion,09:17
97035,Kurla,08:32
97317,Kurla,08:36
97037,Kurla,08:40
95107,Kurla,08:39
97319,Kurla,08:44
97211,Kurla,08:48
97321,Kurla,08:52
95301,Kurla,08:49
97323,Kurla,08:55
97603,Kurla,08:59
95403,Kurla,08:55
95709,Kurla,08:58
97501,Kurla,09:06
97605,Kurla,09:10
95303,Kurla,09:07
97325,Kurla,09:13
95903,Kurla,09:10
97041,Kurla,09:17
95207,Kurla,09:14
97607,Kurla,09:21
95711,Kurla,09:17
95109,Kurla,09:21
97035,Vidyavihar,08:35
97317,Vidyavihar,08:39
97037,Vidyavihar,08:43
97319,Vidyavihar,08:47
97211,Vidyavihar,08:51
97321,Vidyavihar,08:55
97323,Vidyavihar,08:58
97039,Vidyavihar,09:01
97501,Vidyavihar,09:09
97325,Vidyavihar,09:16
97041,Vidyavihar,09:20
97035,Ghatkopar,08:38
97317,Ghatkopar,08:42
97037,Ghatkopar,08:46
95107,Ghatkopar,08:43
97319,Ghatkopar,08:50
97211,Ghatkopar,08:54
97321,Ghatkopar,08:58
95301,Ghatkopar,08:53
97323,Ghatkopar,09:01
95403,Ghatkopar,08:59
95709,Ghatkopar,09:02
97039,Ghatkopar,09:04
97501,Ghatkopar,09:12
95303,Ghatkopar,09:11
97325,Ghatkopar,09:20
97041,Ghatkopar,09:24
95207,Ghatkopar,09:18
95711,Ghatkopar,09:21
95109,Ghatkopar,09:25
97035,Vikhroli,08:42
97317,Vikhroli,08:46
97037,Vikhroli,08:50
97319,Vikhroli,08:54
97211,Vikhroli,08:58
97321,Vikhroli,09:02
97323,Vikhroli,09:05
97039,Vikhroli,09:08
97325,Vikhroli,09:24
95903,Vikhroli,09:18
97041,Vikhroli,09:28
97035,Kanjur Marg,08:45
97317,Kanjur Marg,08:49
97037,Kanjur Marg,08:53
97319,Kanjur Marg,08:57
97211,Kanjur Marg,09:01
97321,Kanjur Marg,09:05
97323,Kanjur Marg,09:08
97039,Kanjur Marg,09:11
97325,Kanjur Marg,09:27
97041,Kanjur Marg,09:31
97035,Bhandup,08:48
97317,Bhandup,08:52
97037,Bhandup,08:56
97319,Bhandup,09:00
97211,Bhandup,09:04
97321,Bhandup,09:08
95301,Bhandup,09:00
97323,Bhandup,09:11
97039,Bhandup,09:14
95303,Bhandup,09:19
97325,Bhandup,09:30
97041,Bhandup,09:34
95711,Bhandup,09:29
95109,Bhandup,09:33
97035,Nahur,08:51
97317,Nahur,08:55
97037,Nahur,08:59
97319,Nahur,09:03
97211,Nahur,09:07
97321,Nahur,09:11
97323,Nahur,09:14
97039,Nahur,09:17
97325,Nahur,09:33
97041,Nahur,09:37
97035,Mulund,08:54
97317,Mulund,08:58
97037,Mulund,09:02
97319,Mulund,09:06
97211,Mulund,09:10
97321,Mulund,09:14
97323,Mulund,09:17
95403,Mulund,09:11
95709,Mulund,09:14
97039,Mulund,09:20
97325,Mulund,09:36
95903,Mulund,09:27
97041,Mulund,09:40
95207,Mulund,09:30
97035,Thane,08:59
97317,Thane,09:04
97037,Thane,09:07
95107,Thane,08:56
97319,Thane,09:12
97211,Thane,09:15
96617,Thane,09:18
97321,Thane,09:19
95301,Thane,09:06
97323,Thane,09:23
95403,Thane,09:15
95709,Thane,09:18
97039,Thane,09:25
95303,Thane,09:27
97325,Thane,09:42
95903,Thane,09:33
97041,Thane,09:45
95207,Thane,09:34
95711,Thane,09:37
95109,Thane,09:41
97035,Kalva,09:06
97037,Kalva,09:14
97211,Kalva,09:20
96617,Kalva,09:23
97039,Kalva,09:30
97041,Kalva,09:50
97035,Mumbra,09:12
97037,Mumbra,09:20
97211,Mumbra,09:26
96617,Mumbra,09:29
97039,Mumbra,09:36
97041,Mumbra,09:56
97035,Diva,09:16
97037,Diva,09:24
95107,Diva,09:05
97211,Diva,09:30
96617,Diva,09:33
97039,Diva,09:40
97041,Diva,10:00
97035,Kopar,09:21
97037,Kopar,09:29
97211,Kopar,09:35
96617,Kopar,09:38
97039,Kopar,09:45
97041,Kopar,10:05
97035,Dombivli,09:24
97037,Dombivli,09:32
95107,Dombivli,09:09
97211,Dombivli,09:38
96617,Dombivli,09:41
95301,Dombivli,09:22
95403,Dombivli,09:30
95709,Dombivli,09:33
97039,Dombivli,09:49
95303,Dombivli,09:43
97041,Dombivli,10:08
95207,Dombivli,09:49
95711,Dombivli,09:52
95109,Dombivli,09:56
97035,Thakurli,09:28
97037,Thakurli,09:36
96617,Thakurli,09:45
97039,Thakurli,09:53
97041,Thakurli,10:12
97035,Kalyan,09:34
97037,Kalyan,09:42
95107,Kalyan,09:19
96617,Kalyan,09:52
95301,Kalyan,09:30
95403,Kalyan,09:38
95709,Kalyan,09:40
97039,Kalyan,10:00
95303,Kalyan,09:51
95207,Kalyan,09:56
95711,Kalyan,09:58
95109,Kalyan,10:04
95107,Vithalwadi,09:24
95301,Vithalwadi,09:34
95303,Vithalwadi,09:55
95207,Vithalwadi,10:01
95109,Vithalwadi,10:08
95107,Ulhas Nagar,09:27
95301,Ulhas Nagar,09:37
95303,Ulhas Nagar,09:58
95207,Ulhas Nagar,10:04
95109,Ulhas Nagar,10:11
95107,Ambernath,09:31
95301,Ambernath,09:42
95303,Ambernath,10:04
95207,Ambernath,10:08
95109,Ambernath,10:15
95107,Badlapur,09:38
95207,Badlapur,10:17
95109,Badlapur,10:22
95107,Vangani,09:47
95109,Vangani,10:30
95107,Shelu,09:51
95109,Shelu,10:34
95107,Neral,09:55
95109,Neral,10:38
95107,Bhivpuri Road,10:02
95109,Bhivpuri Road,10:45
95107,Karjat,10:12
96005,Karjat,10:40
95109,Karjat,10:54
96005,Palasdhari,10:45
96005,Kelavli,10:52
96005,Dolavli,10:55
96005,Lowjee,10:59
96005,Khopoli,11:05
96617,Shahad,09:56
95403,Shahad,09:43
96617,Ambivli,09:59
95403,Ambivli,09:46
96617,Titwala,10:07
95403,Titwala,09:52
95403,Khadavli,09:59
95403,Vasind,10:06
95403,Asangaon,10:12
95403,Atgaon,10:21
95403,Thansit,10:26
95403,Khardi,10:31
95403,Umbermalli,10:37
95403,Kasara,10:48
97329,CSMT,09:01
95905,CSMT,09:05
97043,CSMT,09:05
95209,CSMT,09:09
97503,CSMT,09:09
97609,CSMT,09:12
95601,CSMT,09:12
95305,CSMT,09:15
97213,CSMT,09:16
97331,CSMT,09:20
95503,CSMT,09:20
95211,CSMT,09:23
97611,CSMT,09:23
97047,CSMT,09:26
95603,CSMT,09:27
95111,CSMT,09:30
97333,CSMT,09:30
97049,CSMT,09:34
95405,CSMT,09:34
97051,CSMT,09:37
95605,CSMT,09:38
97335,CSMT,09:41
97329,Masjid,09:04
97043,Masjid,09:08
97503,Masjid,09:12
97609,Masjid,09:15
97213,Masjid,09:19
97331,Masjid,09:23
97611,Masjid,09:26
97047,Masjid,09:29
97333,Masjid,09:33
97049,Masjid,09:37
97051,Masjid,09:40
97335,Masjid,09:44
97329,Sandhurst Road,09:06
97043,Sandhurst Road,09:10
97503,Sandhurst Road,09:14
97609,Sandhurst Road,09:17
97213,Sandhurst Road,09:21
97331,Sandhurst Road,09:25
97611,Sandhurst Road,09:28
97047,Sandhurst Road,09:31
97333,Sandhurst Road,09:35
97049,Sandhurst Road,09:39
97051,Sandhurst Road,09:42
97335,Sandhurst Road,09:46
97329,Byculla,09:09
97043,Byculla,09:13
95209,Byculla,09:16
97503,Byculla,09:17
97609,Byculla,09:20
95601,Byculla,09:20
95305,Byculla,09:23
97213,Byculla,09:24
97331,Byculla,09:28
95503,Byculla,09:27
95211,Byculla,09:30
97611,Byculla,09:31
97047,Byculla,09:34
95603,Byculla,09:34
95111,Byculla,09:38
97333,Byculla,09:38
97049,Byculla,09:42
95405,Byculla,09:42
97051,Byculla,09:45
95605,Byculla,09:46
97335,Byculla,09:49
97329,Chinchpokli,09:11
97043,Chinchpokli,09:15
97503,Chinchpokli,09:19
97609,Chinchpokli,09:22
97213,Chinchpokli,09:26
97331,Chinchpokli,09:30
97611,Chinchpokli,09:33
97047,Chinchpokli,09:36
97333,Chinchpokli,09:40
97049,Chinchpokli,09:45
97051,Chinchpokli,09:48
97335,Chinchpokli,09:51
97329,Currey Road,09:13
97043,Currey Road,09:17
97503,Currey Road,09:21
97609,Currey Road,09:24
97213,Currey Road,09:28
97331,Currey Road,09:32
97611,Currey Road,09:35
97047,Currey Road,09:38
97333,Currey Road,09:42
97049,Currey Road,09:48
97051,Currey Road,09:51
97335,Currey Road,09:54
97327,Parel,09:12
97329,Parel,09:16
97043,Parel,09:20
97503,Parel,09:24
97609,Parel,09:27
97213,Parel,09:31
97331,Parel,09:35
97611,Parel,09:38
97047,Parel,09:41
97333,Parel,09:45
97215,Parel,09:48
97049,Parel,09:51
97051,Parel,09:54
97335,Parel,09:57
97327,Dadar,09:15
97329,Dadar,09:19
95905,Dadar,09:17
97043,Dadar,09:23
95209,Dadar,09:22
97503,Dadar,09:27
97609,Dadar,09:30
95601,Dadar,09:26
95305,Dadar,09:29
97213,Dadar,09:34
97331,Dadar,09:38
95503,Dadar,09:33
95211,Dadar,09:36
97611,Dadar,09:41
97047,Dadar,09:44
95603,Dadar,09:40
95111,Dadar,09:44
97333,Dadar,09:48
97215,Dadar,09:51
97049,Dadar,09:54
95405,Dadar,09:48
97051,Dadar,09:57
95605,Dadar,09:52
97335,Dadar,10:00
97327,Matunga,09:18
97329,Matunga,09:22
97043,Matunga,09:26
97503,Matunga,09:30
97609,Matunga,09:33
97213,Matunga,09:37
97331,Matunga,09:41
97611,Matunga,09:44
97047,Matunga,09:47
97333,Matunga,09:51
97215,Matunga,09:54
97049,Matunga,09:57
97051,Matunga,10:00
97335,Matunga,10:03
97327,Sion,09:21
97329,Sion,09:25
97043,Sion,09:29
97503,Sion,09:33
97609,Sion,09:36
97213,Sion,09:40
97331,Sion,09:44
97611,Sion,09:47
97047,Sion,09:50
97333,Sion,09:54
97215,Sion,09:57
97049,Sion,10:00
97051,Sion,10:03
97335,Sion,10:06
97327,Kurla,09:25
97329,Kurla,09:29
95905,Kurla,09:24
97043,Kurla,09:33
95209,Kurla,09:29
97503,Kurla,09:37
97609,Kurla,09:40
95601,Kurla,09:33
95305,Kurla,09:36
97213,Kurla,09:44
97331,Kurla,09:48
95503,Kurla,09:40
95211,Kurla,09:43
97611,Kurla,09:51
97047,Kurla,09:54
95603,Kurla,09:47
95111,Kurla,09:51
97333,Kurla,09:58
97215,Kurla,10:01
97049,Kurla,10:04
95405,Kurla,09:55
97051,Kurla,10:07
95605,Kurla,09:59
97335,Kurla,10:10
97327,Vidyavihar,09:28
97329,Vidyavihar,09:32
97043,Vidyavihar,09:36
97503,Vidyavihar,09:40
97213,Vidyavihar,09:47
97331,Vidyavihar,09:51
97047,Vidyavihar,09:57
97333,Vidyavihar,10:01
97215,Vidyavihar,10:04
97049,Vidyavihar,10:07
97051,Vidyavihar,10:10
97335,Vidyavihar,10:13
97327,Ghatkopar,09:31
97329,Ghatkopar,09:35
97043,Ghatkopar,09:39
95209,Ghatkopar,09:33
97503,Ghatkopar,09:43
95601,Ghatkopar,09:37
95305,Ghatkopar,09:40
97213,Ghatkopar,09:50
97331,Ghatkopar,09:54
95503,Ghatkopar,09:44
95211,Ghatkopar,09:47
97047,Ghatkopar,10:00
95603,Ghatkopar,09:51
95111,Ghatkopar,09:55
97333,Ghatkopar,10:04
97215,Ghatkopar,10:07
97049,Ghatkopar,10:10
95405,Ghatkopar,09:59
97051,Ghatkopar,10:13
95605,Ghatkopar,10:03
97335,Ghatkopar,10:16
97327,Vikhroli,09:35
97329,Vikhroli,09:39
97043,Vikhroli,09:43
95209,Vikhroli,09:37
97213,Vikhroli,09:54
97331,Vikhroli,09:58
97047,Vikhroli,10:04
95603,Vikhroli,09:55
97333,Vikhroli,10:08
97215,Vikhroli,10:11
97049,Vikhroli,10:14
97051,Vikhroli,10:17
97335,Vikhroli,10:20
97327,Kanjur Marg,09:38
97329,Kanjur Marg,09:42
97043,Kanjur Marg,09:46
97213,Kanjur Marg,09:57
97331,Kanjur Marg,10:01
97047,Kanjur Marg,10:07
97333,Kanjur Marg,10:11
97215,Kanjur Marg,10:14
97049,Kanjur Marg,10:17
97051,Kanjur Marg,10:20
97335,Kanjur Marg,10:23
97327,Bhandup,09:41
97329,Bhandup,09:45
97043,Bhandup,09:49
95601,Bhandup,09:45
95305,Bhandup,09:48
97213,Bhandup,10:00
97331,Bhandup,10:04
95503,Bhandup,09:52
95211,Bhandup,09:55
97047,Bhandup,10:10
95111,Bhandup,10:05
97333,Bhandup,10:14
97215,Bhandup,10:17
97049,Bhandup,10:20
97051,Bhandup,10:23
97335,Bhandup,10:26
97327,Nahur,09:44
97329,Nahur,09:49
97043,Nahur,09:52
97213,Nahur,10:03
97331,Nahur,10:07
97047,Nahur,10:13
97333,Nahur,10:17
97215,Nahur,10:20
97049,Nahur,10:23
97051,Nahur,10:26
97335,Nahur,10:29
97327,Mulund,09:47
97329,Mulund,09:53
95905,Mulund,09:40
97043,Mulund,09:57
95209,Mulund,09:45
97213,Mulund,10:06
97331,Mulund,10:10
97047,Mulund,10:16
95603,Mulund,10:04
97333,Mulund,10:20
97215,Mulund,10:23
97049,Mulund,10:26
95405,Mulund,10:12
97051,Mulund,10:29
95605,Mulund,10:16
97335,Mulund,10:32
97327,Thane,09:53
97329,Thane,10:00
95905,Thane,09:46
97043,Thane,10:03
95209,Thane,09:51
95601,Thane,09:55
95305,Thane,09:58
97045,Thane,10:06
97213,Thane,10:11
97331,Thane,10:16
95503,Thane,10:02
95211,Thane,10:05
97047,Thane,10:20
95603,Thane,10:10
95111,Thane,10:14
97333,Thane,10:25
97215,Thane,10:28
97049,Thane,10:31
95405,Thane,10:17
97051,Thane,10:34
95605,Thane,10:21
97335,Thane,10:38
97043,Kalva,10:08
97045,Kalva,10:11
97213,Kalva,10:16
97047,Kalva,10:25
97215,Kalva,10:33
97049,Kalva,10:36
97051,Kalva,10:40
97043,Mumbra,10:14
97045,Mumbra,10:17
97213,Mumbra,10:22
97047,Mumbra,10:31
97215,Mumbra,10:39
97049,Mumbra,10:42
97051,Mumbra,10:46
97043,Diva,10:18
97045,Diva,10:21
97213,Diva,10:26
97047,Diva,10:35
97215,Diva,10:43
97049,Diva,10:46
95405,Diva,10:28
97051,Diva,10:50
95605,Diva,10:32
97043,Kopar,10:23
97045,Kopar,10:26
97213,Kopar,10:31
97047,Kopar,10:40
97215,Kopar,10:48
97049,Kopar,10:51
97051,Kopar,10:55
97043,Dombivli,10:26
95209,Dombivli,10:06
95601,Dombivli,10:11
95305,Dombivli,10:15
97045,Dombivli,10:29
97213,Dombivli,10:34
95503,Dombivli,10:18
95211,Dombivli,10:21
97047,Dombivli,10:43
95603,Dombivli,10:25
95111,Dombivli,10:30
97215,Dombivli,10:51
97049,Dombivli,10:54
95405,Dombivli,10:35
97051,Dombivli,10:58
95605,Dombivli,10:39
97043,Thakurli,10:30
97045,Thakurli,10:33
97047,Thakurli,10:47
97049,Thakurli,10:58
97051,Thakurli,11:02
97043,Kalyan,10:37
95209,Kalyan,10:13
95601,Kalyan,10:18
95305,Kalyan,10:22
97045,Kalyan,10:40
95503,Kalyan,10:26
95211,Kalyan,10:29
97047,Kalyan,10:53
95603,Kalyan,10:33
95111,Kalyan,10:38
97049,Kalyan,11:04
95405,Kalyan,10:43
97051,Kalyan,11:08
95605,Kalyan,10:47
95209,Vithalwadi,10:17
95305,Vithalwadi,10:26
95211,Vithalwadi,10:34
95111,Vithalwadi,10:42
95209,Ulhas Nagar,10:20
95305,Ulhas Nagar,10:29
95211,Ulhas Nagar,10:37
95111,Ulhas Nagar,10:45
95209,Ambernath,10:24
95305,Ambernath,10:34
95211,Ambernath,10:41
95111,Ambernath,10:49
95209,Badlapur,10:32
95211,Badlapur,10:49
95111,Badlapur,10:56
95111,Vangani,11:04
95111,Shelu,11:08
95111,Neral,11:12
95111,Bhivpuri Road,11:19
95111,Karjat,11:28
95601,Shahad,10:23
95503,Shahad,10:32
95603,Shahad,10:38
95405,Shahad,10:48
95605,Shahad,10:52
95601,Ambivli,10:26
95503,Ambivli,10:35
95603,Ambivli,10:41
95405,Ambivli,10:51
95605,Ambivli,10:55
95601,Titwala,10:35
95503,Titwala,10:41
95603,Titwala,10:50
95405,Titwala,10:57
95605,Titwala,11:04
95503,Khadavli,10:48
95405,Khadavli,11:04
95503,Vasind,10:55
95405,Vasind,11:11
95503,Asangaon,11:05
95405,Asangaon,11:20
95405,Atgaon,11:29
95405,Khardi,11:39
95405,Umbermalli,11:45
95405,Kasara,11:57
95907,CSMT,09:42
97613,CSMT,09:45
95213,CSMT,09:46
97337,CSMT,09:49
95307,CSMT,09:51
96619,CSMT,09:53
97505,CSMT,09:57
95113,CSMT,09:57
97615,CSMT,10:00
95713,CSMT,10:04
97053,CSMT,10:04
95215,CSMT,10:08
97339,CSMT,10:07
95309,CSMT,10:12
97055,CSMT,10:14
95407,CSMT,10:16
97341,CSMT,10:18
95217,CSMT,10:20
97217,CSMT,10:22
95311,CSMT,10:25
97343,CSMT,10:27
97617,CSMT,10:30
97613,Masjid,09:48
97337,Masjid,09:52
96619,Masjid,09:56
97505,Masjid,10:00
97615,Masjid,10:03
97053,Masjid,10:07
97339,Masjid,10:10
97055,Masjid,10:17
97341,Masjid,10:21
97217,Masjid,10:25
97343,Masjid,10:30
97617,Masjid,10:33
97613,Sandhurst Road,09:50
97337,Sandhurst Road,09:54
96619,Sandhurst Road,09:58
97505,Sandhurst Road,10:02
97615,Sandhurst Road,10:05
97053,Sandhurst Road,10:09
97339,Sandhurst Road,10:12
97055,Sandhurst Road,10:19
97341,Sandhurst Road,10:23
97217,Sandhurst Road,10:27
97343,Sandhurst Road,10:32
97617,Sandhurst Road,10:35
97613,Byculla,09:53
95213,Byculla,09:53
97337,Byculla,09:57
95307,Byculla,09:58
96619,Byculla,10:01
97505,Byculla,10:05
95113,Byculla,10:05
97615,Byculla,10:08
95713,Byculla,10:11
97053,Byculla,10:12
95215,Byculla,10:15
97339,Byculla,10:15
95309,Byculla,10:19
97055,Byculla,10:22
95407,Byculla,10:23
97341,Byculla,10:26
95217,Byculla,10:27
97217,Byculla,10:30
95311,Byculla,10:32
97343,Byculla,10:35
97617,Byculla,10:38
97613,Chinchpokli,09:55
97337,Chinchpokli,09:59
96619,Chinchpokli,10:03
97505,Chinchpokli,10:07
97615,Chinchpokli,10:10
97053,Chinchpokli,10:14
97339,Chinchpokli,10:17
97055,Chinchpokli,10:24
97341,Chinchpokli,10:28
97217,Chinchpokli,10:32
97343,Chinchpokli,10:37
97617,Chinchpokli,10:40
97613,Currey Road,09:57
97337,Currey Road,10:01
96619,Currey Road,10:05
97505,Currey Road,10:09
97615,Currey Road,10:12
97053,Currey Road,10:16
97339,Currey Road,10:19
97055,Currey Road,10:26
97341,Currey Road,10:30
97217,Currey Road,10:34
97343,Currey Road,10:39
97617,Currey Road,10:42
97613,Parel,10:00
97337,Parel,10:04
96619,Parel,10:08
97505,Parel,10:12
97615,Parel,10:15
97053,Parel,10:19
97339,Parel,10:22
97055,Parel,10:29
97341,Parel,10:33
97217,Parel,10:37
97057,Parel,10:40
97343,Parel,10:44
97617,Parel,10:47
95907,Dadar,09:55
97613,Dadar,10:03
95213,Dadar,09:59
97337,Dadar,10:07
95307,Dadar,10:04
96619,Dadar,10:11
97505,Dadar,10:15
95113,Dadar,10:11
97615,Dadar,10:18
95713,Dadar,10:17
97053,Dadar,10:22
95215,Dadar,10:21
97339,Dadar,10:25
95309,Dadar,10:25
97055,Dadar,10:32
95407,Dadar,10:29
97341,Dadar,10:36
95217,Dadar,10:33
97217,Dadar,10:40
95311,Dadar,10:38
97057,Dadar,10:44
95715,Dadar,10:45
97343,Dadar,10:47
97617,Dadar,10:52
97613,Matunga,10:06
97337,Matunga,10:10
96619,Matunga,10:14
97505,Matunga,10:18
97615,Matunga,10:21
97053,Matunga,10:25
97339,Matunga,10:28
97055,Matunga,10:34
97341,Matunga,10:39
97217,Matunga,10:43
97057,Matunga,10:48
97343,Matunga,10:51
97617,Matunga,10:55
97613,Sion,10:09
97337,Sion,10:13
96619,Sion,10:17
97505,Sion,10:21
97615,Sion,10:24
97053,Sion,10:28
97339,Sion,10:31
97055,Sion,10:37
97341,Sion,10:42
97217,Sion,10:46
97057,Sion,10:51
97343,Sion,10:54
97617,Sion,10:58
95907,Kurla,10:02
97613,Kurla,10:13
95213,Kurla,10:06
97337,Kurla,10:17
95307,Kurla,10:11
96619,Kurla,10:21
97505,Kurla,10:25
95113,Kurla,10:18
97615,Kurla,10:28
95713,Kurla,10:24
97053,Kurla,10:32
95215,Kurla,10:28
97339,Kurla,10:35
95309,Kurla,10:32
97055,Kurla,10:41
95407,Kurla,10:36
97341,Kurla,10:46
95217,Kurla,10:40
97217,Kurla,10:50
95311,Kurla,10:45
97057,Kurla,10:55
95715,Kurla,10:53
97343,Kurla,10:58
97617,Kurla,11:02
97337,Vidyavihar,10:20
96619,Vidyavihar,10:24
97505,Vidyavihar,10:28
97053,Vidyavihar,10:35
97339,Vidyavihar,10:38
97055,Vidyavihar,10:44
97341,Vidyavihar,10:49
97217,Vidyavihar,10:53
97057,Vidyavihar,10:58
97343,Vidyavihar,11:01
95907,Ghatkopar,10:06
95213,Ghatkopar,10:10
97337,Ghatkopar,10:23
96619,Ghatkopar,10:27
97505,Ghatkopar,10:31
95113,Ghatkopar,10:22
95713,Ghatkopar,10:28
97053,Ghatkopar,10:38
95215,Ghatkopar,10:32
97339,Ghatkopar,10:41
95309,Ghatkopar,10:36
97055,Ghatkopar,10:47
95407,Ghatkopar,10:40
97341,Ghatkopar,10:52
95217,Ghatkopar,10:44
97217,Ghatkopar,10:56
95311,Ghatkopar,10:49
97057,Ghatkopar,11:01
95715,Ghatkopar,10:57
97343,Ghatkopar,11:04
95213,Vikhroli,10:14
97337,Vikhroli,10:27
95307,Vikhroli,10:19
96619,Vikhroli,10:31
97053,Vikhroli,10:42
95215,Vikhroli,10:37
97339,Vikhroli,10:45
97055,Vikhroli,10:51
97341,Vikhroli,10:56
95217,Vikhroli,10:48
97217,Vikhroli,11:00
97057,Vikhroli,11:05
97343,Vikhroli,11:09
97337,Kanjur Marg,10:30
96619,Kanjur Marg,10:34
97053,Kanjur Marg,10:45
97339,Kanjur Marg,10:48
97055,Kanjur Marg,10:54
97341,Kanjur Marg,10:59
97217,Kanjur Marg,11:03
97057,Kanjur Marg,11:08
97343,Kanjur Marg,11:12
97337,Bhandup,10:33
96619,Bhandup,10:37
97053,Bhandup,10:48
97339,Bhandup,10:51
95309,Bhandup,10:46
97055,Bhandup,10:57
97341,Bhandup,11:02
97217,Bhandup,11:06
95311,Bhandup,10:57
97057,Bhandup,11:11
97343,Bhandup,11:15
97337,Nahur,10:36
96619,Nahur,10:40
97053,Nahur,10:51
97339,Nahur,10:54
97055,Nahur,11:00
97341,Nahur,11:05
97217,Nahur,11:09
97057,Nahur,11:15
97343,Nahur,11:18
95907,Mulund,10:18
95213,Mulund,10:22
97337,Mulund,10:39
95307,Mulund,10:27
96619,Mulund,10:43
97053,Mulund,10:54
95215,Mulund,10:45
97339,Mulund,10:57
97055,Mulund,11:03
95407,Mulund,10:53
97341,Mulund,11:08
95217,Mulund,10:56
97217,Mulund,11:12
97057,Mulund,11:19
97343,Mulund,11:22
95907,Thane,10:24
95213,Thane,10:27
97337,Thane,10:46
95307,Thane,10:32
96619,Thane,10:50
95113,Thane,10:38
95713,Thane,10:44
97053,Thane,10:59
95215,Thane,10:50
97339,Thane,11:04
95309,Thane,10:54
97055,Thane,11:08
95407,Thane,10:57
97341,Thane,11:13
95217,Thane,11:00
97217,Thane,11:16
95311,Thane,11:06
97057,Thane,11:24
95715,Thane,11:14
97343,Thane,11:28
96619,Kalva,10:56
97053,Kalva,11:04
97055,Kalva,11:13
97217,Kalva,11:21
97057,Kalva,11:28
96619,Mumbra,11:02
97053,Mumbra,11:10
97055,Mumbra,11:19
97217,Mumbra,11:27
97057,Mumbra,11:34
96619,Diva,11:06
95113,Diva,10:49
97053,Diva,11:14
97055,Diva,11:23
95407,Diva,11:07
97217,Diva,11:31
95311,Diva,11:15
97057,Diva,11:38
96619,Kopar,11:11
97053,Kopar,11:19
97055,Kopar,11:28
97217,Kopar,11:36
97057,Kopar,11:43
95213,Dombivli,10:42
95307,Dombivli,10:47
96619,Dombivli,11:14
95113,Dombivli,10:55
95713,Dombivli,11:00
97053,Dombivli,11:23
95215,Dombivli,11:05
95309,Dombivli,11:09
97055,Dombivli,11:32
95407,Dombivli,11:13
95217,Dombivli,11:16
97217,Dombivli,11:40
95311,Dombivli,11:22
97057,Dombivli,11:46
95715,Dombivli,11:29
96619,Thakurli,11:18
97053,Thakurli,11:27
97055,Thakurli,11:36
97057,Thakurli,11:50
95213,Kalyan,10:50
95307,Kalyan,10:55
96619,Kalyan,11:24
95113,Kalyan,11:04
95713,Kalyan,11:07
97053,Kalyan,11:33
95215,Kalyan,11:12
95309,Kalyan,11:16
97055,Kalyan,11:42
95407,Kalyan,11:21
95217,Kalyan,11:24
95311,Kalyan,11:30
97057,Kalyan,11:56
95715,Kalyan,11:36
95213,Vithalwadi,10:54
95307,Vithalwadi,11:00
95113,Vithalwadi,11:09
95215,Vithalwadi,11:17
95309,Vithalwadi,11:20
95217,Vithalwadi,11:29
95311,Vithalwadi,11:34
95213,Ulhas Nagar,10:56
95307,Ulhas Nagar,11:03
95113,Ulhas Nagar,11:12
95215,Ulhas Nagar,11:20
95309,Ulhas Nagar,11:23
95217,Ulhas Nagar,11:32
95311,Ulhas Nagar,11:37
95213,Ambernath,11:00
95307,Ambernath,11:08
95113,Ambernath,11:16
95215,Ambernath,11:24
95309,Ambernath,11:29
95217,Ambernath,11:37
95311,Ambernath,11:45
95213,Badlapur,11:09
95113,Badlapur,11:23
95215,Badlapur,11:32
95217,Badlapur,11:46
95113,Vangani,11:31
95113,Shelu,11:35
95113,Neral,11:39
95113,Bhivpuri Road,11:46
95113,Karjat,11:55
96007,Karjat,12:00
96007,Palasdhari,12:05
96007,Kelavli,12:12
96007,Dolavli,12:15
96007,Lowjee,12:19
96007,Khopoli,12:25
96619,Shahad,11:29
95407,Shahad,11:26
96619,Ambivli,11:33
95407,Ambivli,11:29
96619,Titwala,11:41
95407,Titwala,11:35
95407,Khadavli,11:42
95407,Vasind,11:49
95407,Asangaon,11:55
95407,Atgaon,12:04
95407,Khardi,12:14
95407,Umbermalli,12:20
95407,Kasara,12:34
97219,CSMT,10:34
95115,CSMT,10:36
97345,CSMT,10:39
95219,CSMT,10:40
97619,CSMT,10:44
97059,CSMT,10:48
95607,CSMT,10:48
97347,CSMT,10:51
95313,CSMT,10:52
97349,CSMT,10:56
95609,CSMT,10:58
97621,CSMT,11:00
96621,CSMT,11:04
97351,CSMT,11:07
97623,CSMT,11:12
95117,CSMT,11:14
97353,CSMT,11:16
95315,CSMT,11:18
97063,CSMT,11:20
96623,CSMT,11:24
97219,Masjid,10:37
97345,Masjid,10:42
97619,Masjid,10:47
97059,Masjid,10:51
97347,Masjid,10:54
97349,Masjid,10:59
97621,Masjid,11:03
96621,Masjid,11:07
97351,Masjid,11:10
97623,Masjid,11:15
97353,Masjid,11:19
97063,Masjid,11:23
96623,Masjid,11:27
97219,Sandhurst Road,10:39
97345,Sandhurst Road,10:44
97619,Sandhurst Road,10:49
97059,Sandhurst Road,10:53
97347,Sandhurst Road,10:56
97349,Sandhurst Road,11:01
97621,Sandhurst Road,11:05
96621,Sandhurst Road,11:09
97351,Sandhurst Road,11:12
97623,Sandhurst Road,11:17
97353,Sandhurst Road,11:21
97063,Sandhurst Road,11:25
96623,Sandhurst Road,11:29
97219,Byculla,10:42
95115,Byculla,10:44
97345,Byculla,10:47
95219,Byculla,10:47
97619,Byculla,10:52
97059,Byculla,10:56
95607,Byculla,10:55
97347,Byculla,10:59
95313,Byculla,10:59
97349,Byculla,11:04
95609,Byculla,11:05
97621,Byculla,11:08
96621,Byculla,11:12
97351,Byculla,11:15
97623,Byculla,11:20
95117,Byculla,11:21
97353,Byculla,11:24
95315,Byculla,11:25
97063,Byculla,11:28
96623,Byculla,11:32
97219,Chinchpokli,10:44
97345,Chinchpokli,10:49
97619,Chinchpokli,10:54
97059,Chinchpokli,10:58
97347,Chinchpokli,11:01
97349,Chinchpokli,11:06
97621,Chinchpokli,11:10
96621,Chinchpokli,11:14
97351,Chinchpokli,11:17
97623,Chinchpokli,11:22
97353,Chinchpokli,11:26
97063,Chinchpokli,11:30
96623,Chinchpokli,11:34
97219,Currey Road,10:46
97345,Currey Road,10:51
97619,Currey Road,10:56
97059,Currey Road,11:00
97347,Currey Road,11:03
97349,Currey Road,11:08
97621,Currey Road,11:12
96621,Currey Road,11:16
97351,Currey Road,11:19
97623,Currey Road,11:24
97353,Currey Road,11:28
97063,Currey Road,11:32
96623,Currey Road,11:36
97219,Parel,10:51
97345,Parel,10:55
97619,Parel,10:59
97059,Parel,11:03
97347,Parel,11:06
97061,Parel,11:09
97349,Parel,11:12
97621,Parel,11:15
96621,Parel,11:19
97351,Parel,11:22
97623,Parel,11:27
97353,Parel,11:31
97063,Parel,11:35
96623,Parel,11:39
97219,Dadar,10:55
95115,Dadar,10:50
97345,Dadar,10:59
95219,Dadar,10:53
97619,Dadar,11:02
97059,Dadar,11:06
95607,Dadar,11:01
97347,Dadar,11:09
95313,Dadar,11:05
95221,Dadar,11:08
97061,Dadar,11:12
97349,Dadar,11:15
95609,Dadar,11:11
97621,Dadar,11:19
96621,Dadar,11:22
97351,Dadar,11:25
97623,Dadar,11:30
95117,Dadar,11:27
97353,Dadar,11:34
95315,Dadar,11:31
97063,Dadar,11:38
96623,Dadar,11:42
97219,Matunga,10:59
97345,Matunga,11:03
97619,Matunga,11:06
97059,Matunga,11:10
97347,Matunga,11:13
97061,Matunga,11:16
97349,Matunga,11:19
97621,Matunga,11:22
96621,Matunga,11:25
97351,Matunga,11:28
97623,Matunga,11:33
97353,Matunga,11:37
97063,Matunga,11:41
96623,Matunga,11:45
97219,Sion,11:02
97345,Sion,11:06
97619,Sion,11:09
97059,Sion,11:13
97347,Sion,11:16
97061,Sion,11:19
97349,Sion,11:22
97621,Sion,11:25
96621,Sion,11:28
97351,Sion,11:31
97623,Sion,11:36
97353,Sion,11:40
97063,Sion,11:44
96623,Sion,11:48
97219,Kurla,11:06
95115,Kurla,10:57
97345,Kurla,11:10
95219,Kurla,11:00
97619,Kurla,11:13
97059,Kurla,11:17
95607,Kurla,11:08
97347,Kurla,11:20
95313,Kurla,11:12
95221,Kurla,11:15
97061,Kurla,11:23
97349,Kurla,11:26
95609,Kurla,11:18
97621,Kurla,11:29
96621,Kurla,11:32
97351,Kurla,11:35
97623,Kurla,11:40
95117,Kurla,11:34
97353,Kurla,11:44
95315,Kurla,11:38
97063,Kurla,11:48
96623,Kurla,11:52
97219,Vidyavihar,11:09
97345,Vidyavihar,11:13
97059,Vidyavihar,11:20
97347,Vidyavihar,11:23
97061,Vidyavihar,11:26
97349,Vidyavihar,11:29
96621,Vidyavihar,11:35
97351,Vidyavihar,11:38
97353,Vidyavihar,11:47
97063,Vidyavihar,11:51
96623,Vidyavihar,11:55
97219,Ghatkopar,11:12
95115,Ghatkopar,11:01
97345,Ghatkopar,11:16
95219,Ghatkopar,11:04
97059,Ghatkopar,11:23
95607,Ghatkopar,11:12
97347,Ghatkopar,11:26
95313,Ghatkopar,11:16
95221,Ghatkopar,11:19
97061,Ghatkopar,11:29
97349,Ghatkopar,11:32
95609,Ghatkopar,11:22
96621,Ghatkopar,11:38
97351,Ghatkopar,11:41
95117,Ghatkopar,11:38
97353,Ghatkopar,11:50
95315,Ghatkopar,11:42
97063,Ghatkopar,11:54
96623,Ghatkopar,11:58
97219,Vikhroli,11:16
97345,Vikhroli,11:20
95219,Vikhroli,11:08
97059,Vikhroli,11:27
97347,Vikhroli,11:30
97061,Vikhroli,11:33
97349,Vikhroli,11:36
96621,Vikhroli,11:42
97351,Vikhroli,11:45
97353,Vikhroli,11:54
97063,Vikhroli,11:58
96623,Vikhroli,12:02
97219,Kanjur Marg,11:19
97345,Kanjur Marg,11:23
97059,Kanjur Marg,11:30
97347,Kanjur Marg,11:33
97061,Kanjur Marg,11:36
97349,Kanjur Marg,11:39
96621,Kanjur Marg,11:45
97351,Kanjur Marg,11:48
97353,Kanjur Marg,11:57
97063,Kanjur Marg,12:01
96623,Kanjur Marg,12:05
97219,Bhandup,11:22
95115,Bhandup,11:09
97345,Bhandup,11:26
97059,Bhandup,11:33
97347,Bhandup,11:36
97061,Bhandup,11:39
97349,Bhandup,11:42
96621,Bhandup,11:48
97351,Bhandup,11:51
97353,Bhandup,12:00
95315,Bhandup,11:50
97063,Bhandup,12:04
96623,Bhandup,12:08
97219,Nahur,11:25
97345,Nahur,11:29
97059,Nahur,11:36
97347,Nahur,11:39
97061,Nahur,11:42
97349,Nahur,11:45
96621,Nahur,11:51
97351,Nahur,11:54
97353,Nahur,12:03
97063,Nahur,12:07
96623,Nahur,12:11
97219,Mulund,11:28
97345,Mulund,11:32
95219,Mulund,11:16
97059,Mulund,11:39
95607,Mulund,11:24
97347,Mulund,11:42
97061,Mulund,11:45
97349,Mulund,11:48
95609,Mulund,11:34
96621,Mulund,11:54
97351,Mulund,11:57
95117,Mulund,11:49
97353,Mulund,12:06
97063,Mulund,12:10
96623,Mulund,12:14
97219,Thane,11:33
95115,Thane,11:17
97345,Thane,11:37
95219,Thane,11:21
97059,Thane,11:45
95607,Thane,11:28
97347,Thane,11:48
95313,Thane,11:31
95221,Thane,11:34
96513,Thane,11:49
97061,Thane,11:52
97349,Thane,11:55
95609,Thane,11:40
96621,Thane,12:00
97351,Thane,12:03
95117,Thane,11:53
96109,Thane,12:05
97353,Thane,12:11
95315,Thane,11:58
97063,Thane,12:15
96623,Thane,12:19
97219,Kalva,11:37
97059,Kalva,11:50
96513,Kalva,11:54
97061,Kalva,11:57
95609,Kalva,11:45
96621,Kalva,12:06
96109,Kalva,12:10
97063,Kalva,12:20
96623,Kalva,12:24
97219,Mumbra,11:43
97059,Mumbra,11:56
96513,Mumbra,12:00
97061,Mumbra,12:03
95609,Mumbra,11:51
96621,Mumbra,12:12
96109,Mumbra,12:16
97063,Mumbra,12:26
96623,Mumbra,12:30
97219,Diva,11:47
97059,Diva,12:00
96513,Diva,12:04
97061,Diva,12:07
95609,Diva,11:55
96621,Diva,12:16
96109,Diva,12:20
95315,Diva,12:09
97063,Diva,12:30
96623,Diva,12:34
97219,Kopar,11:52
97059,Kopar,12:05
96513,Kopar,12:09
97061,Kopar,12:12
95609,Kopar,12:00
96621,Kopar,12:21
96109,Kopar,12:25
97063,Kopar,12:35
96623,Kopar,12:39
97219,Dombivli,11:55
95115,Dombivli,11:32
95219,Dombivli,11:36
97059,Dombivli,12:08
95607,Dombivli,11:44
95313,Dombivli,11:47
95221,Dombivli,11:50
96513,Dombivli,12:13
97061,Dombivli,12:16
95609,Dombivli,12:03
96621,Dombivli,12:24
95117,Dombivli,12:08
96109,Dombivli,12:28
95315,Dombivli,12:15
97063,Dombivli,12:38
96623,Dombivli,12:43
97059,Thakurli,12:12
96513,Thakurli,12:18
97061,Thakurli,12:21
95609,Thakurli,12:07
96621,Thakurli,12:28
96109,Thakurli,12:32
97063,Thakurli,12:42
96623,Thakurli,12:47
95115,Kalyan,11:40
95219,Kalyan,11:48
97059,Kalyan,12:18
95607,Kalyan,11:53
95313,Kalyan,11:57
95221,Kalyan,12:00
96513,Kalyan,12:27
97061,Kalyan,12:28
95609,Kalyan,12:13
96621,Kalyan,12:34
95117,Kalyan,12:17
96109,Kalyan,12:39
95315,Kalyan,12:24
97063,Kalyan,12:48
96623,Kalyan,12:53
95115,Vithalwadi,11:45
95219,Vithalwadi,11:52
95313,Vithalwadi,12:01
95221,Vithalwadi,12:05
95117,Vithalwadi,12:21
96109,Vithalwadi,12:44
95315,Vithalwadi,12:28
95115,Ulhas Nagar,11:48
95219,Ulhas Nagar,11:55
95313,Ulhas Nagar,12:04
95221,Ulhas Nagar,12:08
95117,Ulhas Nagar,12:24
96109,Ulhas Nagar,12:47
95315,Ulhas Nagar,12:31
95115,Ambernath,11:52
95219,Ambernath,11:59
95313,Ambernath,12:09
95221,Ambernath,12:13
95117,Ambernath,12:28
96109,Ambernath,12:51
95315,Ambernath,12:36
95115,Badlapur,11:59
95219,Badlapur,12:07
95221,Badlapur,12:21
95117,Badlapur,12:35
96109,Badlapur,12:58
95115,Vangani,12:07
95117,Vangani,12:43
96109,Vangani,13:06
95115,Shelu,12:11
95117,Shelu,12:47
96109,Shelu,13:10
95115,Neral,12:15
95117,Neral,12:51
96109,Neral,13:14
95115,Bhivpuri Road,12:22
95117,Bhivpuri Road,12:58
96109,Bhivpuri Road,13:21
95115,Karjat,12:32
95117,Karjat,13:08
96009,Karjat,13:15
96109,Karjat,13:31
96009,Palasdhari,13:20
96009,Kelavli,13:27
96009,Dolavli,13:30
96009,Lowjee,13:34
96009,Khopoli,13:40
95607,Shahad,11:57
96513,Shahad,12:32
95609,Shahad,12:18
96621,Shahad,12:38
96623,Shahad,12:57
95607,Ambivli,12:00
96513,Ambivli,12:35
95609,Ambivli,12:21
96621,Ambivli,12:41
96623,Ambivli,13:00
95607,Titwala,12:08
96513,Titwala,12:41
95609,Titwala,12:29
96621,Titwala,12:49
96623,Titwala,13:08
96513,Khadavli,12:48
96513,Vasind,12:55
96513,Asangaon,13:03
97221,CSMT,11:30
95801,CSMT,11:37
97355,CSMT,11:36
96311,CSMT,11:40
95409,CSMT,11:42
97357,CSMT,11:45
95223,CSMT,11:50
97069,CSMT,11:50
96625,CSMT,11:54
96313,CSMT,11:58
97071,CSMT,12:07
97073,CSMT,12:15
95005,CSMT,12:20
97359,CSMT,12:24
95717,CSMT,12:25
97075,CSMT,12:27
95411,CSMT,12:30
97077,CSMT,12:32
97227,CSMT,12:38
97221,Masjid,11:33
97355,Masjid,11:39
96311,Masjid,11:43
97357,Masjid,11:48
97069,Masjid,11:53
96625,Masjid,11:57
96313,Masjid,12:01
97071,Masjid,12:10
97073,Masjid,12:18
97359,Masjid,12:27
97075,Masjid,12:30
97077,Masjid,12:35
97227,Masjid,12:41
97221,Sandhurst Road,11:35
97355,Sandhurst Road,11:41
96311,Sandhurst Road,11:45
97357,Sandhurst Road,11:50
97069,Sandhurst Road,11:55
96625,Sandhurst Road,11:59
96313,Sandhurst Road,12:03
97071,Sandhurst Road,12:12
97073,Sandhurst Road,12:20
97359,Sandhurst Road,12:29
97075,Sandhurst Road,12:32
97077,Sandhurst Road,12:37
97227,Sandhurst Road,12:43
97221,Byculla,11:38
95801,Byculla,11:44
97355,Byculla,11:44
96311,Byculla,11:48
95409,Byculla,11:49
97357,Byculla,11:53
95223,Byculla,11:57
97069,Byculla,11:58
96625,Byculla,12:02
96313,Byculla,12:06
97071,Byculla,12:15
97073,Byculla,12:23
95005,Byculla,12:27
97359,Byculla,12:32
95717,Byculla,12:32
97075,Byculla,12:35
95411,Byculla,12:37
97077,Byculla,12:40
97227,Byculla,12:46
97221,Chinchpokli,11:40
97355,Chinchpokli,11:46
96311,Chinchpokli,11:50
97357,Chinchpokli,11:55
97069,Chinchpokli,12:00
96625,Chinchpokli,12:04
96313,Chinchpokli,12:08
97071,Chinchpokli,12:17
97073,Chinchpokli,12:25
97359,Chinchpokli,12:34
97075,Chinchpokli,12:37
97077,Chinchpokli,12:42
97227,Chinchpokli,12:48
97221,Currey Road,11:42
97355,Currey Road,11:48
96311,Currey Road,11:52
97357,Currey Road,11:57
97069,Currey Road,12:02
96625,Currey Road,12:06
96313,Currey Road,12:10
97071,Currey Road,12:19
97073,Currey Road,12:27
97359,Currey Road,12:36
97075,Currey Road,12:39
97077,Currey Road,12:44
97227,Currey Road,12:50
97065,Parel,11:42
97221,Parel,11:45
97355,Parel,11:51
96311,Parel,11:55
97357,Parel,12:00
97069,Parel,12:05
96625,Parel,12:09
96313,Parel,12:13
97223,Parel,12:17
97071,Parel,12:22
97073,Parel,12:30
97225,Parel,12:34
97359,Parel,12:39
97075,Parel,12:42
97077,Parel,12:47
97227,Parel,12:53
97065,Dadar,11:45
97221,Dadar,11:48
95801,Dadar,11:51
97355,Dadar,11:54
96311,Dadar,11:58
95409,Dadar,11:55
97357,Dadar,12:03
95223,Dadar,12:03
97069,Dadar,12:08
96625,Dadar,12:12
96313,Dadar,12:16
97223,Dadar,12:20
97071,Dadar,12:25
95225,Dadar,12:30
97073,Dadar,12:33
97225,Dadar,12:37
95005,Dadar,12:33
97359,Dadar,12:42
95717,Dadar,12:38
97075,Dadar,12:45
95411,Dadar,12:43
97077,Dadar,12:50
97227,Dadar,12:56
97065,Matunga,11:48
97221,Matunga,11:51
97355,Matunga,11:57
96311,Matunga,12:01
97357,Matunga,12:06
97069,Matunga,12:11
96625,Matunga,12:15
96313,Matunga,12:19
97223,Matunga,12:24
97071,Matunga,12:28
97073,Matunga,12:36
97225,Matunga,12:41
97359,Matunga,12:45
97075,Matunga,12:48
97077,Matunga,12:53
97227,Matunga,12:59
97065,Sion,11:51
97221,Sion,11:54
97355,Sion,12:00
96311,Sion,12:04
97357,Sion,12:09
97069,Sion,12:14
96625,Sion,12:18
96313,Sion,12:22
97223,Sion,12:27
97071,Sion,12:31
97073,Sion,12:39
97225,Sion,12:44
97359,Sion,12:48
97075,Sion,12:51
97077,Sion,12:56
97227,Sion,13:02
97065,Kurla,11:55
97221,Kurla,11:58
97067,Kurla,12:01
95801,Kurla,11:58
97355,Kurla,12:04
96311,Kurla,12:08
95409,Kurla,12:02
97357,Kurla,12:13
95223,Kurla,12:10
97069,Kurla,12:18
96625,Kurla,12:22
96313,Kurla,12:26
97223,Kurla,12:31
97071,Kurla,12:35
95225,Kurla,12:38
97073,Kurla,12:43
97225,Kurla,12:48
95005,Kurla,12:41
97359,Kurla,12:52
95717,Kurla,12:46
97075,Kurla,12:55
95411,Kurla,12:50
97077,Kurla,13:00
97227,Kurla,13:06
97065,Vidyavihar,11:58
97221,Vidyavihar,12:01
97067,Vidyavihar,12:05
97355,Vidyavihar,12:08
96311,Vidyavihar,12:12
97357,Vidyavihar,12:17
97069,Vidyavihar,12:21
96625,Vidyavihar,12:25
96313,Vidyavihar,12:29
97223,Vidyavihar,12:34
97071,Vidyavihar,12:38
97073,Vidyavihar,12:46
97225,Vidyavihar,12:51
97359,Vidyavihar,12:55
97075,Vidyavihar,12:58
97077,Vidyavihar,13:03
97227,Vidyavihar,13:09
97065,Ghatkopar,12:01
97221,Ghatkopar,12:04
97067,Ghatkopar,12:08
95801,Ghatkopar,12:02
97355,Ghatkopar,12:11
96311,Ghatkopar,12:15
95409,Ghatkopar,12:06
97357,Ghatkopar,12:20
95223,Ghatkopar,12:14
97069,Ghatkopar,12:24
96625,Ghatkopar,12:28
96313,Ghatkopar,12:32
97223,Ghatkopar,12:37
97071,Ghatkopar,12:41
95225,Ghatkopar,12:42
97073,Ghatkopar,12:49
97225,Ghatkopar,12:54
95005,Ghatkopar,12:45
97359,Ghatkopar,12:58
95717,Ghatkopar,12:50
97075,Ghatkopar,13:01
95411,Ghatkopar,12:54
97077,Ghatkopar,13:06
97227,Ghatkopar,13:12
97065,Vikhroli,12:05
97221,Vikhroli,12:08
97067,Vikhroli,12:12
97355,Vikhroli,12:15
96311,Vikhroli,12:19
97357,Vikhroli,12:24
97069,Vikhroli,12:28
96625,Vikhroli,12:32
96313,Vikhroli,12:36
97223,Vikhroli,12:41
97071,Vikhroli,12:45
97073,Vikhroli,12:53
97225,Vikhroli,12:58
97359,Vikhroli,13:02
97075,Vikhroli,13:05
97077,Vikhroli,13:10
97227,Vikhroli,13:16
97065,Kanjur Marg,12:08
97221,Kanjur Marg,12:11
97067,Kanjur Marg,12:15
97355,Kanjur Marg,12:18
96311,Kanjur Marg,12:22
97357,Kanjur Marg,12:27
97069,Kanjur Marg,12:31
96625,Kanjur Marg,12:35
96313,Kanjur Marg,12:39
97223,Kanjur Marg,12:44
97071,Kanjur Marg,12:48
97073,Kanjur Marg,12:56
97225,Kanjur Marg,13:01
97359,Kanjur Marg,13:05
97075,Kanjur Marg,13:08
97077,Kanjur Marg,13:13
97227,Kanjur Marg,13:19
97065,Bhandup,12:11
97221,Bhandup,12:14
97067,Bhandup,12:18
95801,Bhandup,12:10
97355,Bhandup,12:21
96311,Bhandup,12:25
97357,Bhandup,12:30
97069,Bhandup,12:34
96625,Bhandup,12:38
96313,Bhandup,12:42
97223,Bhandup,12:47
97071,Bhandup,12:51
97073,Bhandup,12:59
97225,Bhandup,13:04
97359,Bhandup,13:08
97075,Bhandup,13:11
97077,Bhandup,13:16
97227,Bhandup,13:22
97065,Nahur,12:14
97221,Nahur,12:17
97067,Nahur,12:21
97355,Nahur,12:24
96311,Nahur,12:28
97357,Nahur,12:33
97069,Nahur,12:37
96625,Nahur,12:41
96313,Nahur,12:45
97223,Nahur,12:50
97071,Nahur,12:54
97073,Nahur,13:02
97225,Nahur,13:07
97359,Nahur,13:11
97075,Nahur,13:14
97077,Nahur,13:19
97227,Nahur,13:25
97065,Mulund,12:17
97221,Mulund,12:21
97067,Mulund,12:24
97355,Mulund,12:27
96311,Mulund,12:31
95409,Mulund,12:18
97357,Mulund,12:36
97069,Mulund,12:40
96625,Mulund,12:44
96313,Mulund,12:48
97223,Mulund,12:53
97071,Mulund,12:57
97073,Mulund,13:05
97225,Mulund,13:10
97359,Mulund,13:14
97075,Mulund,13:17
95411,Mulund,13:06
97077,Mulund,13:22
97227,Mulund,13:28
97065,Thane,12:23
97221,Thane,12:27
97067,Thane,12:30
95801,Thane,12:17
97355,Thane,12:33
96311,Thane,12:37
95409,Thane,12:22
97357,Thane,12:40
95223,Thane,12:30
97069,Thane,12:45
96625,Thane,12:49
96313,Thane,12:53
97223,Thane,12:58
97071,Thane,13:02
95225,Thane,12:57
96203,Thane,13:06
97073,Thane,13:10
97225,Thane,13:15
95005,Thane,13:01
97359,Thane,13:20
95717,Thane,13:06
97075,Thane,13:23
95411,Thane,13:12
97077,Thane,13:27
97227,Thane,13:33
97065,Kalva,12:28
97221,Kalva,12:32
97067,Kalva,12:35
96311,Kalva,12:42
97069,Kalva,12:50
96625,Kalva,12:54
96313,Kalva,12:58
97223,Kalva,13:03
97071,Kalva,13:07
96203,Kalva,13:11
97073,Kalva,13:15
97225,Kalva,13:20
97075,Kalva,13:28
97077,Kalva,13:32
97227,Kalva,13:38
97065,Mumbra,12:34
97221,Mumbra,12:38
97067,Mumbra,12:41
96311,Mumbra,12:48
97069,Mumbra,12:56
96625,Mumbra,13:00
96313,Mumbra,13:04
97223,Mumbra,13:09
97071,Mumbra,13:13
96203,Mumbra,13:17
97073,Mumbra,13:21
97225,Mumbra,13:26
97075,Mumbra,13:34
97077,Mumbra,13:38
97227,Mumbra,13:44
97065,Diva,12:38
97221,Diva,12:42
97067,Diva,12:45
96311,Diva,12:52
95409,Diva,12:33
97069,Diva,13:00
96625,Diva,13:04
96313,Diva,13:08
97223,Diva,13:13
97071,Diva,13:17
96203,Diva,13:21
97073,Diva,13:25
97225,Diva,13:30
97075,Diva,13:38
95411,Diva,13:23
97077,Diva,13:42
97227,Diva,13:48
97065,Kopar,12:43
97221,Kopar,12:47
97067,Kopar,12:50
96311,Kopar,12:57
97069,Kopar,13:05
96625,Kopar,13:09
96313,Kopar,13:13
97223,Kopar,13:18
97071,Kopar,13:22
96203,Kopar,13:26
97073,Kopar,13:30
97225,Kopar,13:35
97075,Kopar,13:43
97077,Kopar,13:47
97227,Kopar,13:53
97065,Dombivli,12:46
97221,Dombivli,12:50
97067,Dombivli,12:54
95801,Dombivli,12:32
96311,Dombivli,13:00
95409,Dombivli,12:38
95223,Dombivli,12:46
97069,Dombivli,13:08
96625,Dombivli,13:12
96313,Dombivli,13:16
97223,Dombivli,13:22
97071,Dombivli,13:26
95225,Dombivli,13:13
96203,Dombivli,13:29
97073,Dombivli,13:34
97225,Dombivli,13:39
95005,Dombivli,13:17
95717,Dombivli,13:22
97075,Dombivli,13:46
95411,Dombivli,13:29
97077,Dombivli,13:50
97227,Dombivli,13:57
97065,Thakurli,12:50
97067,Thakurli,12:58
96311,Thakurli,13:04
97069,Thakurli,13:12
96625,Thakurli,13:16
96313,Thakurli,13:20
97071,Thakurli,13:30
96203,Thakurli,13:33
97073,Thakurli,13:38
97075,Thakurli,13:50
97077,Thakurli,13:54
97065,Kalyan,12:56
97067,Kalyan,13:04
96311,Kalyan,13:12
95409,Kalyan,12:47
95223,Kalyan,12:54
97069,Kalyan,13:18
96625,Kalyan,13:23
96313,Kalyan,13:28
97071,Kalyan,13:36
95225,Kalyan,13:21
96203,Kalyan,13:40
97073,Kalyan,13:44
95005,Kalyan,13:25
95717,Kalyan,13:29
97075,Kalyan,13:56
95411,Kalyan,13:37
97077,Kalyan,14:00
96311,Vithalwadi,13:16
95223,Vithalwadi,12:58
96313,Vithalwadi,13:34
95225,Vithalwadi,13:25
96203,Vithalwadi,13:45
95005,Vithalwadi,13:30
96311,Ulhas Nagar,13:19
95223,Ulhas Nagar,13:01
96313,Ulhas Nagar,13:37
95225,Ulhas Nagar,13:28
96203,Ulhas Nagar,13:48
95005,Ulhas Nagar,13:33
96311,Ambernath,13:24
95223,Ambernath,13:05
96313,Ambernath,13:44
95225,Ambernath,13:32
96203,Ambernath,13:52
95005,Ambernath,13:37
95223,Badlapur,13:12
95225,Badlapur,13:39
96203,Badlapur,13:59
95005,Badlapur,13:44
95005,Vangani,13:52
95005,Shelu,13:56
95005,Neral,14:00
95005,Bhivpuri Road,14:07
95005,Karjat,14:18
95005,Palasdhari,14:23
95005,Kelavli,14:30
95005,Dolavli,14:33
95005,Lowjee,14:37
95005,Khopoli,14:43
95409,Shahad,12:52
96625,Shahad,13:27
95411,Shahad,13:41
95409,Ambivli,12:55
96625,Ambivli,13:30
95411,Ambivli,13:44
95409,Titwala,13:01
96625,Titwala,13:38
95411,Titwala,13:50
95409,Khadavli,13:08
95411,Khadavli,13:57
95409,Vasind,13:15
95411,Vasind,14:04
95409,Asangaon,13:21
95411,Asangaon,14:10
95409,Atgaon,13:30
95411,Atgaon,14:19
95409,Thansit,13:35
95411,Thansit,14:25
95409,Khardi,13:40
95411,Khardi,14:29
95409,Umbermalli,13:46
95411,Umbermalli,14:35
95409,Kasara,13:58
95411,Kasara,14:47
96627,CSMT,12:44
96315,CSMT,12:48
97079,CSMT,12:52
95719,CSMT,12:53
97361,CSMT,12:58
97083,CSMT,13:02
97363,CSMT,13:06
96407,CSMT,13:10
95505,CSMT,13:15
96317,CSMT,13:15
95119,CSMT,13:19
95227,CSMT,13:23
97085,CSMT,13:26
96515,CSMT,13:30
97365,CSMT,13:38
95121,CSMT,13:40
96631,CSMT,13:42
97089,CSMT,13:46
95229,CSMT,13:50
96627,Masjid,12:47
96315,Masjid,12:51
97079,Masjid,12:55
97361,Masjid,13:01
97083,Masjid,13:05
97363,Masjid,13:09
96407,Masjid,13:13
96317,Masjid,13:18
97085,Masjid,13:29
96515,Masjid,13:33
97365,Masjid,13:41
96631,Masjid,13:45
97089,Masjid,13:49
96627,Sandhurst Road,12:49
96315,Sandhurst Road,12:53
97079,Sandhurst Road,12:57
97361,Sandhurst Road,13:03
97083,Sandhurst Road,13:07
97363,Sandhurst Road,13:11
96407,Sandhurst Road,13:15
96317,Sandhurst Road,13:20
97085,Sandhurst Road,13:31
96515,Sandhurst Road,13:35
97365,Sandhurst Road,13:43
96631,Sandhurst Road,13:47
97089,Sandhurst Road,13:51
96627,Byculla,12:52
96315,Byculla,12:56
97079,Byculla,13:00
95719,Byculla,13:01
97361,Byculla,13:06
97083,Byculla,13:10
97363,Byculla,13:14
96407,Byculla,13:18
95505,Byculla,13:22
96317,Byculla,13:23
95119,Byculla,13:26
95227,Byculla,13:30
97085,Byculla,13:34
96515,Byculla,13:38
97365,Byculla,13:46
95121,Byculla,13:47
96631,Byculla,13:50
97089,Byculla,13:54
95229,Byculla,13:57
96627,Chinchpokli,12:54
96315,Chinchpokli,12:58
97079,Chinchpokli,13:02
97361,Chinchpokli,13:08
97083,Chinchpokli,13:12
97363,Chinchpokli,13:16
96407,Chinchpokli,13:20
96317,Chinchpokli,13:25
97085,Chinchpokli,13:36
96515,Chinchpokli,13:40
97365,Chinchpokli,13:48
96631,Chinchpokli,13:52
97089,Chinchpokli,13:56
96627,Currey Road,12:56
96315,Currey Road,13:00
97079,Currey Road,13:04
97361,Currey Road,13:10
97083,Currey Road,13:14
97363,Currey Road,13:18
96407,Currey Road,13:22
96317,Currey Road,13:27
97085,Currey Road,13:38
96515,Currey Road,13:42
97365,Currey Road,13:50
96631,Currey Road,13:54
97089,Currey Road,13:58
96627,Parel,12:59
96315,Parel,13:03
97079,Parel,13:07
97081,Parel,13:10
97361,Parel,13:13
97083,Parel,13:17
97363,Parel,13:21
96407,Parel,13:25
96317,Parel,13:30
97229,Parel,13:35
97085,Parel,13:41
96515,Parel,13:45
97365,Parel,13:53
96631,Parel,13:57
97089,Parel,14:01
96627,Dadar,13:02
96315,Dadar,13:06
97079,Dadar,13:10
97081,Dadar,13:13
95719,Dadar,13:07
95317,Dadar,13:10
97361,Dadar,13:17
97083,Dadar,13:21
97363,Dadar,13:25
96407,Dadar,13:29
95505,Dadar,13:28
96317,Dadar,13:34
95119,Dadar,13:32
95227,Dadar,13:36
97229,Dadar,13:38
97085,Dadar,13:44
96515,Dadar,13:48
97365,Dadar,13:56
95121,Dadar,13:53
96631,Dadar,14:00
97089,Dadar,14:04
95229,Dadar,14:03
96627,Matunga,13:05
96315,Matunga,13:09
97079,Matunga,13:13
97081,Matunga,13:17
97361,Matunga,13:21
97083,Matunga,13:25
97363,Matunga,13:29
96407,Matunga,13:33
96317,Matunga,13:37
97229,Matunga,13:42
97085,Matunga,13:47
96515,Matunga,13:51
97365,Matunga,13:59
96631,Matunga,14:03
97089,Matunga,14:07
96627,Sion,13:08
96315,Sion,13:12
97079,Sion,13:16
97081,Sion,13:20
97361,Sion,13:24
97083,Sion,13:28
97363,Sion,13:32
96407,Sion,13:36
96317,Sion,13:40
97229,Sion,13:45
97085,Sion,13:50
96515,Sion,13:54
97365,Sion,14:02
96631,Sion,14:06
97089,Sion,14:10
96627,Kurla,13:12
96315,Kurla,13:16
97079,Kurla,13:20
97081,Kurla,13:24
95719,Kurla,13:14
95317,Kurla,13:17
97361,Kurla,13:28
97083,Kurla,13:32
97363,Kurla,13:36
96407,Kurla,13:40
95505,Kurla,13:35
96317,Kurla,13:44
95119,Kurla,13:39
95227,Kurla,13:43
97229,Kurla,13:49
97085,Kurla,13:54
96515,Kurla,13:58
97365,Kurla,14:06
95121,Kurla,14:00
96631,Kurla,14:10
97089,Kurla,14:14
95229,Kurla,14:11
96627,Vidyavihar,13:15
96315,Vidyavihar,13:19
97079,Vidyavihar,13:23
97081,Vidyavihar,13:27
97361,Vidyavihar,13:31
97083,Vidyavihar,13:35
97363,Vidyavihar,13:39
96407,Vidyavihar,13:43
96317,Vidyavihar,13:47
97229,Vidyavihar,13:52
97085,Vidyavihar,13:57
96515,Vidyavihar,14:01
97365,Vidyavihar,14:09
96631,Vidyavihar,14:13
97089,Vidyavihar,14:17
96627,Ghatkopar,13:18
96315,Ghatkopar,13:22
97079,Ghatkopar,13:26
97081,Ghatkopar,13:30
95719,Ghatkopar,13:18
95317,Ghatkopar,13:21
97361,Ghatkopar,13:34
97083,Ghatkopar,13:38
97363,Ghatkopar,13:42
96407,Ghatkopar,13:46
95505,Ghatkopar,13:39
96317,Ghatkopar,13:50
95119,Ghatkopar,13:43
95227,Ghatkopar,13:47
97229,Ghatkopar,13:55
97085,Ghatkopar,14:00
96515,Ghatkopar,14:04
97365,Ghatkopar,14:12
95121,Ghatkopar,14:04
96631,Ghatkopar,14:16
97089,Ghatkopar,14:20
95229,Ghatkopar,14:15
96627,Vikhroli,13:22
96315,Vikhroli,13:26
97079,Vikhroli,13:30
97081,Vikhroli,13:34
97361,Vikhroli,13:38
97083,Vikhroli,13:42
97363,Vikhroli,13:46
96407,Vikhroli,13:50
96317,Vikhroli,13:54
97229,Vikhroli,13:59
97085,Vikhroli,14:04
96515,Vikhroli,14:08
97365,Vikhroli,14:16
96631,Vikhroli,14:20
97089,Vikhroli,14:24
96627,Kanjur Marg,13:25
96315,Kanjur Marg,13:29
97079,Kanjur Marg,13:33
97081,Kanjur Marg,13:37
97361,Kanjur Marg,13:42
97083,Kanjur Marg,13:46
97363,Kanjur Marg,13:50
96407,Kanjur Marg,13:54
96317,Kanjur Marg,13:57
97229,Kanjur Marg,14:02
97085,Kanjur Marg,14:07
96515,Kanjur Marg,14:11
97365,Kanjur Marg,14:19
96631,Kanjur Marg,14:23
97089,Kanjur Marg,14:27
96627,Bhandup,13:28
96315,Bhandup,13:32
97079,Bhandup,13:36
97081,Bhandup,13:40
95317,Bhandup,13:29
97361,Bhandup,13:45
97083,Bhandup,13:49
97363,Bhandup,13:53
96407,Bhandup,13:57
95505,Bhandup,13:47
96317,Bhandup,14:00
97229,Bhandup,14:05
97085,Bhandup,14:10
96515,Bhandup,14:14
97365,Bhandup,14:22
96631,Bhandup,14:26
97089,Bhandup,14:30
96627,Nahur,13:31
96315,Nahur,13:35
97079,Nahur,13:39
97081,Nahur,13:43
97361,Nahur,13:48
97083,Nahur,13:52
97363,Nahur,13:56
96407,Nahur,14:00
96317,Nahur,14:03
97229,Nahur,14:08
97085,Nahur,14:13
96515,Nahur,14:17
97365,Nahur,14:25
96631,Nahur,14:29
97089,Nahur,14:33
96627,Mulund,13:34
96315,Mulund,13:38
97079,Mulund,13:42
97081,Mulund,13:46
97361,Mulund,13:52
97083,Mulund,13:56
97363,Mulund,14:00
96407,Mulund,14:04
96317,Mulund,14:07
95119,Mulund,13:55
97229,Mulund,14:11
97085,Mulund,14:16
96515,Mulund,14:20
97365,Mulund,14:28
95121,Mulund,14:16
96631,Mulund,14:32
97089,Mulund,14:36
95229,Mulund,14:27
96627,Thane,13:39
96315,Thane,13:42
97079,Thane,13:46
97081,Thane,13:50
95719,Thane,13:34
95317,Thane,13:37
97361,Thane,13:58
97083,Thane,14:01
96629,Thane,14:05
97363,Thane,14:06
96407,Thane,14:09
95505,Thane,13:55
96317,Thane,14:12
95119,Thane,13:59
95227,Thane,14:02
97229,Thane,14:17
97085,Thane,14:22
96515,Thane,14:26
97365,Thane,14:34
95121,Thane,14:20
97087,Thane,14:33
96631,Thane,14:37
97089,Thane,14:41
95229,Thane,14:31
96627,Kalva,13:44
96315,Kalva,13:47
97079,Kalva,13:51
97081,Kalva,13:55
97083,Kalva,14:06
96629,Kalva,14:11
96407,Kalva,14:15
96317,Kalva,14:18
97229,Kalva,14:22
97085,Kalva,14:27
96515,Kalva,14:31
97087,Kalva,14:38
96631,Kalva,14:42
97089,Kalva,14:46
96627,Mumbra,13:50
96315,Mumbra,13:53
97079,Mumbra,13:57
97081,Mumbra,14:01
97083,Mumbra,14:12
96629,Mumbra,14:17
96407,Mumbra,14:21
96317,Mumbra,14:24
97229,Mumbra,14:28
97085,Mumbra,14:33
96515,Mumbra,14:37
97087,Mumbra,14:44
96631,Mumbra,14:48
97089,Mumbra,14:52
96627,Diva,13:54
96315,Diva,13:57
97079,Diva,14:01
97081,Diva,14:05
97083,Diva,14:16
96629,Diva,14:21
96407,Diva,14:25
96317,Diva,14:28
95119,Diva,14:10
97229,Diva,14:32
97085,Diva,14:37
96515,Diva,14:41
97087,Diva,14:48
96631,Diva,14:52
97089,Diva,14:56
95229,Diva,14:42
96627,Kopar,13:59
96315,Kopar,14:02
97079,Kopar,14:06
97081,Kopar,14:10
97083,Kopar,14:21
96629,Kopar,14:26
96407,Kopar,14:30
96317,Kopar,14:33
97229,Kopar,14:37
97085,Kopar,14:42
96515,Kopar,14:46
97087,Kopar,14:53
96631,Kopar,14:57
97089,Kopar,15:01
96627,Dombivli,14:02
96315,Dombivli,14:05
97079,Dombivli,14:09
97081,Dombivli,14:13
95719,Dombivli,13:49
95317,Dombivli,13:53
97083,Dombivli,14:24
96629,Dombivli,14:29
96407,Dombivli,14:33
95505,Dombivli,14:11
96317,Dombivli,14:36
95119,Dombivli,14:16
95227,Dombivli,14:19
97229,Dombivli,14:40
97085,Dombivli,14:45
96515,Dombivli,14:49
95121,Dombivli,14:35
97087,Dombivli,14:56
96631,Dombivli,15:00
97089,Dombivli,15:04
95229,Dombivli,14:47
96627,Thakurli,14:06
96315,Thakurli,14:09
97079,Thakurli,14:13
97081,Thakurli,14:17
97083,Thakurli,14:28
96629,Thakurli,14:34
96407,Thakurli,14:38
96317,Thakurli,14:41
97085,Thakurli,14:49
96515,Thakurli,14:53
97087,Thakurli,15:00
96631,Thakurli,15:04
97089,Thakurli,15:08
96627,Kalyan,14:14
96315,Kalyan,14:15
97079,Kalyan,14:19
97081,Kalyan,14:23
95719,Kalyan,13:57
95317,Kalyan,14:02
97083,Kalyan,14:33
96629,Kalyan,14:43
96407,Kalyan,14:47
95505,Kalyan,14:19
96317,Kalyan,14:49
95119,Kalyan,14:24
95227,Kalyan,14:28
97085,Kalyan,14:55
96515,Kalyan,15:00
95121,Kalyan,14:43
97087,Kalyan,15:06
96631,Kalyan,15:10
97089,Kalyan,15:14
95229,Kalyan,14:54
96315,Vithalwadi,14:19
95317,Vithalwadi,14:06
96317,Vithalwadi,14:53
95119,Vithalwadi,14:28
95227,Vithalwadi,14:32
95121,Vithalwadi,14:47
95229,Vithalwadi,14:59
96315,Ulhas Nagar,14:22
95317,Ulhas Nagar,14:09
96317,Ulhas Nagar,14:56
95119,Ulhas Nagar,14:31
95227,Ulhas Nagar,14:35
95121,Ulhas Nagar,14:50
95229,Ulhas Nagar,15:02
96315,Ambernath,14:28
95317,Ambernath,14:14
96317,Ambernath,15:02
95119,Ambernath,14:37
95227,Ambernath,14:40
95121,Ambernath,14:54
95229,Ambernath,15:06
95119,Badlapur,14:44
95227,Badlapur,14:49
95121,Badlapur,15:01
95229,Badlapur,15:15
95119,Vangani,14:52
95121,Vangani,15:09
95119,Shelu,14:56
95121,Shelu,15:13
95119,Neral,15:00
95121,Neral,15:17
95119,Bhivpuri Road,15:07
95121,Bhivpuri Road,15:24
95119,Karjat,15:15
95121,Karjat,15:35
96011,Karjat,15:39
96011,Palasdhari,15:44
96011,Kelavli,15:51
96011,Dolavli,15:54
96011,Lowjee,15:58
96011,Khopoli,16:04
96627,Shahad,14:18
96629,Shahad,14:49
96407,Shahad,14:53
95505,Shahad,14:23
96515,Shahad,15:04
96631,Shahad,15:14
96627,Ambivli,14:21
96629,Ambivli,14:52
96407,Ambivli,14:56
95505,Ambivli,14:26
96515,Ambivli,15:07
96631,Ambivli,15:17
96627,Titwala,14:29
96629,Titwala,14:59
96407,Titwala,15:02
95505,Titwala,14:32
96515,Titwala,15:13
96631,Titwala,15:24
96407,Khadavli,15:09
95505,Khadavli,14:39
96515,Khadavli,15:20
96407,Vasind,15:16
95505,Vasind,14:46
96515,Vasind,15:27
96407,Asangaon,15:22
95505,Asangaon,14:54
96515,Asangaon,15:35
96407,Atgaon,15:31
96407,Thansit,15:37
96407,Khardi,15:42
96407,Umbermalli,15:48
96407,Kasara,15:59
96205,CSMT,13:50
97231,CSMT,13:54
97367,CSMT,13:58
96633,CSMT,14:07
97093,CSMT,14:11
96207,CSMT,14:15
95413,CSMT,14:17
97095,CSMT,14:20
97097,CSMT,14:25
97369,CSMT,14:29
96319,CSMT,14:34
97099,CSMT,14:38
95507,CSMT,14:42
95123,CSMT,14:45
96409,CSMT,14:46
96321,CSMT,14:54
97103,CSMT,14:58
97371,CSMT,15:01
95231,CSMT,15:03
96635,CSMT,15:09
95007,CSMT,15:10
96205,Masjid,13:53
97231,Masjid,13:57
97367,Masjid,14:01
96633,Masjid,14:10
97093,Masjid,14:14
96207,Masjid,14:18
97095,Masjid,14:23
97097,Masjid,14:28
97369,Masjid,14:32
96319,Masjid,14:37
97099,Masjid,14:41
96409,Masjid,14:49
96321,Masjid,14:57
97103,Masjid,15:01
97371,Masjid,15:04
96635,Masjid,15:12
96205,Sandhurst Road,13:55
97231,Sandhurst Road,13:59
97367,Sandhurst Road,14:03
96633,Sandhurst Road,14:12
97093,Sandhurst Road,14:16
96207,Sandhurst Road,14:20
97095,Sandhurst Road,14:25
97097,Sandhurst Road,14:30
97369,Sandhurst Road,14:34
96319,Sandhurst Road,14:39
97099,Sandhurst Road,14:43
96409,Sandhurst Road,14:51
96321,Sandhurst Road,14:59
97103,Sandhurst Road,15:03
97371,Sandhurst Road,15:06
96635,Sandhurst Road,15:14
96205,Byculla,13:58
97231,Byculla,14:02
97367,Byculla,14:06
96633,Byculla,14:15
97093,Byculla,14:19
96207,Byculla,14:23
95413,Byculla,14:26
97095,Byculla,14:28
97097,Byculla,14:33
97369,Byculla,14:37
96319,Byculla,14:42
97099,Byculla,14:46
95507,Byculla,14:49
95123,Byculla,14:52
96409,Byculla,14:54
96321,Byculla,15:02
97103,Byculla,15:06
97371,Byculla,15:10
95231,Byculla,15:11
96635,Byculla,15:17
95007,Byculla,15:18
96205,Chinchpokli,14:00
97231,Chinchpokli,14:04
97367,Chinchpokli,14:08
96633,Chinchpokli,14:17
97093,Chinchpokli,14:21
96207,Chinchpokli,14:25
97095,Chinchpokli,14:30
97097,Chinchpokli,14:35
97369,Chinchpokli,14:39
96319,Chinchpokli,14:44
97099,Chinchpokli,14:48
96409,Chinchpokli,14:56
96321,Chinchpokli,15:04
97103,Chinchpokli,15:08
97371,Chinchpokli,15:12
96635,Chinchpokli,15:19
96205,Currey Road,14:02
97231,Currey Road,14:06
97367,Currey Road,14:10
96633,Currey Road,14:19
97093,Currey Road,14:23
96207,Currey Road,14:27
97095,Currey Road,14:32
97097,Currey Road,14:37
97369,Currey Road,14:41
96319,Currey Road,14:46
97099,Currey Road,14:50
96409,Currey Road,14:58
96321,Currey Road,15:06
97103,Currey Road,15:10
97371,Currey Road,15:14
96635,Currey Road,15:21
96205,Parel,14:05
97231,Parel,14:09
97367,Parel,14:13
96633,Parel,14:22
97093,Parel,14:26
96207,Parel,14:30
97095,Parel,14:35
97097,Parel,14:40
97369,Parel,14:44
96319,Parel,14:49
97099,Parel,14:53
97101,Parel,14:57
96409,Parel,15:01
96321,Parel,15:09
97103,Parel,15:13
97371,Parel,15:17
97105,Parel,15:21
96635,Parel,15:25
96205,Dadar,14:08
97231,Dadar,14:12
97367,Dadar,14:16
95909,Dadar,14:21
96633,Dadar,14:25
97093,Dadar,14:29
96207,Dadar,14:33
95413,Dadar,14:32
97095,Dadar,14:38
97097,Dadar,14:43
97369,Dadar,14:47
96319,Dadar,14:52
97099,Dadar,14:56
95507,Dadar,14:55
95123,Dadar,14:58
97101,Dadar,15:00
96409,Dadar,15:04
96321,Dadar,15:12
97103,Dadar,15:16
97371,Dadar,15:20
95231,Dadar,15:17
97105,Dadar,15:24
96635,Dadar,15:28
95007,Dadar,15:24
96205,Matunga,14:11
97231,Matunga,14:15
97367,Matunga,14:19
96633,Matunga,14:28
97093,Matunga,14:32
96207,Matunga,14:36
97095,Matunga,14:41
97097,Matunga,14:46
97369,Matunga,14:50
96319,Matunga,14:55
97099,Matunga,14:59
97101,Matunga,15:03
96409,Matunga,15:07
96321,Matunga,15:15
97103,Matunga,15:19
97371,Matunga,15:23
97105,Matunga,15:27
96635,Matunga,15:31
96205,Sion,14:14
97231,Sion,14:18
97367,Sion,14:22
96633,Sion,14:31
97093,Sion,14:35
96207,Sion,14:39
97095,Sion,14:44
97097,Sion,14:49
97369,Sion,14:53
96319,Sion,14:58
97099,Sion,15:02
97101,Sion,15:06
96409,Sion,15:10
96321,Sion,15:18
97103,Sion,15:22
97371,Sion,15:26
97105,Sion,15:30
96635,Sion,15:34
96205,Kurla,14:18
97231,Kurla,14:22
97367,Kurla,14:26
95909,Kurla,14:29
97091,Kurla,14:29
96633,Kurla,14:35
97093,Kurla,14:39
96207,Kurla,14:43
95413,Kurla,14:40
97095,Kurla,14:48
97097,Kurla,14:53
97369,Kurla,14:57
96319,Kurla,15:02
97099,Kurla,15:06
95507,Kurla,15:02
95123,Kurla,15:05
97101,Kurla,15:10
96409,Kurla,15:14
96321,Kurla,15:22
97103,Kurla,15:26
97371,Kurla,15:30
95231,Kurla,15:24
97105,Kurla,15:34
96635,Kurla,15:38
95007,Kurla,15:32
96205,Vidyavihar,14:21
97231,Vidyavihar,14:25
97367,Vidyavihar,14:29
97091,Vidyavihar,14:33
96633,Vidyavihar,14:38
97093,Vidyavihar,14:42
96207,Vidyavihar,14:46
97095,Vidyavihar,14:51
97097,Vidyavihar,14:56
97369,Vidyavihar,15:00
96319,Vidyavihar,15:05
97099,Vidyavihar,15:09
97101,Vidyavihar,15:13
96409,Vidyavihar,15:17
96321,Vidyavihar,15:25
97103,Vidyavihar,15:29
97371,Vidyavihar,15:33
97105,Vidyavihar,15:37
96635,Vidyavihar,15:41
96205,Ghatkopar,14:24
97231,Ghatkopar,14:28
97367,Ghatkopar,14:32
95909,Ghatkopar,14:33
97091,Ghatkopar,14:36
96633,Ghatkopar,14:41
97093,Ghatkopar,14:45
96207,Ghatkopar,14:49
95413,Ghatkopar,14:44
97095,Ghatkopar,14:54
97097,Ghatkopar,14:59
97369,Ghatkopar,15:03
96319,Ghatkopar,15:08
97099,Ghatkopar,15:12
95507,Ghatkopar,15:06
95123,Ghatkopar,15:09
97101,Ghatkopar,15:16
96409,Ghatkopar,15:20
96321,Ghatkopar,15:28
97103,Ghatkopar,15:32
97371,Ghatkopar,15:36
95231,Ghatkopar,15:28
97105,Ghatkopar,15:40
96635,Ghatkopar,15:44
95007,Ghatkopar,15:36
96205,Vikhroli,14:28
97231,Vikhroli,14:32
97367,Vikhroli,14:36
97091,Vikhroli,14:40
96633,Vikhroli,14:45
97093,Vikhroli,14:49
96207,Vikhroli,14:53
97095,Vikhroli,14:58
97097,Vikhroli,15:03
97369,Vikhroli,15:07
96319,Vikhroli,15:12
97099,Vikhroli,15:16
97101,Vikhroli,15:20
96409,Vikhroli,15:24
96321,Vikhroli,15:32
97103,Vikhroli,15:36
97371,Vikhroli,15:40
97105,Vikhroli,15:44
96635,Vikhroli,15:48
96205,Kanjur Marg,14:31
97231,Kanjur Marg,14:35
97367,Kanjur Marg,14:39
97091,Kanjur Marg,14:43
96633,Kanjur Marg,14:48
97093,Kanjur Marg,14:52
96207,Kanjur Marg,14:56
97095,Kanjur Marg,15:01
97097,Kanjur Marg,15:06
97369,Kanjur Marg,15:10
96319,Kanjur Marg,15:15
97099,Kanjur Marg,15:19
97101,Kanjur Marg,15:23
96409,Kanjur Marg,15:27
96321,Kanjur Marg,15:35
97103,Kanjur Marg,15:39
97371,Kanjur Marg,15:43
97105,Kanjur Marg,15:47
96635,Kanjur Marg,15:51
96205,Bhandup,14:34
97231,Bhandup,14:38
97367,Bhandup,14:42
97091,Bhandup,14:46
96633,Bhandup,14:51
97093,Bhandup,14:55
96207,Bhandup,14:59
97095,Bhandup,15:04
97097,Bhandup,15:09
97369,Bhandup,15:13
96319,Bhandup,15:18
97099,Bhandup,15:22
97101,Bhandup,15:26
96409,Bhandup,15:30
96321,Bhandup,15:38
97103,Bhandup,15:42
97371,Bhandup,15:46
97105,Bhandup,15:50
96635,Bhandup,15:54
96205,Nahur,14:37
97231,Nahur,14:41
97367,Nahur,14:45
97091,Nahur,14:49
96633,Nahur,14:54
97093,Nahur,14:58
96207,Nahur,15:02
97095,Nahur,15:07
97097,Nahur,15:12
97369,Nahur,15:16
96319,Nahur,15:21
97099,Nahur,15:25
97101,Nahur,15:29
96409,Nahur,15:33
96321,Nahur,15:41
97103,Nahur,15:45
97371,Nahur,15:49
97105,Nahur,15:53
96635,Nahur,15:57
96205,Mulund,14:40
97231,Mulund,14:44
97367,Mulund,14:48
97091,Mulund,14:52
96633,Mulund,14:57
97093,Mulund,15:01
96207,Mulund,15:05
95413,Mulund,14:55
97095,Mulund,15:10
97097,Mulund,15:15
97369,Mulund,15:19
96319,Mulund,15:24
97099,Mulund,15:28
95507,Mulund,15:18
97101,Mulund,15:32
96409,Mulund,15:36
96321,Mulund,15:44
97103,Mulund,15:48
97371,Mulund,15:52
97105,Mulund,15:56
96635,Mulund,16:00
95007,Mulund,15:48
96205,Thane,14:45
97231,Thane,14:49
97367,Thane,14:54
95909,Thane,14:47
97091,Thane,14:56
96633,Thane,15:01
97093,Thane,15:05
96207,Thane,15:09
95413,Thane,15:00
97095,Thane,15:15
97097,Thane,15:19
97369,Thane,15:25
96319,Thane,15:29
97099,Thane,15:33
95507,Thane,15:21
95123,Thane,15:25
97101,Thane,15:37
96409,Thane,15:41
96321,Thane,15:49
97103,Thane,15:53
97371,Thane,15:58
95231,Thane,15:43
96209,Thane,15:58
97105,Thane,16:01
96635,Thane,16:05
95007,Thane,15:52
96205,Kalva,14:50
97231,Kalva,14:54
97091,Kalva,15:01
96633,Kalva,15:06
97093,Kalva,15:10
96207,Kalva,15:14
97095,Kalva,15:20
97097,Kalva,15:24
96319,Kalva,15:34
97099,Kalva,15:38
97101,Kalva,15:42
96409,Kalva,15:46
96321,Kalva,15:54
97103,Kalva,15:58
96209,Kalva,16:03
97105,Kalva,16:06
96635,Kalva,16:10
96205,Mumbra,14:56
97231,Mumbra,15:00
97091,Mumbra,15:07
96633,Mumbra,15:12
97093,Mumbra,15:16
96207,Mumbra,15:20
97095,Mumbra,15:26
97097,Mumbra,15:30
96319,Mumbra,15:40
97099,Mumbra,15:44
97101,Mumbra,15:48
96409,Mumbra,15:52
96321,Mumbra,16:00
97103,Mumbra,16:04
96209,Mumbra,16:09
97105,Mumbra,16:12
96635,Mumbra,16:16
96205,Diva,15:00
97231,Diva,15:04
97091,Diva,15:11
96633,Diva,15:16
97093,Diva,15:20
96207,Diva,15:24
95413,Diva,15:11
97095,Diva,15:30
97097,Diva,15:34
96319,Diva,15:44
97099,Diva,15:48
95123,Diva,15:36
97101,Diva,15:52
96409,Diva,15:56
96321,Diva,16:04
97103,Diva,16:08
96209,Diva,16:13
97105,Diva,16:16
96635,Diva,16:20
96205,Kopar,15:05
97231,Kopar,15:09
97091,Kopar,15:16
96633,Kopar,15:21
97093,Kopar,15:25
96207,Kopar,15:29
97095,Kopar,15:35
97097,Kopar,15:39
96319,Kopar,15:49
97099,Kopar,15:53
97101,Kopar,15:57
96409,Kopar,16:01
96321,Kopar,16:09
97103,Kopar,16:13
96209,Kopar,16:18
97105,Kopar,16:21
96635,Kopar,16:25
96205,Dombivli,15:08
97231,Dombivli,15:13
97091,Dombivli,15:19
96633,Dombivli,15:24
97093,Dombivli,15:28
96207,Dombivli,15:32
95413,Dombivli,15:16
97095,Dombivli,15:38
97097,Dombivli,15:42
96319,Dombivli,15:52
97099,Dombivli,15:56
95507,Dombivli,15:37
95123,Dombivli,15:42
97101,Dombivli,16:00
96409,Dombivli,16:04
96321,Dombivli,16:12
97103,Dombivli,16:16
95231,Dombivli,15:59
96209,Dombivli,16:21
97105,Dombivli,16:24
96635,Dombivli,16:28
95007,Dombivli,16:08
96205,Thakurli,15:12
97091,Thakurli,15:23
96633,Thakurli,15:28
97093,Thakurli,15:32
96207,Thakurli,15:36
97095,Thakurli,15:42
97097,Thakurli,15:46
96319,Thakurli,15:56
97099,Thakurli,16:00
97101,Thakurli,16:04
96409,Thakurli,16:08
96321,Thakurli,16:16
97103,Thakurli,16:20
96209,Thakurli,16:25
97105,Thakurli,16:28
96635,Thakurli,16:32
96205,Kalyan,15:18
97091,Kalyan,15:29
96633,Kalyan,15:34
97093,Kalyan,15:38
96207,Kalyan,15:42
95413,Kalyan,15:26
97095,Kalyan,15:49
97097,Kalyan,15:53
96319,Kalyan,16:02
97099,Kalyan,16:06
95507,Kalyan,15:48
95123,Kalyan,15:51
97101,Kalyan,16:10
96409,Kalyan,16:14
96321,Kalyan,16:23
97103,Kalyan,16:26
95231,Kalyan,16:07
96209,Kalyan,16:31
97105,Kalyan,16:34
96635,Kalyan,16:39
95007,Kalyan,16:18
96205,Vithalwadi,15:23
96207,Vithalwadi,15:47
96319,Vithalwadi,16:07
95123,Vithalwadi,15:55
96321,Vithalwadi,16:27
95231,Vithalwadi,16:11
96209,Vithalwadi,16:35
95007,Vithalwadi,16:22
96205,Ulhas Nagar,15:26
96207,Ulhas Nagar,15:50
96319,Ulhas Nagar,16:10
95123,Ulhas Nagar,15:58
96321,Ulhas Nagar,16:30
95231,Ulhas Nagar,16:14
96209,Ulhas Nagar,16:38
95007,Ulhas Nagar,16:24
96205,Ambernath,15:30
96207,Ambernath,15:54
96319,Ambernath,16:15
95123,Ambernath,16:03
96321,Ambernath,16:36
95231,Ambernath,16:18
96209,Ambernath,16:42
95007,Ambernath,16:28
96205,Badlapur,15:39
96207,Badlapur,16:02
95123,Badlapur,16:10
95231,Badlapur,16:27
96209,Badlapur,16:52
95007,Badlapur,16:36
95123,Vangani,16:18
95007,Vangani,16:45
95123,Shelu,16:22
95007,Shelu,16:49
95123,Neral,16:26
95007,Neral,16:53
95123,Bhivpuri Road,16:33
95007,Bhivpuri Road,17:01
95123,Karjat,16:42
95007,Karjat,17:11
95007,Palasdhari,17:16
95007,Kelavli,17:23
95007,Dolavli,17:26
95007,Lowjee,17:30
95007,Khopoli,17:36
96633,Shahad,15:38
95413,Shahad,15:31
95507,Shahad,15:53
96409,Shahad,16:18
96635,Shahad,16:43
96633,Ambivli,15:41
95413,Ambivli,15:35
95507,Ambivli,15:56
96409,Ambivli,16:21
96635,Ambivli,16:46
96633,Titwala,15:49
95413,Titwala,15:44
95507,Titwala,16:03
96409,Titwala,16:27
96635,Titwala,16:54
95413,Khadavli,15:51
95507,Khadavli,16:10
96409,Khadavli,16:35
95413,Vasind,15:58
95507,Vasind,16:17
96409,Vasind,16:43
95413,Asangaon,16:04
95507,Asangaon,16:25
96409,Asangaon,16:49
95413,Atgaon,16:13
96409,Atgaon,16:58
95413,Thansit,16:18
96409,Thansit,17:03
95413,Khardi,16:23
96409,Khardi,17:08
95413,Umbermalli,16:29
96409,Umbermalli,17:14
95413,Kasara,16:41
96409,Kasara,17:26
97233,CSMT,15:13
95721,CSMT,15:14
97107,CSMT,15:18
97235,CSMT,15:24
97373,CSMT,15:28
96517,CSMT,15:32
95125,CSMT,15:35
95233,CSMT,15:39
96637,CSMT,15:40
97237,CSMT,15:45
97113,CSMT,15:57
97239,CSMT,16:00
95319,CSMT,16:08
97115,CSMT,16:04
97377,CSMT,16:08
95723,CSMT,16:11
96325,CSMT,16:13
95509,CSMT,16:17
97379,CSMT,16:17
96639,CSMT,16:21
95127,CSMT,16:30
97233,Masjid,15:16
97107,Masjid,15:21
97235,Masjid,15:27
97373,Masjid,15:31
96517,Masjid,15:35
96637,Masjid,15:43
97237,Masjid,15:48
97113,Masjid,16:00
97239,Masjid,16:03
97115,Masjid,16:07
97377,Masjid,16:11
96325,Masjid,16:16
97379,Masjid,16:20
96639,Masjid,16:24
97233,Sandhurst Road,15:18
97107,Sandhurst Road,15:23
97235,Sandhurst Road,15:29
97373,Sandhurst Road,15:33
96517,Sandhurst Road,15:37
96637,Sandhurst Road,15:45
97237,Sandhurst Road,15:50
97113,Sandhurst Road,16:02
97239,Sandhurst Road,16:05
97115,Sandhurst Road,16:09
97377,Sandhurst Road,16:13
96325,Sandhurst Road,16:18
97379,Sandhurst Road,16:22
96639,Sandhurst Road,16:26
97233,Byculla,15:21
95721,Byculla,15:22
97107,Byculla,15:26
97235,Byculla,15:32
97373,Byculla,15:36
96517,Byculla,15:40
95125,Byculla,15:43
95233,Byculla,15:47
96637,Byculla,15:48
97237,Byculla,15:53
97113,Byculla,16:05
97239,Byculla,16:08
95319,Byculla,16:17
97115,Byculla,16:12
97377,Byculla,16:16
95723,Byculla,16:20
96325,Byculla,16:21
95509,Byculla,16:25
97379,Byculla,16:25
96639,Byculla,16:29
95127,Byculla,16:37
97233,Chinchpokli,15:23
97107,Chinchpokli,15:28
97235,Chinchpokli,15:34
97373,Chinchpokli,15:38
96517,Chinchpokli,15:42
96637,Chinchpokli,15:50
97237,Chinchpokli,15:55
97113,Chinchpokli,16:07
97239,Chinchpokli,16:10
97115,Chinchpokli,16:14
97377,Chinchpokli,16:18
96325,Chinchpokli,16:23
97379,Chinchpokli,16:27
96639,Chinchpokli,16:31
97233,Currey Road,15:25
97107,Currey Road,15:30
97235,Currey Road,15:36
97373,Currey Road,15:40
96517,Currey Road,15:44
96637,Currey Road,15:52
97237,Currey Road,15:57
97113,Currey Road,16:09
97239,Currey Road,16:12
97115,Currey Road,16:16
97377,Currey Road,16:20
96325,Currey Road,16:25
97379,Currey Road,16:29
96639,Currey Road,16:33
97233,Parel,15:29
97107,Parel,15:33
97235,Parel,15:39
97373,Parel,15:43
96517,Parel,15:47
97109,Parel,15:50
96637,Parel,15:55
97237,Parel,16:00
97375,Parel,16:09
97113,Parel,16:12
97239,Parel,16:15
95319,Parel,16:23
97115,Parel,16:19
97377,Parel,16:23
96325,Parel,16:28
97379,Parel,16:32
96639,Parel,16:36
97233,Dadar,15:32
95721,Dadar,15:28
95611,Dadar,15:33
97107,Dadar,15:36
97235,Dadar,15:42
97373,Dadar,15:46
96517,Dadar,15:50
95125,Dadar,15:50
97109,Dadar,15:53
95233,Dadar,15:54
96637,Dadar,15:58
97237,Dadar,16:03
97375,Dadar,16:12
97113,Dadar,16:15
97239,Dadar,16:18
95319,Dadar,16:26
97115,Dadar,16:22
97377,Dadar,16:26
95723,Dadar,16:29
96325,Dadar,16:31
95509,Dadar,16:32
97379,Dadar,16:35
96639,Dadar,16:39
95127,Dadar,16:43
97233,Matunga,15:35
97107,Matunga,15:39
97235,Matunga,15:45
97373,Matunga,15:49
96517,Matunga,15:53
97109,Matunga,15:56
96637,Matunga,16:01
97237,Matunga,16:06
97375,Matunga,16:15
97113,Matunga,16:18
97239,Matunga,16:21
95319,Matunga,16:29
97115,Matunga,16:25
97377,Matunga,16:29
96325,Matunga,16:34
97379,Matunga,16:38
96639,Matunga,16:42
97233,Sion,15:38
97107,Sion,15:42
97235,Sion,15:48
97373,Sion,15:52
96517,Sion,15:56
97109,Sion,15:59
96637,Sion,16:04
97237,Sion,16:09
97375,Sion,16:18
97113,Sion,16:21
97239,Sion,16:24
97115,Sion,16:28
97377,Sion,16:32
96325,Sion,16:37
97379,Sion,16:41
96639,Sion,16:45
97233,Kurla,15:42
95721,Kurla,15:35
95611,Kurla,15:40
97107,Kurla,15:46
97235,Kurla,15:52
97373,Kurla,15:56
96517,Kurla,16:00
95125,Kurla,15:57
97109,Kurla,16:03
95233,Kurla,16:01
96637,Kurla,16:08
97237,Kurla,16:13
97375,Kurla,16:22
97113,Kurla,16:25
97239,Kurla,16:28
95319,Kurla,16:33
97115,Kurla,16:32
97377,Kurla,16:36
95723,Kurla,16:36
96325,Kurla,16:41
95509,Kurla,16:39
97379,Kurla,16:45
96639,Kurla,16:49
95127,Kurla,16:50
97117,Kurla,16:54
97233,Vidyavihar,15:45
97107,Vidyavihar,15:49
97235,Vidyavihar,15:55
97373,Vidyavihar,15:59
96517,Vidyavihar,16:03
97109,Vidyavihar,16:06
96637,Vidyavihar,16:11
97237,Vidyavihar,16:16
97375,Vidyavihar,16:25
97113,Vidyavihar,16:28
97239,Vidyavihar,16:31
97115,Vidyavihar,16:35
97377,Vidyavihar,16:39
96325,Vidyavihar,16:44
97379,Vidyavihar,16:48
96639,Vidyavihar,16:52
97117,Vidyavihar,16:58
97233,Ghatkopar,15:48
95721,Ghatkopar,15:39
95611,Ghatkopar,15:44
97107,Ghatkopar,15:52
97235,Ghatkopar,15:58
97373,Ghatkopar,16:02
96517,Ghatkopar,16:06
95125,Ghatkopar,16:01
97109,Ghatkopar,16:09
95233,Ghatkopar,16:05
96637,Ghatkopar,16:14
97237,Ghatkopar,16:19
97375,Ghatkopar,16:28
97113,Ghatkopar,16:31
97239,Ghatkopar,16:34
97115,Ghatkopar,16:38
97377,Ghatkopar,16:42
95723,Ghatkopar,16:40
96325,Ghatkopar,16:47
95509,Ghatkopar,16:43
97379,Ghatkopar,16:51
96639,Ghatkopar,16:55
95127,Ghatkopar,16:54
97117,Ghatkopar,17:01
97233,Vikhroli,15:52
97107,Vikhroli,15:56
97235,Vikhroli,16:02
97373,Vikhroli,16:06
96517,Vikhroli,16:10
97109,Vikhroli,16:13
96637,Vikhroli,16:18
97237,Vikhroli,16:23
97375,Vikhroli,16:32
97113,Vikhroli,16:35
97239,Vikhroli,16:38
95319,Vikhroli,16:41
97115,Vikhroli,16:42
97377,Vikhroli,16:46
96325,Vikhroli,16:51
97379,Vikhroli,16:55
96639,Vikhroli,16:59
97117,Vikhroli,17:05
97233,Kanjur Marg,15:55
97107,Kanjur Marg,15:59
97235,Kanjur Marg,16:05
97373,Kanjur Marg,16:09
96517,Kanjur Marg,16:13
97109,Kanjur Marg,16:16
96637,Kanjur Marg,16:21
97237,Kanjur Marg,16:26
97375,Kanjur Marg,16:35
97113,Kanjur Marg,16:38
97239,Kanjur Marg,16:41
97115,Kanjur Marg,16:45
97377,Kanjur Marg,16:49
96325,Kanjur Marg,16:54
97379,Kanjur Marg,16:58
96639,Kanjur Marg,17:02
97117,Kanjur Marg,17:08
97233,Bhandup,15:58
97107,Bhandup,16:02
97235,Bhandup,16:08
97373,Bhandup,16:12
96517,Bhandup,16:16
97109,Bhandup,16:19
95233,Bhandup,16:13
96637,Bhandup,16:24
97237,Bhandup,16:29
97375,Bhandup,16:38
97113,Bhandup,16:41
97239,Bhandup,16:44
97115,Bhandup,16:48
97377,Bhandup,16:52
96325,Bhandup,16:57
97379,Bhandup,17:01
96639,Bhandup,17:05
97117,Bhandup,17:11
97233,Nahur,16:01
97107,Nahur,16:05
97235,Nahur,16:11
97373,Nahur,16:15
96517,Nahur,16:19
97109,Nahur,16:22
96637,Nahur,16:27
97237,Nahur,16:32
97375,Nahur,16:41
97113,Nahur,16:44
97239,Nahur,16:47
97115,Nahur,16:51
97377,Nahur,16:55
96325,Nahur,17:00
97379,Nahur,17:04
96639,Nahur,17:08
97117,Nahur,17:14
97233,Mulund,16:04
97107,Mulund,16:08
97235,Mulund,16:14
97373,Mulund,16:18
96517,Mulund,16:22
95125,Mulund,16:12
97109,Mulund,16:26
96637,Mulund,16:30
97237,Mulund,16:35
97375,Mulund,16:44
97113,Mulund,16:47
97239,Mulund,16:50
97115,Mulund,16:54
97377,Mulund,16:58
96325,Mulund,17:03
95509,Mulund,16:54
97379,Mulund,17:08
96639,Mulund,17:12
95127,Mulund,17:06
97117,Mulund,17:17
97233,Thane,16:09
95721,Thane,15:55
95611,Thane,15:59
97107,Thane,16:13
97235,Thane,16:19
97373,Thane,16:24
96517,Thane,16:27
95125,Thane,16:16
97109,Thane,16:31
95233,Thane,16:20
96637,Thane,16:36
97237,Thane,16:41
97375,Thane,16:50
96323,Thane,16:50
97113,Thane,16:53
97239,Thane,16:56
95319,Thane,16:50
97115,Thane,16:59
97377,Thane,17:04
95723,Thane,16:54
96325,Thane,17:08
95509,Thane,16:58
97379,Thane,17:15
96639,Thane,17:18
95127,Thane,17:10
97117,Thane,17:22
97233,Kalva,16:14
97107,Kalva,16:18
97235,Kalva,16:24
96517,Kalva,16:32
97109,Kalva,16:36
96637,Kalva,16:41
97237,Kalva,16:46
96323,Kalva,16:55
97113,Kalva,16:58
97239,Kalva,17:01
97115,Kalva,17:05
96325,Kalva,17:13
96639,Kalva,17:23
97117,Kalva,17:27
97233,Mumbra,16:20
97107,Mumbra,16:24
97235,Mumbra,16:30
96517,Mumbra,16:38
97109,Mumbra,16:42
96637,Mumbra,16:47
97237,Mumbra,16:52
96323,Mumbra,17:01
97113,Mumbra,17:04
97239,Mumbra,17:07
97115,Mumbra,17:11
96325,Mumbra,17:19
96639,Mumbra,17:29
97117,Mumbra,17:33
97233,Diva,16:24
97107,Diva,16:28
97235,Diva,16:34
96517,Diva,16:42
95125,Diva,16:27
97109,Diva,16:46
96637,Diva,16:51
97237,Diva,16:56
96323,Diva,17:05
97113,Diva,17:08
97239,Diva,17:11
97115,Diva,17:15
96325,Diva,17:23
95509,Diva,17:12
96639,Diva,17:33
97117,Diva,17:37
97233,Kopar,16:29
97107,Kopar,16:33
97235,Kopar,16:39
96517,Kopar,16:47
97109,Kopar,16:51
96637,Kopar,16:56
97237,Kopar,17:01
96323,Kopar,17:10
97113,Kopar,17:13
97239,Kopar,17:16
97115,Kopar,17:20
96325,Kopar,17:28
96639,Kopar,17:38
97117,Kopar,17:42
97233,Dombivli,16:33
95721,Dombivli,16:12
95611,Dombivli,16:15
97107,Dombivli,16:36
97235,Dombivli,16:43
96517,Dombivli,16:51
95125,Dombivli,16:33
97109,Dombivli,16:54
95233,Dombivli,16:36
96637,Dombivli,16:59
97237,Dombivli,17:05
96323,Dombivli,17:13
97113,Dombivli,17:16
97239,Dombivli,17:20
95319,Dombivli,17:05
97115,Dombivli,17:23
95723,Dombivli,17:10
96325,Dombivli,17:31
95509,Dombivli,17:18
96639,Dombivli,17:41
95127,Dombivli,17:25
97117,Dombivli,17:45
97107,Thakurli,16:40
96517,Thakurli,16:55
97109,Thakurli,16:58
96637,Thakurli,17:03
96323,Thakurli,17:17
97113,Thakurli,17:20
97115,Thakurli,17:27
96325,Thakurli,17:35
96639,Thakurli,17:45
97117,Thakurli,17:49
95721,Kalyan,16:20
95611,Kalyan,16:24
97107,Kalyan,16:46
96517,Kalyan,17:02
95125,Kalyan,16:42
97109,Kalyan,17:05
95233,Kalyan,16:46
96637,Kalyan,17:10
96323,Kalyan,17:24
97113,Kalyan,17:26
95319,Kalyan,17:12
97115,Kalyan,17:33
95723,Kalyan,17:19
96325,Kalyan,17:41
95509,Kalyan,17:29
96639,Kalyan,17:51
95127,Kalyan,17:34
97117,Kalyan,17:55
95125,Vithalwadi,16:47
95233,Vithalwadi,16:51
96323,Vithalwadi,17:28
95319,Vithalwadi,17:16
96325,Vithalwadi,17:45
95127,Vithalwadi,17:38
95125,Ulhas Nagar,16:50
95233,Ulhas Nagar,16:54
96323,Ulhas Nagar,17:31
95319,Ulhas Nagar,17:19
96325,Ulhas Nagar,17:48
95127,Ulhas Nagar,17:41
95125,Ambernath,16:54
95233,Ambernath,16:58
96323,Ambernath,17:37
95319,Ambernath,17:24
96325,Ambernath,17:54
95127,Ambernath,17:45
95125,Badlapur,17:03
95233,Badlapur,17:08
95127,Badlapur,17:52
95125,Vangani,17:12
95127,Vangani,18:00
95125,Shelu,17:16
95127,Shelu,18:04
95125,Neral,17:20
95127,Neral,18:08
95125,Bhivpuri Road,17:27
95127,Bhivpuri Road,18:15
95125,Karjat,17:37
95127,Karjat,18:24
95611,Shahad,16:28
96517,Shahad,17:06
96637,Shahad,17:14
95509,Shahad,17:34
96639,Shahad,17:55
95611,Ambivli,16:31
96517,Ambivli,17:09
96637,Ambivli,17:17
95509,Ambivli,17:37
96639,Ambivli,17:58
95611,Titwala,16:39
96517,Titwala,17:15
96637,Titwala,17:25
95509,Titwala,17:43
96639,Titwala,18:06
96517,Khadavli,17:22
95509,Khadavli,17:50
96517,Vasind,17:29
95509,Vasind,17:57
96517,Asangaon,17:37
95509,Asangaon,18:06
97381,CSMT,16:30
97241,CSMT,16:34
97383,CSMT,16:38
97625,CSMT,16:43
95235,CSMT,16:42
97123,CSMT,16:48
95415,CSMT,16:50
97385,CSMT,16:52
95321,CSMT,17:00
97127,CSMT,17:00
97387,CSMT,17:04
97245,CSMT,17:08
97389,CSMT,17:12
97129,CSMT,17:16
95511,CSMT,17:19
95237,CSMT,17:22
97391,CSMT,17:24
95727,CSMT,17:25
97381,Masjid,16:33
97241,Masjid,16:37
97383,Masjid,16:41
97625,Masjid,16:46
97123,Masjid,16:51
97385,Masjid,16:55
97127,Masjid,17:03
97387,Masjid,17:07
97245,Masjid,17:11
97389,Masjid,17:15
97129,Masjid,17:19
97391,Masjid,17:27
97381,Sandhurst Road,16:35
97241,Sandhurst Road,16:39
97383,Sandhurst Road,16:43
97625,Sandhurst Road,16:48
97123,Sandhurst Road,16:53
97385,Sandhurst Road,16:57
97127,Sandhurst Road,17:05
97387,Sandhurst Road,17:09
97245,Sandhurst Road,17:13
97389,Sandhurst Road,17:17
97129,Sandhurst Road,17:21
97391,Sandhurst Road,17:29
97381,Byculla,16:38
97241,Byculla,16:42
97383,Byculla,16:46
97625,Byculla,16:51
95235,Byculla,16:49
97123,Byculla,16:56
95415,Byculla,16:57
97385,Byculla,17:00
97127,Byculla,17:08
97387,Byculla,17:12
97245,Byculla,17:16
97389,Byculla,17:20
97129,Byculla,17:24
95511,Byculla,17:28
95237,Byculla,17:30
97391,Byculla,17:32
95727,Byculla,17:33
97381,Chinchpokli,16:40
97241,Chinchpokli,16:44
97383,Chinchpokli,16:48
97625,Chinchpokli,16:53
97123,Chinchpokli,16:58
97385,Chinchpokli,17:02
97127,Chinchpokli,17:10
97387,Chinchpokli,17:14
97245,Chinchpokli,17:18
97389,Chinchpokli,17:22
97129,Chinchpokli,17:26
97391,Chinchpokli,17:34
97381,Currey Road,16:42
97241,Currey Road,16:46
97383,Currey Road,16:50
97625,Currey Road,16:55
97123,Currey Road,17:00
97385,Currey Road,17:04
97127,Currey Road,17:12
97387,Currey Road,17:16
97245,Currey Road,17:20
97389,Currey Road,17:24
97129,Currey Road,17:28
97391,Currey Road,17:36
97381,Parel,16:45
97241,Parel,16:49
97383,Parel,16:53
97625,Parel,16:58
97123,Parel,17:03
97385,Parel,17:07
97243,Parel,17:10
97127,Parel,17:15
97387,Parel,17:19
97245,Parel,17:23
97389,Parel,17:27
97129,Parel,17:31
97131,Parel,17:35
97391,Parel,17:39
97381,Dadar,16:48
97241,Dadar,16:52
97383,Dadar,16:56
97625,Dadar,17:01
95235,Dadar,16:55
97123,Dadar,17:06
95415,Dadar,17:04
97385,Dadar,17:10
95321,Dadar,17:12
97243,Dadar,17:13
97127,Dadar,17:19
97387,Dadar,17:22
97245,Dadar,17:26
97389,Dadar,17:30
95725,Dadar,17:30
97129,Dadar,17:34
95511,Dadar,17:34
95237,Dadar,17:37
97131,Dadar,17:38
97391,Dadar,17:42
95727,Dadar,17:40
97381,Matunga,16:51
97241,Matunga,16:55
97383,Matunga,16:59
97625,Matunga,17:04
97123,Matunga,17:09
97385,Matunga,17:13
97243,Matunga,17:17
97127,Matunga,17:23
97387,Matunga,17:26
97245,Matunga,17:30
97389,Matunga,17:33
97129,Matunga,17:37
97131,Matunga,17:41
97391,Matunga,17:45
97381,Sion,16:54
97241,Sion,16:58
97383,Sion,17:02
97625,Sion,17:07
97123,Sion,17:12
97385,Sion,17:16
97243,Sion,17:20
97127,Sion,17:26
97387,Sion,17:29
97245,Sion,17:33
97389,Sion,17:36
97129,Sion,17:40
97131,Sion,17:44
97391,Sion,17:48
97381,Kurla,16:58
97241,Kurla,17:02
97383,Kurla,17:06
97625,Kurla,17:11
95235,Kurla,17:02
97123,Kurla,17:16
95415,Kurla,17:11
97385,Kurla,17:20
97243,Kurla,17:24
97127,Kurla,17:30
97387,Kurla,17:33
97245,Kurla,17:37
97389,Kurla,17:40
95725,Kurla,17:37
97129,Kurla,17:44
95511,Kurla,17:41
95237,Kurla,17:44
97131,Kurla,17:48
97391,Kurla,17:52
95727,Kurla,17:47
97381,Vidyavihar,17:01
97241,Vidyavihar,17:05
97383,Vidyavihar,17:09
97121,Vidyavihar,17:15
97123,Vidyavihar,17:19
97385,Vidyavihar,17:23
97243,Vidyavihar,17:27
97125,Vidyavihar,17:30
97127,Vidyavihar,17:33
97387,Vidyavihar,17:36
97245,Vidyavihar,17:40
97389,Vidyavihar,17:43
97129,Vidyavihar,17:47
97131,Vidyavihar,17:51
97391,Vidyavihar,17:55
97381,Ghatkopar,17:04
97241,Ghatkopar,17:08
97383,Ghatkopar,17:12
97121,Ghatkopar,17:18
95235,Ghatkopar,17:07
97123,Ghatkopar,17:22
95415,Ghatkopar,17:15
97385,Ghatkopar,17:26
97243,Ghatkopar,17:30
97125,Ghatkopar,17:33
97127,Ghatkopar,17:36
97387,Ghatkopar,17:39
97245,Ghatkopar,17:43
97389,Ghatkopar,17:46
95725,Ghatkopar,17:41
97129,Ghatkopar,17:50
95511,Ghatkopar,17:45
97131,Ghatkopar,17:54
97391,Ghatkopar,17:58
95727,Ghatkopar,17:51
97381,Vikhroli,17:08
97241,Vikhroli,17:12
97383,Vikhroli,17:16
97121,Vikhroli,17:22
97123,Vikhroli,17:26
97385,Vikhroli,17:30
97243,Vikhroli,17:34
97125,Vikhroli,17:37
97127,Vikhroli,17:40
97387,Vikhroli,17:43
97245,Vikhroli,17:47
97389,Vikhroli,17:50
97129,Vikhroli,17:54
95237,Vikhroli,17:52
97131,Vikhroli,17:58
97391,Vikhroli,18:02
97381,Kanjur Marg,17:11
97241,Kanjur Marg,17:15
97383,Kanjur Marg,17:19
97121,Kanjur Marg,17:25
97123,Kanjur Marg,17:29
97385,Kanjur Marg,17:33
97243,Kanjur Marg,17:37
97125,Kanjur Marg,17:40
97127,Kanjur Marg,17:43
97387,Kanjur Marg,17:46
97245,Kanjur Marg,17:50
97389,Kanjur Marg,17:53
97129,Kanjur Marg,17:57
97131,Kanjur Marg,18:01
97391,Kanjur Marg,18:05
97381,Bhandup,17:14
97241,Bhandup,17:18
97383,Bhandup,17:22
97121,Bhandup,17:28
97123,Bhandup,17:32
97385,Bhandup,17:36
97243,Bhandup,17:40
97125,Bhandup,17:43
97127,Bhandup,17:46
97387,Bhandup,17:49
97245,Bhandup,17:53
97389,Bhandup,17:56
97129,Bhandup,18:00
97131,Bhandup,18:04
97391,Bhandup,18:08
97381,Nahur,17:17
97241,Nahur,17:21
97383,Nahur,17:25
97121,Nahur,17:31
97123,Nahur,17:35
97385,Nahur,17:39
97243,Nahur,17:43
97125,Nahur,17:46
97127,Nahur,17:49
97387,Nahur,17:52
97245,Nahur,17:56
97389,Nahur,17:59
97129,Nahur,18:03
97131,Nahur,18:07
97391,Nahur,18:11
97381,Mulund,17:20
97241,Mulund,17:24
97383,Mulund,17:28
97121,Mulund,17:34
97123,Mulund,17:38
97385,Mulund,17:42
97243,Mulund,17:46
97125,Mulund,17:49
97127,Mulund,17:52
97387,Mulund,17:55
97245,Mulund,17:59
97389,Mulund,18:02
95725,Mulund,17:53
97129,Mulund,18:06
97131,Mulund,18:10
97391,Mulund,18:14
95727,Mulund,18:03
97119,Thane,17:25
97381,Thane,17:26
97241,Thane,17:29
97383,Thane,17:35
97121,Thane,17:40
95235,Thane,17:23
97123,Thane,17:44
95415,Thane,17:31
97385,Thane,17:48
95321,Thane,17:35
96111,Thane,17:48
97243,Thane,17:52
97125,Thane,17:55
97127,Thane,17:58
97387,Thane,18:00
97245,Thane,18:05
97389,Thane,18:08
95725,Thane,17:57
97129,Thane,18:12
95511,Thane,18:01
95237,Thane,18:04
97131,Thane,18:15
97391,Thane,18:20
95727,Thane,18:07
97119,Kalva,17:30
97241,Kalva,17:34
97121,Kalva,17:45
97123,Kalva,17:49
95415,Kalva,17:37
95321,Kalva,17:41
96111,Kalva,17:53
97243,Kalva,17:57
97125,Kalva,18:00
97127,Kalva,18:03
97245,Kalva,18:10
97129,Kalva,18:17
97131,Kalva,18:20
95727,Kalva,18:13
97119,Mumbra,17:36
97241,Mumbra,17:40
97121,Mumbra,17:51
97123,Mumbra,17:55
95415,Mumbra,17:43
95321,Mumbra,17:47
96111,Mumbra,17:59
97243,Mumbra,18:03
97125,Mumbra,18:06
97127,Mumbra,18:09
97245,Mumbra,18:16
97129,Mumbra,18:23
97131,Mumbra,18:26
95727,Mumbra,18:19
97119,Diva,17:40
97241,Diva,17:44
97121,Diva,17:55
95235,Diva,17:34
97123,Diva,17:59
95415,Diva,17:47
95321,Diva,17:51
96111,Diva,18:03
97243,Diva,18:07
97125,Diva,18:10
97127,Diva,18:13
97245,Diva,18:20
97129,Diva,18:27
95511,Diva,18:11
97131,Diva,18:30
95727,Diva,18:23
97119,Kopar,17:45
97241,Kopar,17:49
97121,Kopar,18:00
97123,Kopar,18:04
95415,Kopar,17:52
95321,Kopar,17:56
96111,Kopar,18:08
97243,Kopar,18:12
97125,Kopar,18:15
97127,Kopar,18:18
97245,Kopar,18:25
97129,Kopar,18:32
97131,Kopar,18:35
95727,Kopar,18:28
97119,Dombivli,17:48
97241,Dombivli,17:52
97121,Dombivli,18:04
95235,Dombivli,17:40
97123,Dombivli,18:08
95415,Dombivli,17:56
95321,Dombivli,18:00
96111,Dombivli,18:12
97243,Dombivli,18:16
97125,Dombivli,18:19
97127,Dombivli,18:22
97245,Dombivli,18:29
95725,Dombivli,18:12
97129,Dombivli,18:35
95511,Dombivli,18:17
95237,Dombivli,18:20
97131,Dombivli,18:38
95727,Dombivli,18:32
97119,Thakurli,17:52
97121,Thakurli,18:08
97123,Thakurli,18:12
95415,Thakurli,18:00
95321,Thakurli,18:04
96111,Thakurli,18:16
97125,Thakurli,18:23
97127,Thakurli,18:26
97129,Thakurli,18:39
97131,Thakurli,18:42
95727,Thakurli,18:35
97119,Kalyan,17:58
97121,Kalyan,18:14
95235,Kalyan,17:47
97123,Kalyan,18:18
95415,Kalyan,18:07
95321,Kalyan,18:10
96111,Kalyan,18:23
97125,Kalyan,18:29
97127,Kalyan,18:34
95725,Kalyan,18:18
97129,Kalyan,18:46
95511,Kalyan,18:26
95237,Kalyan,18:28
97131,Kalyan,18:49
95727,Kalyan,18:42
95235,Vithalwadi,17:51
95321,Vithalwadi,18:14
96111,Vithalwadi,18:27
95237,Vithalwadi,18:32
95235,Ulhas Nagar,17:54
95321,Ulhas Nagar,18:17
96111,Ulhas Nagar,18:30
95237,Ulhas Nagar,18:35
95235,Ambernath,17:59
95321,Ambernath,18:23
96111,Ambernath,18:34
95237,Ambernath,18:39
95235,Badlapur,18:07
96111,Badlapur,18:41
95237,Badlapur,18:48
96111,Vangani,18:50
96111,Shelu,18:54
96111,Neral,18:58
96111,Bhivpuri Road,19:05
96111,Karjat,19:14
95415,Shahad,18:12
95511,Shahad,18:31
95415,Ambivli,18:15
95511,Ambivli,18:34
95415,Titwala,18:21
95511,Titwala,18:40
95415,Khadavli,18:28
95511,Khadavli,18:47
95415,Vasind,18:35
95511,Vasind,18:54
95415,Asangaon,18:41
95511,Asangaon,19:02
95415,Atgaon,18:50
95415,Thansit,18:55
95415,Khardi,19:00
95415,Umbermalli,19:06
95415,Kasara,19:18
97627,CSMT,17:28
95613,CSMT,17:29
97393,CSMT,17:32
95009,CSMT,17:33
97135,CSMT,17:36
95803,CSMT,17:37
95323,CSMT,17:41
97629,CSMT,17:44
95513,CSMT,17:45
97395,CSMT,17:48
97139,CSMT,17:52
95615,CSMT,17:56
97249,CSMT,17:57
95239,CSMT,17:59
95731,CSMT,18:03
97397,CSMT,18:03
95325,CSMT,18:06
97143,CSMT,18:07
95911,CSMT,18:10
97627,Masjid,17:31
97393,Masjid,17:35
97135,Masjid,17:39
97629,Masjid,17:47
97395,Masjid,17:51
97139,Masjid,17:55
97249,Masjid,18:00
97397,Masjid,18:06
97143,Masjid,18:10
97627,Sandhurst Road,17:33
97393,Sandhurst Road,17:37
97135,Sandhurst Road,17:41
97629,Sandhurst Road,17:49
97395,Sandhurst Road,17:53
97139,Sandhurst Road,17:57
97249,Sandhurst Road,18:02
97397,Sandhurst Road,18:08
97143,Sandhurst Road,18:12
97627,Byculla,17:36
95613,Byculla,17:36
97393,Byculla,17:40
95009,Byculla,17:40
97135,Byculla,17:44
95803,Byculla,17:44
95323,Byculla,17:48
97629,Byculla,17:52
95513,Byculla,17:52
97395,Byculla,17:56
97139,Byculla,18:00
95615,Byculla,18:03
97249,Byculla,18:05
95239,Byculla,18:06
97397,Byculla,18:11
95325,Byculla,18:13
97143,Byculla,18:15
97627,Chinchpokli,17:38
97393,Chinchpokli,17:42
97135,Chinchpokli,17:46
97629,Chinchpokli,17:54
97395,Chinchpokli,17:58
97139,Chinchpokli,18:02
97249,Chinchpokli,18:07
97397,Chinchpokli,18:13
97143,Chinchpokli,18:17
97627,Currey Road,17:40
97393,Currey Road,17:44
97135,Currey Road,17:48
97629,Currey Road,17:56
97395,Currey Road,18:00
97139,Currey Road,18:04
97249,Currey Road,18:09
97397,Currey Road,18:15
97143,Currey Road,18:19
97627,Parel,17:43
97393,Parel,17:47
97135,Parel,17:51
97247,Parel,17:55
97629,Parel,17:59
97395,Parel,18:03
97139,Parel,18:07
97249,Parel,18:12
97141,Parel,18:15
97397,Parel,18:18
97143,Parel,18:22
97627,Dadar,17:46
95613,Dadar,17:43
97393,Dadar,17:50
95009,Dadar,17:47
97135,Dadar,17:54
95803,Dadar,17:51
95323,Dadar,17:54
97247,Dadar,17:58
97629,Dadar,18:02
95513,Dadar,17:58
95729,Dadar,18:01
97395,Dadar,18:06
97139,Dadar,18:10
95615,Dadar,18:10
97249,Dadar,18:15
95239,Dadar,18:13
95731,Dadar,18:16
97141,Dadar,18:19
97397,Dadar,18:23
95325,Dadar,18:20
97143,Dadar,18:26
95911,Dadar,18:23
97627,Matunga,17:49
97393,Matunga,17:53
97135,Matunga,17:57
97247,Matunga,18:01
97629,Matunga,18:05
97395,Matunga,18:09
97139,Matunga,18:13
97249,Matunga,18:18
97141,Matunga,18:23
97397,Matunga,18:27
97143,Matunga,18:30
97627,Sion,17:52
97393,Sion,17:56
97135,Sion,18:00
97247,Sion,18:04
97629,Sion,18:08
97395,Sion,18:12
97139,Sion,18:16
97249,Sion,18:21
97141,Sion,18:26
97397,Sion,18:30
97143,Sion,18:33
97627,Kurla,17:56
95613,Kurla,17:50
97393,Kurla,18:00
95009,Kurla,17:54
97135,Kurla,18:04
95803,Kurla,17:58
95323,Kurla,18:01
97247,Kurla,18:08
97629,Kurla,18:12
95513,Kurla,18:05
95729,Kurla,18:08
97395,Kurla,18:16
97139,Kurla,18:20
95615,Kurla,18:18
97249,Kurla,18:25
95239,Kurla,18:21
95731,Kurla,18:24
97141,Kurla,18:30
97397,Kurla,18:34
95325,Kurla,18:27
97143,Kurla,18:37
95911,Kurla,18:30
97133,Vidyavihar,17:59
97393,Vidyavihar,18:03
97135,Vidyavihar,18:07
97247,Vidyavihar,18:11
97137,Vidyavihar,18:15
97395,Vidyavihar,18:19
97139,Vidyavihar,18:23
97249,Vidyavihar,18:28
97141,Vidyavihar,18:33
97397,Vidyavihar,18:37
97143,Vidyavihar,18:40
97133,Ghatkopar,18:02
95613,Ghatkopar,17:54
97393,Ghatkopar,18:06
95009,Ghatkopar,17:58
97135,Ghatkopar,18:10
95803,Ghatkopar,18:02
97247,Ghatkopar,18:14
95513,Ghatkopar,18:09
95729,Ghatkopar,18:12
97137,Ghatkopar,18:18
97395,Ghatkopar,18:22
97139,Ghatkopar,18:26
95615,Ghatkopar,18:22
97249,Ghatkopar,18:31
95239,Ghatkopar,18:25
97141,Ghatkopar,18:36
97397,Ghatkopar,18:40
95325,Ghatkopar,18:31
97143,Ghatkopar,18:43
97133,Vikhroli,18:06
97393,Vikhroli,18:10
97135,Vikhroli,18:14
95323,Vikhroli,18:09
97247,Vikhroli,18:18
97137,Vikhroli,18:22
97395,Vikhroli,18:26
97139,Vikhroli,18:30
97249,Vikhroli,18:35
95731,Vikhroli,18:32
97141,Vikhroli,18:40
97397,Vikhroli,18:44
97143,Vikhroli,18:47
97133,Kanjur Marg,18:09
97393,Kanjur Marg,18:13
97135,Kanjur Marg,18:17
97247,Kanjur Marg,18:21
97137,Kanjur Marg,18:25
97395,Kanjur Marg,18:29
97139,Kanjur Marg,18:33
97249,Kanjur Marg,18:38
97141,Kanjur Marg,18:43
97397,Kanjur Marg,18:47
97143,Kanjur Marg,18:50
97133,Bhandup,18:12
97393,Bhandup,18:16
97135,Bhandup,18:20
95803,Bhandup,18:10
97247,Bhandup,18:24
97137,Bhandup,18:28
97395,Bhandup,18:32
97139,Bhandup,18:36
97249,Bhandup,18:41
97141,Bhandup,18:46
97397,Bhandup,18:50
97143,Bhandup,18:53
95911,Bhandup,18:40
97133,Nahur,18:15
97393,Nahur,18:19
97135,Nahur,18:23
97247,Nahur,18:27
97137,Nahur,18:31
97395,Nahur,18:35
97139,Nahur,18:39
97249,Nahur,18:44
97141,Nahur,18:49
97397,Nahur,18:53
97143,Nahur,18:56
97133,Mulund,18:18
95613,Mulund,18:06
97393,Mulund,18:22
97135,Mulund,18:26
95323,Mulund,18:17
97247,Mulund,18:30
95729,Mulund,18:24
97137,Mulund,18:34
97395,Mulund,18:38
97139,Mulund,18:42
97249,Mulund,18:49
95731,Mulund,18:40
97141,Mulund,18:53
97397,Mulund,18:57
97143,Mulund,19:00
95911,Mulund,18:45
97133,Thane,18:23
95613,Thane,18:10
97393,Thane,18:28
95009,Thane,18:13
97135,Thane,18:31
95803,Thane,18:19
95323,Thane,18:22
97247,Thane,18:35
95513,Thane,18:25
95729,Thane,18:28
97137,Thane,18:39
97395,Thane,18:44
97139,Thane,18:46
95615,Thane,18:37
96211,Thane,18:50
97249,Thane,18:55
95239,Thane,18:41
95731,Thane,18:44
97141,Thane,18:58
97397,Thane,19:02
95325,Thane,18:47
97143,Thane,19:05
95911,Thane,18:52
97133,Kalva,18:28
97135,Kalva,18:36
95803,Kalva,18:24
97247,Kalva,18:40
95729,Kalva,18:33
97137,Kalva,18:44
97139,Kalva,18:52
96211,Kalva,18:55
97249,Kalva,19:00
95731,Kalva,18:49
97141,Kalva,19:03
97143,Kalva,19:09
97133,Mumbra,18:34
97135,Mumbra,18:42
95803,Mumbra,18:30
97247,Mumbra,18:46
95729,Mumbra,18:39
97137,Mumbra,18:50
97139,Mumbra,18:58
96211,Mumbra,19:01
97249,Mumbra,19:06
95731,Mumbra,18:55
97141,Mumbra,19:09
97143,Mumbra,19:15
97133,Diva,18:38
97135,Diva,18:46
95803,Diva,18:34
97247,Diva,18:50
95729,Diva,18:43
97137,Diva,18:54
97139,Diva,19:02
95615,Diva,18:47
96211,Diva,19:05
97249,Diva,19:10
95731,Diva,18:59
97141,Diva,19:13
97143,Diva,19:19
97133,Kopar,18:43
97135,Kopar,18:51
95803,Kopar,18:39
97247,Kopar,18:55
95729,Kopar,18:48
97137,Kopar,18:59
97139,Kopar,19:07
96211,Kopar,19:10
97249,Kopar,19:15
95731,Kopar,19:04
97141,Kopar,19:18
97143,Kopar,19:24
97133,Dombivli,18:47
95613,Dombivli,18:25
95009,Dombivli,18:28
97135,Dombivli,18:54
95803,Dombivli,18:43
95323,Dombivli,18:37
97247,Dombivli,18:58
95513,Dombivli,18:40
95729,Dombivli,18:51
97137,Dombivli,19:02
97139,Dombivli,19:11
95615,Dombivli,18:53
96211,Dombivli,19:14
97249,Dombivli,19:19
95239,Dombivli,18:56
95731,Dombivli,19:08
97141,Dombivli,19:22
95325,Dombivli,19:01
97143,Dombivli,19:27
97133,Thakurli,18:51
97135,Thakurli,18:58
95729,Thakurli,18:55
97137,Thakurli,19:06
97139,Thakurli,19:15
96211,Thakurli,19:18
95731,Thakurli,19:12
97141,Thakurli,19:26
97143,Thakurli,19:31
97133,Kalyan,18:57
95613,Kalyan,18:34
95009,Kalyan,18:38
97135,Kalyan,19:04
95323,Kalyan,18:46
95513,Kalyan,18:50
95729,Kalyan,19:01
97137,Kalyan,19:13
97139,Kalyan,19:21
95615,Kalyan,19:02
96211,Kalyan,19:26
95239,Kalyan,19:05
95731,Kalyan,19:18
97141,Kalyan,19:32
95325,Kalyan,19:10
97143,Kalyan,19:37
95009,Vithalwadi,18:42
95323,Vithalwadi,18:50
96211,Vithalwadi,19:31
95239,Vithalwadi,19:09
95325,Vithalwadi,19:14
95009,Ulhas Nagar,18:45
95323,Ulhas Nagar,18:52
96211,Ulhas Nagar,19:34
95239,Ulhas Nagar,19:12
95325,Ulhas Nagar,19:17
95009,Ambernath,18:49
95323,Ambernath,18:57
96211,Ambernath,19:38
95239,Ambernath,19:16
95325,Ambernath,19:22
95009,Badlapur,18:56
96211,Badlapur,19:47
95239,Badlapur,19:26
95009,Vangani,19:04
95009,Shelu,19:08
95009,Neral,19:12
95009,Bhivpuri Road,19:19
95009,Karjat,19:28
95009,Palasdhari,19:33
95009,Kelavli,19:40
95009,Dolavli,19:43
95009,Lowjee,19:47
95009,Khopoli,19:55
95613,Shahad,18:38
95513,Shahad,18:55
95615,Shahad,19:07
95613,Ambivli,18:41
95513,Ambivli,18:58
95615,Ambivli,19:10
95613,Titwala,18:49
95513,Titwala,19:05
95615,Titwala,19:20
95513,Khadavli,19:12
95513,Vasind,19:19
95513,Asangaon,19:29
97145,CSMT,18:14
97251,CSMT,18:18
95129,CSMT,18:21
97631,CSMT,18:22
95327,CSMT,18:25
97399,CSMT,18:26
95417,CSMT,18:28
95515,CSMT,18:32
96327,CSMT,18:33
95733,CSMT,18:36
97401,CSMT,18:37
95617,CSMT,18:39
97253,CSMT,18:41
95241,CSMT,18:42
97403,CSMT,18:45
95735,CSMT,18:50
97633,CSMT,18:49
95131,CSMT,18:53
95619,CSMT,18:57
97145,Masjid,18:17
97251,Masjid,18:21
97631,Masjid,18:25
97399,Masjid,18:29
96327,Masjid,18:36
97401,Masjid,18:40
97253,Masjid,18:44
97403,Masjid,18:48
97633,Masjid,18:52
97145,Sandhurst Road,18:19
97251,Sandhurst Road,18:23
97631,Sandhurst Road,18:27
97399,Sandhurst Road,18:31
96327,Sandhurst Road,18:38
97401,Sandhurst Road,18:42
97253,Sandhurst Road,18:46
97403,Sandhurst Road,18:50
97633,Sandhurst Road,18:54
97145,Byculla,18:22
97251,Byculla,18:26
95129,Byculla,18:29
97631,Byculla,18:30
95327,Byculla,18:33
97399,Byculla,18:34
95417,Byculla,18:36
95515,Byculla,18:40
96327,Byculla,18:41
95733,Byculla,18:43
97401,Byculla,18:45
95617,Byculla,18:46
97253,Byculla,18:49
95241,Byculla,18:49
97403,Byculla,18:53
95735,Byculla,18:58
97633,Byculla,18:57
95131,Byculla,19:01
95619,Byculla,19:04
97145,Chinchpokli,18:24
97251,Chinchpokli,18:28
97631,Chinchpokli,18:32
97399,Chinchpokli,18:36
96327,Chinchpokli,18:43
97401,Chinchpokli,18:47
97253,Chinchpokli,18:51
97403,Chinchpokli,18:55
97633,Chinchpokli,18:59
97145,Currey Road,18:26
97251,Currey Road,18:30
97631,Currey Road,18:34
97399,Currey Road,18:38
96327,Currey Road,18:45
97401,Currey Road,18:49
97253,Currey Road,18:53
97403,Currey Road,18:57
97633,Currey Road,19:01
97145,Parel,18:29
97251,Parel,18:33
97631,Parel,18:37
97399,Parel,18:41
97149,Parel,18:45
96327,Parel,18:48
97401,Parel,18:52
97253,Parel,18:56
97403,Parel,19:00
97633,Parel,19:04
97151,Parel,19:10
97145,Dadar,18:32
97251,Dadar,18:36
95129,Dadar,18:36
97631,Dadar,18:40
95327,Dadar,18:40
97399,Dadar,18:44
97149,Dadar,18:48
95417,Dadar,18:43
95515,Dadar,18:46
96327,Dadar,18:51
95733,Dadar,18:49
97401,Dadar,18:55
95617,Dadar,18:52
97253,Dadar,18:59
95241,Dadar,18:55
97403,Dadar,19:03
95735,Dadar,19:04
97633,Dadar,19:07
95131,Dadar,19:07
95619,Dadar,19:10
95737,Dadar,19:13
97151,Dadar,19:14
97145,Matunga,18:35
97251,Matunga,18:39
97631,Matunga,18:43
97399,Matunga,18:47
97149,Matunga,18:51
96327,Matunga,18:54
97401,Matunga,18:58
97253,Matunga,19:02
97403,Matunga,19:06
97633,Matunga,19:10
97151,Matunga,19:17
97145,Sion,18:38
97251,Sion,18:42
97631,Sion,18:46
97399,Sion,18:50
97149,Sion,18:54
96327,Sion,18:57
97401,Sion,19:01
97253,Sion,19:05
97403,Sion,19:09
97633,Sion,19:13
97151,Sion,19:20
97145,Kurla,18:42
97251,Kurla,18:46
95129,Kurla,18:43
97631,Kurla,18:50
95327,Kurla,18:47
97399,Kurla,18:54
97149,Kurla,18:58
95417,Kurla,18:50
95515,Kurla,18:53
96327,Kurla,19:01
95733,Kurla,18:56
97401,Kurla,19:05
95617,Kurla,18:59
97253,Kurla,19:09
95241,Kurla,19:02
97403,Kurla,19:13
95735,Kurla,19:11
97633,Kurla,19:17
95131,Kurla,19:14
95619,Kurla,19:17
95737,Kurla,19:20
97151,Kurla,19:24
97145,Vidyavihar,18:45
97251,Vidyavihar,18:49
97399,Vidyavihar,18:57
97149,Vidyavihar,19:01
96327,Vidyavihar,19:04
97401,Vidyavihar,19:08
97253,Vidyavihar,19:12
97403,Vidyavihar,19:16
97151,Vidyavihar,19:27
97145,Ghatkopar,18:48
97251,Ghatkopar,18:52
95129,Ghatkopar,18:47
95327,Ghatkopar,18:51
97399,Ghatkopar,19:00
97149,Ghatkopar,19:04
95417,Ghatkopar,18:54
96327,Ghatkopar,19:07
95733,Ghatkopar,19:00
97401,Ghatkopar,19:11
95617,Ghatkopar,19:03
97253,Ghatkopar,19:15
95241,Ghatkopar,19:06
97403,Ghatkopar,19:19
95735,Ghatkopar,19:15
95131,Ghatkopar,19:18
95737,Ghatkopar,19:24
97151,Ghatkopar,19:30
97145,Vikhroli,18:52
97251,Vikhroli,18:56
97399,Vikhroli,19:04
97149,Vikhroli,19:08
95515,Vikhroli,19:01
96327,Vikhroli,19:11
97401,Vikhroli,19:15
97253,Vikhroli,19:19
97403,Vikhroli,19:23
95619,Vikhroli,19:24
97151,Vikhroli,19:34
97145,Kanjur Marg,18:55
97251,Kanjur Marg,18:59
97399,Kanjur Marg,19:07
97149,Kanjur Marg,19:11
96327,Kanjur Marg,19:14
97401,Kanjur Marg,19:18
97253,Kanjur Marg,19:22
97403,Kanjur Marg,19:26
97151,Kanjur Marg,19:37
97145,Bhandup,18:58
97251,Bhandup,19:02
97399,Bhandup,19:10
97149,Bhandup,19:14
96327,Bhandup,19:17
95733,Bhandup,19:07
97401,Bhandup,19:21
95617,Bhandup,19:11
97253,Bhandup,19:25
97403,Bhandup,19:29
95735,Bhandup,19:23
97151,Bhandup,19:40
97145,Nahur,19:01
97251,Nahur,19:05
97399,Nahur,19:13
97149,Nahur,19:17
96327,Nahur,19:20
97401,Nahur,19:24
97253,Nahur,19:28
97403,Nahur,19:32
97151,Nahur,19:43
97145,Mulund,19:04
97251,Mulund,19:08
95327,Mulund,19:02
97399,Mulund,19:17
97149,Mulund,19:20
95417,Mulund,19:05
96327,Mulund,19:24
97401,Mulund,19:27
97253,Mulund,19:31
95241,Mulund,19:18
97403,Mulund,19:35
95619,Mulund,19:32
95737,Mulund,19:35
97151,Mulund,19:46
97145,Thane,19:09
97251,Thane,19:13
95129,Thane,18:59
95327,Thane,19:06
97147,Thane,19:20
97399,Thane,19:23
97149,Thane,19:25
95417,Thane,19:09
95515,Thane,19:15
96327,Thane,19:29
95733,Thane,19:18
97401,Thane,19:33
95617,Thane,19:21
97253,Thane,19:36
95241,Thane,19:24
97403,Thane,19:42
95735,Thane,19:33
95131,Thane,19:36
95619,Thane,19:39
95737,Thane,19:42
96213,Thane,19:45
97151,Thane,19:51
97145,Kalva,19:14
97251,Kalva,19:18
97147,Kalva,19:25
97149,Kalva,19:30
96327,Kalva,19:34
97253,Kalva,19:42
95241,Kalva,19:29
95735,Kalva,19:39
95737,Kalva,19:47
96213,Kalva,19:51
97151,Kalva,19:57
97145,Mumbra,19:20
97251,Mumbra,19:24
97147,Mumbra,19:31
97149,Mumbra,19:36
96327,Mumbra,19:40
97253,Mumbra,19:48
95735,Mumbra,19:45
95619,Mumbra,19:47
95737,Mumbra,19:53
96213,Mumbra,19:57
97151,Mumbra,20:03
97145,Diva,19:24
97251,Diva,19:28
95129,Diva,19:10
97147,Diva,19:35
97149,Diva,19:40
96327,Diva,19:44
95617,Diva,19:32
97253,Diva,19:52
95735,Diva,19:49
95737,Diva,19:57
96213,Diva,20:01
97151,Diva,20:07
97145,Kopar,19:29
97251,Kopar,19:33
97147,Kopar,19:40
97149,Kopar,19:45
96327,Kopar,19:49
97253,Kopar,19:57
95735,Kopar,19:54
95737,Kopar,20:02
96213,Kopar,20:06
97151,Kopar,20:12
97145,Dombivli,19:32
97251,Dombivli,19:37
95129,Dombivli,19:16
95327,Dombivli,19:21
97147,Dombivli,19:43
97149,Dombivli,19:48
95417,Dombivli,19:24
95515,Dombivli,19:31
96327,Dombivli,19:52
95733,Dombivli,19:34
95617,Dombivli,19:38
97253,Dombivli,20:01
95241,Dombivli,19:41
95735,Dombivli,19:58
95131,Dombivli,19:52
95619,Dombivli,19:56
95737,Dombivli,20:06
96213,Dombivli,20:10
97151,Dombivli,20:16
97145,Thakurli,19:36
97147,Thakurli,19:47
97149,Thakurli,19:52
96327,Thakurli,19:56
95735,Thakurli,20:02
95737,Thakurli,20:10
96213,Thakurli,20:14
97151,Thakurli,20:20
97145,Kalyan,19:42
95129,Kalyan,19:23
95327,Kalyan,19:29
97147,Kalyan,19:53
97149,Kalyan,19:58
95417,Kalyan,19:34
95515,Kalyan,19:39
96327,Kalyan,20:03
95733,Kalyan,19:41
95617,Kalyan,19:46
95241,Kalyan,19:49
95735,Kalyan,20:08
95131,Kalyan,20:00
95619,Kalyan,20:04
95737,Kalyan,20:16
96213,Kalyan,20:20
97151,Kalyan,20:26
95129,Vithalwadi,19:27
95327,Vithalwadi,19:34
96327,Vithalwadi,20:08
95241,Vithalwadi,19:53
95131,Vithalwadi,20:04
96213,Vithalwadi,20:25
95129,Ulhas Nagar,19:30
95327,Ulhas Nagar,19:37
96327,Ulhas Nagar,20:11
95241,Ulhas Nagar,19:56
95131,Ulhas Nagar,20:07
96213,Ulhas Nagar,20:28
95129,Ambernath,19:34
95327,Ambernath,19:42
96327,Ambernath,20:18
95241,Ambernath,20:00
95131,Ambernath,20:12
96213,Ambernath,20:32
95129,Badlapur,19:41
95241,Badlapur,20:08
95131,Badlapur,20:19
96213,Badlapur,20:41
95129,Vangani,19:49
95131,Vangani,20:27
95129,Shelu,19:53
95131,Shelu,20:31
95129,Neral,19:57
95131,Neral,20:35
95129,Bhivpuri Road,20:04
95131,Bhivpuri Road,20:42
95129,Karjat,20:13
96013,Karjat,20:36
95131,Karjat,20:52
96013,Palasdhari,20:41
96013,Kelavli,20:48
96013,Dolavli,20:51
96013,Lowjee,20:55
96013,Khopoli,21:01
95417,Shahad,19:39
95515,Shahad,19:44
95617,Shahad,19:50
95619,Shahad,20:08
95417,Ambivli,19:42
95515,Ambivli,19:47
95617,Ambivli,19:53
95619,Ambivli,20:11
95417,Titwala,19:48
95515,Titwala,19:53
95617,Titwala,20:01
95619,Titwala,20:20
95417,Khadavli,19:55
95515,Khadavli,20:00
95417,Vasind,20:02
95515,Vasind,20:07
95417,Asangaon,20:08
95515,Asangaon,20:17
95417,Atgaon,20:17
95417,Thansit,20:22
95417,Khardi,20:27
95417,Umbermalli,20:33
95417,Kasara,20:46
97405,CSMT,18:58
95913,CSMT,19:00
97153,CSMT,19:03
97255,CSMT,19:07
95243,CSMT,19:14
97155,CSMT,19:14
95419,CSMT,19:18
97157,CSMT,19:18
97409,CSMT,19:22
95245,CSMT,19:23
95739,CSMT,19:29
95621,CSMT,19:30
96215,CSMT,19:34
97161,CSMT,19:38
95331,CSMT,19:42
97413,CSMT,19:45
95623,CSMT,19:46
97405,Masjid,19:01
97153,Masjid,19:06
97255,Masjid,19:10
97155,Masjid,19:17
97157,Masjid,19:21
97409,Masjid,19:25
96215,Masjid,19:37
97161,Masjid,19:41
97413,Masjid,19:48
97405,Sandhurst Road,19:03
97153,Sandhurst Road,19:08
97255,Sandhurst Road,19:12
97155,Sandhurst Road,19:19
97157,Sandhurst Road,19:23
97409,Sandhurst Road,19:27
96215,Sandhurst Road,19:39
97161,Sandhurst Road,19:43
97413,Sandhurst Road,19:50
97405,Byculla,19:06
97153,Byculla,19:11
97255,Byculla,19:15
95243,Byculla,19:21
97155,Byculla,19:22
95419,Byculla,19:25
97157,Byculla,19:26
97409,Byculla,19:30
95245,Byculla,19:30
95739,Byculla,19:38
95621,Byculla,19:40
96215,Byculla,19:43
97161,Byculla,19:46
95331,Byculla,19:49
97413,Byculla,19:53
95623,Byculla,19:53
97405,Chinchpokli,19:08
97153,Chinchpokli,19:13
97255,Chinchpokli,19:17
97155,Chinchpokli,19:24
97157,Chinchpokli,19:28
97409,Chinchpokli,19:32
96215,Chinchpokli,19:45
97161,Chinchpokli,19:48
97413,Chinchpokli,19:55
97405,Currey Road,19:10
97153,Currey Road,19:15
97255,Currey Road,19:19
97155,Currey Road,19:26
97157,Currey Road,19:30
97409,Currey Road,19:34
96215,Currey Road,19:47
97161,Currey Road,19:50
97413,Currey Road,19:57
97405,Parel,19:13
97153,Parel,19:18
97255,Parel,19:22
97407,Parel,19:25
97155,Parel,19:29
97157,Parel,19:33
97409,Parel,19:37
97257,Parel,19:47
96215,Parel,19:50
97161,Parel,19:53
97411,Parel,19:56
97413,Parel,20:00
97405,Dadar,19:17
95913,Dadar,19:16
97153,Dadar,19:21
97255,Dadar,19:25
97407,Dadar,19:28
95243,Dadar,19:28
97155,Dadar,19:32
95419,Dadar,19:31
97157,Dadar,19:36
97409,Dadar,19:40
95245,Dadar,19:36
95329,Dadar,19:39
95739,Dadar,19:44
95621,Dadar,19:47
97257,Dadar,19:49
96215,Dadar,19:53
97161,Dadar,19:56
95331,Dadar,19:56
97411,Dadar,19:59
97413,Dadar,20:03
95623,Dadar,19:59
97405,Matunga,19:20
97153,Matunga,19:24
97255,Matunga,19:28
97407,Matunga,19:31
97155,Matunga,19:35
97157,Matunga,19:39
97409,Matunga,19:43
97257,Matunga,19:51
96215,Matunga,19:56
97161,Matunga,20:00
97411,Matunga,20:03
97413,Matunga,20:06
97405,Sion,19:23
97153,Sion,19:27
97255,Sion,19:31
97407,Sion,19:34
97155,Sion,19:38
97157,Sion,19:42
97409,Sion,19:46
97257,Sion,19:54
96215,Sion,19:59
97161,Sion,20:03
97411,Sion,20:06
97413,Sion,20:09
97405,Kurla,19:27
97153,Kurla,19:31
97255,Kurla,19:35
97407,Kurla,19:38
95243,Kurla,19:35
97155,Kurla,19:42
95419,Kurla,19:38
97157,Kurla,19:46
97409,Kurla,19:50
95245,Kurla,19:43
95329,Kurla,19:46
95739,Kurla,19:51
95621,Kurla,19:54
97159,Kurla,19:54
97257,Kurla,19:57
96215,Kurla,20:03
97161,Kurla,20:07
95331,Kurla,20:04
97411,Kurla,20:10
97413,Kurla,20:13
95623,Kurla,20:07
97405,Vidyavihar,19:30
97153,Vidyavihar,19:34
97255,Vidyavihar,19:38
97407,Vidyavihar,19:41
97155,Vidyavihar,19:45
97157,Vidyavihar,19:49
97409,Vidyavihar,19:53
97159,Vidyavihar,19:58
97257,Vidyavihar,20:01
96215,Vidyavihar,20:06
97161,Vidyavihar,20:10
97411,Vidyavihar,20:13
97413,Vidyavihar,20:16
97405,Ghatkopar,19:33
97153,Ghatkopar,19:37
97255,Ghatkopar,19:41
97407,Ghatkopar,19:44
95243,Ghatkopar,19:39
97155,Ghatkopar,19:48
95419,Ghatkopar,19:42
97157,Ghatkopar,19:52
97409,Ghatkopar,19:56
95245,Ghatkopar,19:47
95329,Ghatkopar,19:50
95739,Ghatkopar,19:55
97159,Ghatkopar,20:01
97257,Ghatkopar,20:04
96215,Ghatkopar,20:09
97161,Ghatkopar,20:13
95331,Ghatkopar,20:08
97411,Ghatkopar,20:16
97413,Ghatkopar,20:19
95623,Ghatkopar,20:11
97405,Vikhroli,19:37
95913,Vikhroli,19:30
97153,Vikhroli,19:41
97255,Vikhroli,19:45
97407,Vikhroli,19:48
97155,Vikhroli,19:52
97157,Vikhroli,19:56
97409,Vikhroli,20:00
95621,Vikhroli,20:01
97159,Vikhroli,20:05
97257,Vikhroli,20:08
96215,Vikhroli,20:13
97161,Vikhroli,20:17
97411,Vikhroli,20:20
97413,Vikhroli,20:23
97405,Kanjur Marg,19:40
97153,Kanjur Marg,19:44
97255,Kanjur Marg,19:48
97407,Kanjur Marg,19:51
97155,Kanjur Marg,19:55
97157,Kanjur Marg,19:59
97409,Kanjur Marg,20:03
97159,Kanjur Marg,20:08
97257,Kanjur Marg,20:11
96215,Kanjur Marg,20:16
97161,Kanjur Marg,20:20
97411,Kanjur Marg,20:23
97413,Kanjur Marg,20:26
97405,Bhandup,19:43
95913,Bhandup,19:35
97153,Bhandup,19:47
97255,Bhandup,19:51
97407,Bhandup,19:54
97155,Bhandup,19:58
97157,Bhandup,20:02
97409,Bhandup,20:06
95329,Bhandup,19:57
97159,Bhandup,20:11
97257,Bhandup,20:14
96215,Bhandup,20:19
97161,Bhandup,20:23
95331,Bhandup,20:16
97411,Bhandup,20:26
97413,Bhandup,20:29
97405,Nahur,19:46
97153,Nahur,19:50
97255,Nahur,19:54
97407,Nahur,19:57
97155,Nahur,20:01
97157,Nahur,20:05
97409,Nahur,20:09
97159,Nahur,20:14
97257,Nahur,20:17
96215,Nahur,20:22
97161,Nahur,20:26
97411,Nahur,20:29
97413,Nahur,20:32
97405,Mulund,19:49
95913,Mulund,19:40
97153,Mulund,19:53
97255,Mulund,19:57
97407,Mulund,20:00
95243,Mulund,19:50
97155,Mulund,20:04
95419,Mulund,19:54
97157,Mulund,20:08
97409,Mulund,20:12
95739,Mulund,20:05
95621,Mulund,20:08
97159,Mulund,20:17
97257,Mulund,20:20
96215,Mulund,20:25
97161,Mulund,20:29
97411,Mulund,20:32
97413,Mulund,20:35
97405,Thane,19:54
95913,Thane,19:44
97153,Thane,19:58
97255,Thane,20:02
96113,Thane,20:05
97407,Thane,20:06
95243,Thane,19:54
97155,Thane,20:09
95419,Thane,19:58
97157,Thane,20:13
97409,Thane,20:17
95245,Thane,20:02
95329,Thane,20:05
95739,Thane,20:09
95621,Thane,20:12
97159,Thane,20:22
97257,Thane,20:25
96329,Thane,20:28
96215,Thane,20:31
97161,Thane,20:34
95331,Thane,20:24
97411,Thane,20:37
97413,Thane,20:40
95623,Thane,20:27
97153,Kalva,20:04
97255,Kalva,20:08
96113,Kalva,20:11
97155,Kalva,20:15
97157,Kalva,20:19
97159,Kalva,20:27
97257,Kalva,20:30
96329,Kalva,20:34
96215,Kalva,20:37
97161,Kalva,20:40
97153,Mumbra,20:10
97255,Mumbra,20:14
96113,Mumbra,20:17
97155,Mumbra,20:21
97157,Mumbra,20:25
97159,Mumbra,20:33
97257,Mumbra,20:36
96329,Mumbra,20:40
96215,Mumbra,20:43
97161,Mumbra,20:46
97153,Diva,20:14
97255,Diva,20:18
96113,Diva,20:21
97155,Diva,20:25
97157,Diva,20:29
97159,Diva,20:37
97257,Diva,20:40
96329,Diva,20:44
96215,Diva,20:47
97161,Diva,20:50
95331,Diva,20:35
97153,Kopar,20:19
97255,Kopar,20:23
96113,Kopar,20:26
97155,Kopar,20:31
97157,Kopar,20:35
97159,Kopar,20:42
97257,Kopar,20:45
96329,Kopar,20:49
96215,Kopar,20:52
97161,Kopar,20:55
97153,Dombivli,20:23
97255,Dombivli,20:27
96113,Dombivli,20:30
95243,Dombivli,20:09
97155,Dombivli,20:34
95419,Dombivli,20:13
97157,Dombivli,20:38
95245,Dombivli,20:17
95329,Dombivli,20:20
95739,Dombivli,20:24
95621,Dombivli,20:27
97159,Dombivli,20:45
97257,Dombivli,20:49
96329,Dombivli,20:52
96215,Dombivli,20:55
97161,Dombivli,20:59
95331,Dombivli,20:41
95623,Dombivli,20:44
97153,Thakurli,20:27
96113,Thakurli,20:34
97155,Thakurli,20:38
97157,Thakurli,20:42
97159,Thakurli,20:49
96329,Thakurli,20:56
96215,Thakurli,20:59
97161,Thakurli,21:03
97153,Kalyan,20:33
96113,Kalyan,20:41
95243,Kalyan,20:16
97155,Kalyan,20:45
95419,Kalyan,20:24
97157,Kalyan,20:49
95245,Kalyan,20:27
95329,Kalyan,20:30
95739,Kalyan,20:32
95621,Kalyan,20:36
97159,Kalyan,20:55
96329,Kalyan,21:03
96215,Kalyan,21:07
97161,Kalyan,21:09
95331,Kalyan,20:49
95623,Kalyan,20:53
96113,Vithalwadi,20:45
95243,Vithalwadi,20:20
95245,Vithalwadi,20:31
95329,Vithalwadi,20:35
96329,Vithalwadi,21:07
96215,Vithalwadi,21:11
95331,Vithalwadi,20:53
96113,Ulhas Nagar,20:48
95243,Ulhas Nagar,20:23
95245,Ulhas Nagar,20:34
95329,Ulhas Nagar,20:38
96329,Ulhas Nagar,21:10
96215,Ulhas Nagar,21:14
95331,Ulhas Nagar,20:56
96113,Ambernath,20:52
95243,Ambernath,20:27
95245,Ambernath,20:38
95329,Ambernath,20:44
96329,Ambernath,21:16
96215,Ambernath,21:21
95331,Ambernath,21:01
96113,Badlapur,20:59
95243,Badlapur,20:35
95245,Badlapur,20:48
96215,Badlapur,21:29
96113,Vangani,21:08
96113,Shelu,21:12
96113,Neral,21:16
96113,Bhivpuri Road,21:23
96113,Karjat,21:32
96015,Karjat,21:42
96015,Palasdhari,21:47
96015,Kelavli,21:54
96015,Dolavli,21:57
96015,Lowjee,22:01
96015,Khopoli,22:07
95419,Shahad,20:29
95621,Shahad,20:41
95623,Shahad,20:58
95419,Ambivli,20:32
95621,Ambivli,20:44
95623,Ambivli,21:01
95419,Titwala,20:38
95621,Titwala,20:52
95623,Titwala,21:08
95419,Khadavli,20:45
95419,Vasind,20:52
95419,Asangaon,20:58
95419,Atgaon,21:07
95419,Thansit,21:12
95419,Khardi,21:17
95419,Umbermalli,21:23
95419,Kasara,21:35
95133,CSMT,19:50
96217,CSMT,19:50
97415,CSMT,19:55
95517,CSMT,20:00
97163,CSMT,20:00
96641,CSMT,20:04
97417,CSMT,20:10
96331,CSMT,20:13
97259,CSMT,20:22
97167,CSMT,20:26
96643,CSMT,20:30
97419,CSMT,20:34
96333,CSMT,20:38
97635,CSMT,20:41
95011,CSMT,20:41
95421,CSMT,20:44
95333,CSMT,20:47
97261,CSMT,20:48
97421,CSMT,20:52
96519,CSMT,20:56
97171,CSMT,21:00
97423,CSMT,21:04
96217,Masjid,19:53
97415,Masjid,19:58
97163,Masjid,20:03
96641,Masjid,20:07
97417,Masjid,20:13
96331,Masjid,20:16
97259,Masjid,20:25
97167,Masjid,20:29
96643,Masjid,20:34
97419,Masjid,20:37
96333,Masjid,20:41
97635,Masjid,20:44
97261,Masjid,20:51
97421,Masjid,20:55
96519,Masjid,20:59
97171,Masjid,21:03
97423,Masjid,21:07
96217,Sandhurst Road,19:55
97415,Sandhurst Road,20:00
97163,Sandhurst Road,20:05
96641,Sandhurst Road,20:09
97417,Sandhurst Road,20:15
96331,Sandhurst Road,20:18
97259,Sandhurst Road,20:27
97167,Sandhurst Road,20:31
96643,Sandhurst Road,20:36
97419,Sandhurst Road,20:39
96333,Sandhurst Road,20:43
97635,Sandhurst Road,20:46
97261,Sandhurst Road,20:53
97421,Sandhurst Road,20:57
96519,Sandhurst Road,21:01
97171,Sandhurst Road,21:05
97423,Sandhurst Road,21:09
95133,Byculla,19:57
96217,Byculla,19:58
97415,Byculla,20:03
95517,Byculla,20:08
97163,Byculla,20:08
96641,Byculla,20:12
97417,Byculla,20:18
96331,Byculla,20:21
97259,Byculla,20:30
97167,Byculla,20:34
96643,Byculla,20:39
97419,Byculla,20:42
96333,Byculla,20:46
97635,Byculla,20:49
95011,Byculla,20:48
95421,Byculla,20:51
95333,Byculla,20:54
97261,Byculla,20:56
97421,Byculla,21:00
96519,Byculla,21:04
97171,Byculla,21:08
97423,Byculla,21:12
96217,Chinchpokli,20:00
97415,Chinchpokli,20:05
97163,Chinchpokli,20:10
96641,Chinchpokli,20:14
97417,Chinchpokli,20:20
96331,Chinchpokli,20:23
97259,Chinchpokli,20:32
97167,Chinchpokli,20:36
96643,Chinchpokli,20:41
97419,Chinchpokli,20:44
96333,Chinchpokli,20:48
97635,Chinchpokli,20:51
97261,Chinchpokli,20:58
97421,Chinchpokli,21:02
96519,Chinchpokli,21:06
97171,Chinchpokli,21:10
97423,Chinchpokli,21:14
96217,Currey Road,20:02
97415,Currey Road,20:07
97163,Currey Road,20:12
96641,Currey Road,20:16
97417,Currey Road,20:22
96331,Currey Road,20:25
97259,Currey Road,20:34
97167,Currey Road,20:38
96643,Currey Road,20:43
97419,Currey Road,20:46
96333,Currey Road,20:50
97635,Currey Road,20:53
97261,Currey Road,21:00
97421,Currey Road,21:04
96519,Currey Road,21:08
97171,Currey Road,21:12
97423,Currey Road,21:16
96217,Parel,20:05
97415,Parel,20:10
97163,Parel,20:15
96641,Parel,20:19
97417,Parel,20:25
96331,Parel,20:28
97165,Parel,20:32
97259,Parel,20:37
97167,Parel,20:41
96643,Parel,20:46
97419,Parel,20:49
96333,Parel,20:53
97635,Parel,20:56
97169,Parel,20:59
97261,Parel,21:03
97421,Parel,21:07
96519,Parel,21:11
97171,Parel,21:15
97423,Parel,21:19
95133,Dadar,20:03
96217,Dadar,20:08
97415,Dadar,20:13
95517,Dadar,20:16
97163,Dadar,20:18
96641,Dadar,20:22
97417,Dadar,20:28
96331,Dadar,20:31
97165,Dadar,20:34
97259,Dadar,20:40
97167,Dadar,20:44
95915,Dadar,20:45
96643,Dadar,20:49
97419,Dadar,20:52
96333,Dadar,20:56
97635,Dadar,20:59
97169,Dadar,21:02
95011,Dadar,20:55
95421,Dadar,20:58
95333,Dadar,21:01
97261,Dadar,21:06
97421,Dadar,21:10
96519,Dadar,21:14
97171,Dadar,21:18
97423,Dadar,21:22
96217,Matunga,20:11
97415,Matunga,20:17
97163,Matunga,20:21
96641,Matunga,20:25
97417,Matunga,20:31
96331,Matunga,20:34
97165,Matunga,20:37
97259,Matunga,20:44
97167,Matunga,20:48
96643,Matunga,20:52
97419,Matunga,20:55
96333,Matunga,20:59
97635,Matunga,21:03
97169,Matunga,21:06
97261,Matunga,21:10
97421,Matunga,21:13
96519,Matunga,21:17
97171,Matunga,21:21
97423,Matunga,21:25
96217,Sion,20:14
97415,Sion,20:20
97163,Sion,20:24
96641,Sion,20:28
97417,Sion,20:34
96331,Sion,20:37
97165,Sion,20:40
97259,Sion,20:47
97167,Sion,20:51
96643,Sion,20:55
97419,Sion,20:58
96333,Sion,21:02
97635,Sion,21:06
97169,Sion,21:09
97261,Sion,21:13
97421,Sion,21:16
96519,Sion,21:20
97171,Sion,21:24
97423,Sion,21:28
95133,Kurla,20:11
96217,Kurla,20:18
97415,Kurla,20:24
95517,Kurla,20:24
97163,Kurla,20:28
96641,Kurla,20:32
97417,Kurla,20:38
96331,Kurla,20:41
97165,Kurla,20:44
97259,Kurla,20:51
97167,Kurla,20:55
95915,Kurla,20:53
96643,Kurla,20:59
97419,Kurla,21:02
96333,Kurla,21:06
97635,Kurla,21:10
97169,Kurla,21:13
95011,Kurla,21:04
95421,Kurla,21:07
95333,Kurla,21:10
97261,Kurla,21:17
97421,Kurla,21:20
96519,Kurla,21:24
97171,Kurla,21:28
97423,Kurla,21:32
96217,Vidyavihar,20:21
97415,Vidyavihar,20:27
97163,Vidyavihar,20:31
96641,Vidyavihar,20:35
97417,Vidyavihar,20:41
96331,Vidyavihar,20:44
97165,Vidyavihar,20:47
97259,Vidyavihar,20:54
97167,Vidyavihar,20:58
96643,Vidyavihar,21:02
97419,Vidyavihar,21:05
96333,Vidyavihar,21:09
97169,Vidyavihar,21:16
97261,Vidyavihar,21:20
97421,Vidyavihar,21:23
96519,Vidyavihar,21:27
97171,Vidyavihar,21:31
97423,Vidyavihar,21:35
95133,Ghatkopar,20:15
96217,Ghatkopar,20:24
97415,Ghatkopar,20:30
95517,Ghatkopar,20:28
97163,Ghatkopar,20:34
96641,Ghatkopar,20:38
97417,Ghatkopar,20:44
96331,Ghatkopar,20:47
97165,Ghatkopar,20:50
97259,Ghatkopar,20:57
97167,Ghatkopar,21:01
95915,Ghatkopar,20:57
96643,Ghatkopar,21:05
97419,Ghatkopar,21:08
96333,Ghatkopar,21:12
97169,Ghatkopar,21:19
95011,Ghatkopar,21:08
95421,Ghatkopar,21:11
95333,Ghatkopar,21:14
97261,Ghatkopar,21:23
97421,Ghatkopar,21:26
96519,Ghatkopar,21:30
97171,Ghatkopar,21:34
97423,Ghatkopar,21:38
96217,Vikhroli,20:28
97415,Vikhroli,20:34
97163,Vikhroli,20:38
96641,Vikhroli,20:42
97417,Vikhroli,20:48
96331,Vikhroli,20:51
97165,Vikhroli,20:54
97259,Vikhroli,21:01
97167,Vikhroli,21:05
96643,Vikhroli,21:09
97419,Vikhroli,21:12
96333,Vikhroli,21:16
97169,Vikhroli,21:23
97261,Vikhroli,21:27
97421,Vikhroli,21:30
96519,Vikhroli,21:34
97171,Vikhroli,21:38
97423,Vikhroli,21:42
96217,Kanjur Marg,20:31
97415,Kanjur Marg,20:37
97163,Kanjur Marg,20:41
96641,Kanjur Marg,20:45
97417,Kanjur Marg,20:51
96331,Kanjur Marg,20:54
97165,Kanjur Marg,20:57
97259,Kanjur Marg,21:04
97167,Kanjur Marg,21:08
96643,Kanjur Marg,21:12
97419,Kanjur Marg,21:15
96333,Kanjur Marg,21:19
97169,Kanjur Marg,21:26
97261,Kanjur Marg,21:30
97421,Kanjur Marg,21:33
96519,Kanjur Marg,21:37
97171,Kanjur Marg,21:41
97423,Kanjur Marg,21:45
96217,Bhandup,20:34
97415,Bhandup,20:40
97163,Bhandup,20:44
96641,Bhandup,20:48
97417,Bhandup,20:54
96331,Bhandup,20:57
97165,Bhandup,21:00
97259,Bhandup,21:07
97167,Bhandup,21:11
96643,Bhandup,21:15
97419,Bhandup,21:18
96333,Bhandup,21:22
97169,Bhandup,21:29
97261,Bhandup,21:33
97421,Bhandup,21:36
96519,Bhandup,21:40
97171,Bhandup,21:44
97423,Bhandup,21:48
96217,Nahur,20:37
97415,Nahur,20:43
97163,Nahur,20:47
96641,Nahur,20:51
97417,Nahur,20:57
96331,Nahur,21:00
97165,Nahur,21:03
97259,Nahur,21:10
97167,Nahur,21:14
96643,Nahur,21:18
97419,Nahur,21:21
96333,Nahur,21:25
97169,Nahur,21:32
97261,Nahur,21:36
97421,Nahur,21:39
96519,Nahur,21:43
97171,Nahur,21:47
97423,Nahur,21:51
95133,Mulund,20:27
96217,Mulund,20:40
97415,Mulund,20:46
95517,Mulund,20:38
97163,Mulund,20:50
96641,Mulund,20:54
97417,Mulund,21:00
96331,Mulund,21:03
97165,Mulund,21:06
97259,Mulund,21:13
97167,Mulund,21:17
95915,Mulund,21:10
96643,Mulund,21:21
97419,Mulund,21:24
96333,Mulund,21:28
97169,Mulund,21:35
95011,Mulund,21:19
95421,Mulund,21:22
95333,Mulund,21:25
97261,Mulund,21:39
97421,Mulund,21:42
96519,Mulund,21:46
97171,Mulund,21:50
97423,Mulund,21:54
95133,Thane,20:31
96217,Thane,20:46
97415,Thane,20:51
95517,Thane,20:43
97163,Thane,20:55
96641,Thane,20:59
97417,Thane,21:06
96331,Thane,21:08
97165,Thane,21:11
97259,Thane,21:19
97167,Thane,21:23
95915,Thane,21:16
96643,Thane,21:27
97419,Thane,21:30
96219,Thane,21:32
96333,Thane,21:35
97169,Thane,21:40
95011,Thane,21:23
95421,Thane,21:26
95333,Thane,21:29
97261,Thane,21:44
97421,Thane,21:48
96519,Thane,21:51
97171,Thane,21:55
97423,Thane,22:00
96217,Kalva,20:52
95517,Kalva,20:48
97163,Kalva,20:59
96641,Kalva,21:04
96331,Kalva,21:13
97165,Kalva,21:16
97259,Kalva,21:25
97167,Kalva,21:29
96643,Kalva,21:33
96219,Kalva,21:37
96333,Kalva,21:41
97169,Kalva,21:45
97261,Kalva,21:49
96519,Kalva,21:56
97171,Kalva,22:00
96217,Mumbra,20:58
95517,Mumbra,20:54
97163,Mumbra,21:05
96641,Mumbra,21:10
96331,Mumbra,21:19
97165,Mumbra,21:22
97259,Mumbra,21:31
97167,Mumbra,21:35
96643,Mumbra,21:39
96219,Mumbra,21:43
96333,Mumbra,21:47
97169,Mumbra,21:51
97261,Mumbra,21:55
96519,Mumbra,22:02
97171,Mumbra,22:06
96217,Diva,21:02
95517,Diva,20:58
97163,Diva,21:09
96641,Diva,21:14
96331,Diva,21:23
97165,Diva,21:26
97259,Diva,21:35
97167,Diva,21:39
96643,Diva,21:43
96219,Diva,21:47
96333,Diva,21:51
97169,Diva,21:55
95011,Diva,21:34
95333,Diva,21:40
97261,Diva,21:59
96519,Diva,22:06
97171,Diva,22:10
96217,Kopar,21:07
95517,Kopar,21:03
97163,Kopar,21:14
96641,Kopar,21:19
96331,Kopar,21:28
97165,Kopar,21:31
97259,Kopar,21:40
97167,Kopar,21:44
96643,Kopar,21:48
96219,Kopar,21:52
96333,Kopar,21:56
97169,Kopar,22:00
97261,Kopar,22:04
96519,Kopar,22:11
97171,Kopar,22:15
95133,Dombivli,20:48
96217,Dombivli,21:11
95517,Dombivli,21:07
97163,Dombivli,21:18
96641,Dombivli,21:23
96331,Dombivli,21:32
97165,Dombivli,21:35
97259,Dombivli,21:44
97167,Dombivli,21:48
96643,Dombivli,21:52
96219,Dombivli,21:56
96333,Dombivli,22:00
97169,Dombivli,22:04
95011,Dombivli,21:39
95421,Dombivli,21:42
95333,Dombivli,21:46
97261,Dombivli,22:08
96519,Dombivli,22:15
97171,Dombivli,22:19
96217,Thakurli,21:15
95517,Thakurli,21:11
97163,Thakurli,21:22
96641,Thakurli,21:27
96331,Thakurli,21:36
97165,Thakurli,21:39
97167,Thakurli,21:52
96643,Thakurli,21:56
96219,Thakurli,22:00
96333,Thakurli,22:04
97169,Thakurli,22:08
96519,Thakurli,22:19
97171,Thakurli,22:23
95133,Kalyan,20:57
96217,Kalyan,21:22
95517,Kalyan,21:17
97163,Kalyan,21:28
96641,Kalyan,21:33
96331,Kalyan,21:42
97165,Kalyan,21:45
97167,Kalyan,21:58
96643,Kalyan,22:02
96219,Kalyan,22:06
96333,Kalyan,22:10
97169,Kalyan,22:14
95011,Kalyan,21:49
95421,Kalyan,21:52
95333,Kalyan,21:55
96519,Kalyan,22:25
97171,Kalyan,22:29
95133,Vithalwadi,21:02
96217,Vithalwadi,21:26
96331,Vithalwadi,21:46
96219,Vithalwadi,22:11
96333,Vithalwadi,22:14
95011,Vithalwadi,21:53
95333,Vithalwadi,21:59
95133,Ulhas Nagar,21:05
96217,Ulhas Nagar,21:29
96331,Ulhas Nagar,21:49
96219,Ulhas Nagar,22:13
96333,Ulhas Nagar,22:16
95011,Ulhas Nagar,21:56
95333,Ulhas Nagar,22:02
95133,Ambernath,21:09
96217,Ambernath,21:33
96331,Ambernath,21:55
96219,Ambernath,22:18
96333,Ambernath,22:23
95011,Ambernath,22:00
95333,Ambernath,22:08
95133,Badlapur,21:16
96217,Badlapur,21:41
96219,Badlapur,22:26
95011,Badlapur,22:07
95133,Vangani,21:25
95011,Vangani,22:15
95133,Shelu,21:29
95011,Shelu,22:19
95133,Neral,21:33
95011,Neral,22:23
95133,Bhivpuri Road,21:40
95011,Bhivpuri Road,22:30
95133,Karjat,21:51
95011,Karjat,22:41
95011,Palasdhari,22:46
95011,Kelavli,22:53
95011,Dolavli,22:56
95011,Lowjee,23:00
95011,Khopoli,23:06
95517,Shahad,21:21
96641,Shahad,21:37
96643,Shahad,22:06
95421,Shahad,21:57
96519,Shahad,22:29
95517,Ambivli,21:24
96641,Ambivli,21:40
96643,Ambivli,22:09
95421,Ambivli,22:00
96519,Ambivli,22:32
95517,Titwala,21:30
96641,Titwala,21:48
96643,Titwala,22:17
95421,Titwala,22:06
96519,Titwala,22:38
95517,Khadavli,21:37
95421,Khadavli,22:13
96519,Khadavli,22:45
95517,Vasind,21:44
95421,Vasind,22:20
96519,Vasind,22:52
95517,Asangaon,21:52
95421,Asangaon,22:26
96519,Asangaon,23:00
95421,Atgaon,22:35
95421,Thansit,22:40
95421,Khardi,22:45
95421,Umbermalli,22:51
95421,Kasara,23:04
96221,CSMT,21:08
97263,CSMT,21:12
97173,CSMT,21:16
96645,CSMT,21:20
95135,CSMT,21:26
96223,CSMT,21:28
96411,CSMT,21:32
97637,CSMT,21:36
96335,CSMT,21:40
95741,CSMT,21:42
96225,CSMT,21:44
97179,CSMT,21:52
97639,CSMT,21:56
95013,CSMT,21:58
96647,CSMT,22:00
97183,CSMT,22:04
97425,CSMT,22:08
97185,CSMT,22:16
97427,CSMT,22:20
97187,CSMT,22:24
95247,CSMT,22:25
96221,Masjid,21:11
97263,Masjid,21:15
97173,Masjid,21:19
96645,Masjid,21:23
96223,Masjid,21:31
96411,Masjid,21:35
97637,Masjid,21:39
96335,Masjid,21:43
96225,Masjid,21:47
97179,Masjid,21:55
97639,Masjid,21:59
96647,Masjid,22:03
97183,Masjid,22:07
97425,Masjid,22:11
97185,Masjid,22:19
97427,Masjid,22:23
97187,Masjid,22:27
96221,Sandhurst Road,21:13
97263,Sandhurst Road,21:17
97173,Sandhurst Road,21:21
96645,Sandhurst Road,21:25
96223,Sandhurst Road,21:33
96411,Sandhurst Road,21:37
97637,Sandhurst Road,21:41
96335,Sandhurst Road,21:45
96225,Sandhurst Road,21:49
97179,Sandhurst Road,21:57
97639,Sandhurst Road,22:01
96647,Sandhurst Road,22:05
97183,Sandhurst Road,22:09
97425,Sandhurst Road,22:13
97185,Sandhurst Road,22:21
97427,Sandhurst Road,22:25
97187,Sandhurst Road,22:29
96221,Byculla,21:16
97263,Byculla,21:20
97173,Byculla,21:24
96645,Byculla,21:28
95135,Byculla,21:33
96223,Byculla,21:36
96411,Byculla,21:40
97637,Byculla,21:44
96335,Byculla,21:48
95741,Byculla,21:49
96225,Byculla,21:52
97179,Byculla,22:00
97639,Byculla,22:04
95013,Byculla,22:07
96647,Byculla,22:08
97183,Byculla,22:12
97425,Byculla,22:16
97185,Byculla,22:24
97427,Byculla,22:28
97187,Byculla,22:32
95247,Byculla,22:32
96221,Chinchpokli,21:18
97263,Chinchpokli,21:22
97173,Chinchpokli,21:26
96645,Chinchpokli,21:30
96223,Chinchpokli,21:38
96411,Chinchpokli,21:42
97637,Chinchpokli,21:46
96335,Chinchpokli,21:50
96225,Chinchpokli,21:54
97179,Chinchpokli,22:02
97639,Chinchpokli,22:06
96647,Chinchpokli,22:10
97183,Chinchpokli,22:14
97425,Chinchpokli,22:18
97185,Chinchpokli,22:26
97427,Chinchpokli,22:30
97187,Chinchpokli,22:34
96221,Currey Road,21:20
97263,Currey Road,21:24
97173,Currey Road,21:28
96645,Currey Road,21:32
96223,Currey Road,21:40
96411,Currey Road,21:44
97637,Currey Road,21:48
96335,Currey Road,21:52
96225,Currey Road,21:56
97179,Currey Road,22:04
97639,Currey Road,22:08
96647,Currey Road,22:12
97183,Currey Road,22:16
97425,Currey Road,22:20
97185,Currey Road,22:28
97427,Currey Road,22:32
97187,Currey Road,22:36
96221,Parel,21:23
97263,Parel,21:27
97173,Parel,21:31
96645,Parel,21:35
97175,Parel,21:39
96223,Parel,21:43
96411,Parel,21:47
97637,Parel,21:51
96335,Parel,21:55
96225,Parel,21:59
97177,Parel,22:03
97179,Parel,22:07
97639,Parel,22:11
96647,Parel,22:15
97183,Parel,22:19
97425,Parel,22:23
97185,Parel,22:31
97427,Parel,22:35
97187,Parel,22:39
96221,Dadar,21:26
97263,Dadar,21:30
97173,Dadar,21:34
96645,Dadar,21:38
95135,Dadar,21:40
97175,Dadar,21:42
96223,Dadar,21:46
96411,Dadar,21:50
97637,Dadar,21:54
96335,Dadar,21:58
95741,Dadar,21:55
96225,Dadar,22:02
97177,Dadar,22:06
97179,Dadar,22:10
97639,Dadar,22:14
95013,Dadar,22:15
96647,Dadar,22:18
95743,Dadar,22:18
97183,Dadar,22:22
97425,Dadar,22:26
97185,Dadar,22:34
97427,Dadar,22:38
97187,Dadar,22:42
95247,Dadar,22:38
96221,Matunga,21:29
97263,Matunga,21:33
97173,Matunga,21:37
96645,Matunga,21:41
97175,Matunga,21:45
96223,Matunga,21:49
96411,Matunga,21:53
97637,Matunga,21:57
96335,Matunga,22:01
96225,Matunga,22:05
97177,Matunga,22:09
97179,Matunga,22:13
97639,Matunga,22:17
96647,Matunga,22:21
97183,Matunga,22:25
97425,Matunga,22:29
97185,Matunga,22:37
97427,Matunga,22:42
97187,Matunga,22:46
96221,Sion,21:32
97263,Sion,21:36
97173,Sion,21:40
96645,Sion,21:44
97175,Sion,21:48
96223,Sion,21:52
96411,Sion,21:56
97637,Sion,22:00
96335,Sion,22:04
96225,Sion,22:08
97177,Sion,22:12
97179,Sion,22:16
97639,Sion,22:20
96647,Sion,22:24
97183,Sion,22:28
97425,Sion,22:32
97185,Sion,22:40
97427,Sion,22:45
97187,Sion,22:49
96221,Kurla,21:36
97263,Kurla,21:40
97173,Kurla,21:44
96645,Kurla,21:48
95135,Kurla,21:47
97175,Kurla,21:52
96223,Kurla,21:56
96411,Kurla,22:00
97637,Kurla,22:04
96335,Kurla,22:08
95741,Kurla,22:03
96225,Kurla,22:12
97177,Kurla,22:16
97179,Kurla,22:20
97181,Kurla,22:23
97639,Kurla,22:25
95013,Kurla,22:22
96647,Kurla,22:28
95743,Kurla,22:26
97183,Kurla,22:32
97425,Kurla,22:36
97185,Kurla,22:44
97427,Kurla,22:49
97187,Kurla,22:53
95247,Kurla,22:45
96221,Vidyavihar,21:39
97263,Vidyavihar,21:43
97173,Vidyavihar,21:47
96645,Vidyavihar,21:51
97175,Vidyavihar,21:55
96223,Vidyavihar,21:59
96411,Vidyavihar,22:03
96335,Vidyavihar,22:11
96225,Vidyavihar,22:15
97177,Vidyavihar,22:19
97179,Vidyavihar,22:23
97181,Vidyavihar,22:27
96647,Vidyavihar,22:31
97183,Vidyavihar,22:35
97425,Vidyavihar,22:39
97185,Vidyavihar,22:47
97427,Vidyavihar,22:52
97187,Vidyavihar,22:56
96221,Ghatkopar,21:42
97263,Ghatkopar,21:46
97173,Ghatkopar,21:50
96645,Ghatkopar,21:54
95135,Ghatkopar,21:51
97175,Ghatkopar,21:58
96223,Ghatkopar,22:02
96411,Ghatkopar,22:06
96335,Ghatkopar,22:14
95741,Ghatkopar,22:10
96225,Ghatkopar,22:18
97177,Ghatkopar,22:22
97179,Ghatkopar,22:26
97181,Ghatkopar,22:30
95013,Ghatkopar,22:26
96647,Ghatkopar,22:34
95743,Ghatkopar,22:30
97183,Ghatkopar,22:38
97425,Ghatkopar,22:42
97185,Ghatkopar,22:50
97427,Ghatkopar,22:55
97187,Ghatkopar,22:59
95247,Ghatkopar,22:49
96221,Vikhroli,21:46
97263,Vikhroli,21:50
97173,Vikhroli,21:54
96645,Vikhroli,21:58
97175,Vikhroli,22:02
96223,Vikhroli,22:06
96411,Vikhroli,22:10
96335,Vikhroli,22:18
95741,Vikhroli,22:14
96225,Vikhroli,22:22
97177,Vikhroli,22:26
97179,Vikhroli,22:30
97181,Vikhroli,22:34
96647,Vikhroli,22:38
97183,Vikhroli,22:42
97425,Vikhroli,22:46
97185,Vikhroli,22:54
97427,Vikhroli,22:59
97187,Vikhroli,23:03
96221,Kanjur Marg,21:49
97263,Kanjur Marg,21:53
97173,Kanjur Marg,21:57
96645,Kanjur Marg,22:01
97175,Kanjur Marg,22:05
96223,Kanjur Marg,22:09
96411,Kanjur Marg,22:13
96335,Kanjur Marg,22:21
95741,Kanjur Marg,22:17
96225,Kanjur Marg,22:25
97177,Kanjur Marg,22:29
97179,Kanjur Marg,22:33
97181,Kanjur Marg,22:37
96647,Kanjur Marg,22:41
97183,Kanjur Marg,22:45
97425,Kanjur Marg,22:49
97185,Kanjur Marg,22:57
97427,Kanjur Marg,23:02
97187,Kanjur Marg,23:06
96221,Bhandup,21:52
97263,Bhandup,21:56
97173,Bhandup,22:00
96645,Bhandup,22:04
97175,Bhandup,22:08
96223,Bhandup,22:12
96411,Bhandup,22:16
96335,Bhandup,22:24
95741,Bhandup,22:20
96225,Bhandup,22:28
97177,Bhandup,22:32
97179,Bhandup,22:36
97181,Bhandup,22:40
95013,Bhandup,22:34
96647,Bhandup,22:44
97183,Bhandup,22:48
97425,Bhandup,22:52
97185,Bhandup,23:00
97427,Bhandup,23:05
97187,Bhandup,23:09
96221,Nahur,21:55
97263,Nahur,21:59
97173,Nahur,22:03
96645,Nahur,22:07
97175,Nahur,22:11
96223,Nahur,22:15
96411,Nahur,22:19
96335,Nahur,22:27
95741,Nahur,22:23
96225,Nahur,22:31
97177,Nahur,22:35
97179,Nahur,22:39
97181,Nahur,22:43
96647,Nahur,22:47
97183,Nahur,22:51
97425,Nahur,22:55
97185,Nahur,23:03
97427,Nahur,23:08
97187,Nahur,23:12
96221,Mulund,21:58
97263,Mulund,22:02
97173,Mulund,22:06
96645,Mulund,22:10
95135,Mulund,22:03
97175,Mulund,22:14
96223,Mulund,22:18
96411,Mulund,22:22
96335,Mulund,22:30
95741,Mulund,22:26
96225,Mulund,22:34
97177,Mulund,22:38
97179,Mulund,22:42
97181,Mulund,22:46
96647,Mulund,22:50
95743,Mulund,22:42
97183,Mulund,22:54
97425,Mulund,22:58
97185,Mulund,23:06
97427,Mulund,23:11
97187,Mulund,23:15
95247,Mulund,23:01
96221,Thane,22:03
97263,Thane,22:07
97173,Thane,22:11
96645,Thane,22:15
95135,Thane,22:07
97175,Thane,22:19
96223,Thane,22:23
96411,Thane,22:27
96335,Thane,22:35
95741,Thane,22:31
96225,Thane,22:39
97177,Thane,22:43
97179,Thane,22:47
97181,Thane,22:51
95013,Thane,22:42
96647,Thane,22:55
95743,Thane,22:46
97183,Thane,22:59
97425,Thane,23:03
97185,Thane,23:10
97427,Thane,23:15
97187,Thane,23:19
95247,Thane,23:05
96221,Kalva,22:08
97263,Kalva,22:12
97173,Kalva,22:16
96645,Kalva,22:20
97175,Kalva,22:24
96223,Kalva,22:28
96411,Kalva,22:32
96335,Kalva,22:40
95741,Kalva,22:36
96225,Kalva,22:44
97177,Kalva,22:48
97179,Kalva,22:53
97181,Kalva,22:57
96647,Kalva,23:01
97183,Kalva,23:05
97185,Kalva,23:15
97187,Kalva,23:24
96221,Mumbra,22:14
97263,Mumbra,22:18
97173,Mumbra,22:22
96645,Mumbra,22:26
97175,Mumbra,22:30
96223,Mumbra,22:34
96411,Mumbra,22:38
96335,Mumbra,22:46
95741,Mumbra,22:42
96225,Mumbra,22:50
97177,Mumbra,22:54
97179,Mumbra,22:59
97181,Mumbra,23:03
96647,Mumbra,23:07
97183,Mumbra,23:11
97185,Mumbra,23:21
97187,Mumbra,23:30
96221,Diva,22:18
97263,Diva,22:22
97173,Diva,22:26
96645,Diva,22:30
97175,Diva,22:34
96223,Diva,22:38
96411,Diva,22:42
96335,Diva,22:50
95741,Diva,22:46
96225,Diva,22:54
97177,Diva,22:58
97179,Diva,23:03
97181,Diva,23:07
96647,Diva,23:11
97183,Diva,23:15
97185,Diva,23:25
97187,Diva,23:34
96221,Kopar,22:23
97263,Kopar,22:27
97173,Kopar,22:31
96645,Kopar,22:35
97175,Kopar,22:39
96223,Kopar,22:43
96411,Kopar,22:47
96335,Kopar,22:55
95741,Kopar,22:51
96225,Kopar,22:59
97177,Kopar,23:03
97179,Kopar,23:08
97181,Kopar,23:12
96647,Kopar,23:16
97183,Kopar,23:20
97185,Kopar,23:30
97187,Kopar,23:39
96221,Dombivli,22:26
97263,Dombivli,22:31
97173,Dombivli,22:35
96645,Dombivli,22:39
95135,Dombivli,22:22
97175,Dombivli,22:43
96223,Dombivli,22:47
96411,Dombivli,22:51
96335,Dombivli,22:59
95741,Dombivli,22:55
96225,Dombivli,23:03
97177,Dombivli,23:07
97179,Dombivli,23:12
97181,Dombivli,23:16
95013,Dombivli,22:57
96647,Dombivli,23:20
95743,Dombivli,23:01
97183,Dombivli,23:24
97185,Dombivli,23:34
97187,Dombivli,23:43
95247,Dombivli,23:21
96221,Thakurli,22:30
97173,Thakurli,22:39
96645,Thakurli,22:43
97175,Thakurli,22:47
96223,Thakurli,22:51
96411,Thakurli,22:55
96335,Thakurli,23:03
95741,Thakurli,22:59
96225,Thakurli,23:07
97177,Thakurli,23:11
97179,Thakurli,23:16
97181,Thakurli,23:20
96647,Thakurli,23:24
97183,Thakurli,23:28
97185,Thakurli,23:38
97187,Thakurli,23:47
96221,Kalyan,22:36
97173,Kalyan,22:45
96645,Kalyan,22:49
95135,Kalyan,22:31
97175,Kalyan,22:53
96223,Kalyan,22:58
96411,Kalyan,23:03
96335,Kalyan,23:09
95741,Kalyan,23:05
96225,Kalyan,23:13
97177,Kalyan,23:17
97179,Kalyan,23:22
97181,Kalyan,23:26
95013,Kalyan,23:06
96647,Kalyan,23:30
95743,Kalyan,23:10
97183,Kalyan,23:34
97185,Kalyan,23:44
97187,Kalyan,23:52
95247,Kalyan,23:31
96221,Vithalwadi,22:41
95135,Vithalwadi,22:35
96223,Vithalwadi,23:02
96335,Vithalwadi,23:14
96225,Vithalwadi,23:18
95013,Vithalwadi,23:10
95247,Vithalwadi,23:36
96221,Ulhas Nagar,22:44
95135,Ulhas Nagar,22:38
96223,Ulhas Nagar,23:05
96335,Ulhas Nagar,23:17
96225,Ulhas Nagar,23:21
95013,Ulhas Nagar,23:13
95247,Ulhas Nagar,23:39
96221,Ambernath,22:48
95135,Ambernath,22:42
96223,Ambernath,23:09
96335,Ambernath,23:21
96225,Ambernath,23:25
95013,Ambernath,23:17
95247,Ambernath,23:43
96221,Badlapur,22:56
95135,Badlapur,22:49
96223,Badlapur,23:17
96225,Badlapur,23:33
95013,Badlapur,23:24
95247,Badlapur,23:52
95135,Vangani,22:57
95013,Vangani,23:32
95135,Shelu,23:01
95013,Shelu,23:36
95135,Neral,23:05
95013,Neral,23:40
95135,Bhivpuri Road,23:12
95013,Bhivpuri Road,23:47
95135,Karjat,23:22
95013,Karjat,23:58
95013,Palasdhari,00:03
95013,Kelavli,00:10
95013,Dolavli,00:13
95013,Lowjee,00:17
95013,Khopoli,00:23
96645,Shahad,22:53
96411,Shahad,23:08
96647,Shahad,23:34
96645,Ambivli,22:56
96411,Ambivli,23:11
96647,Ambivli,23:37
96645,Titwala,23:04
96411,Titwala,23:17
96647,Titwala,23:45
96411,Khadavli,23:24
96411,Vasind,23:31
96411,Asangaon,23:37
96411,Atgaon,23:46
96411,Thansit,23:51
96411,Khardi,23:56
96411,Umbermalli,00:02
96411,Kasara,00:13
96019,CSMT,22:28
97641,CSMT,22:31
97429,CSMT,22:38
96227,CSMT,22:42
97431,CSMT,22:46
95423,CSMT,22:47
96649,CSMT,22:50
97643,CSMT,22:54
97433,CSMT,23:00
97645,CSMT,23:04
96341,CSMT,23:08
97435,CSMT,23:12
96651,CSMT,23:16
95015,CSMT,23:18
97647,CSMT,23:23
96115,CSMT,23:30
97649,CSMT,23:34
97437,CSMT,23:38
96653,CSMT,23:42
97439,CSMT,23:46
96229,CSMT,23:51
97441,CSMT,23:55
97651,CSMT,23:58
96019,Masjid,22:31
97641,Masjid,22:34
97429,Masjid,22:41
96227,Masjid,22:45
97431,Masjid,22:49
96649,Masjid,22:53
97643,Masjid,22:57
97433,Masjid,23:03
97645,Masjid,23:07
96341,Masjid,23:11
97435,Masjid,23:15
96651,Masjid,23:19
97647,Masjid,23:26
96115,Masjid,23:33
97649,Masjid,23:37
97437,Masjid,23:41
96653,Masjid,23:45
97439,Masjid,23:49
96229,Masjid,23:54
97441,Masjid,23:58
97651,Masjid,00:01
96019,Sandhurst Road,22:33
97641,Sandhurst Road,22:36
97429,Sandhurst Road,22:43
96227,Sandhurst Road,22:47
97431,Sandhurst Road,22:51
96649,Sandhurst Road,22:55
97643,Sandhurst Road,22:59
97433,Sandhurst Road,23:05
97645,Sandhurst Road,23:09
96341,Sandhurst Road,23:13
97435,Sandhurst Road,23:17
96651,Sandhurst Road,23:21
97647,Sandhurst Road,23:28
96115,Sandhurst Road,23:35
97649,Sandhurst Road,23:39
97437,Sandhurst Road,23:43
96653,Sandhurst Road,23:47
97439,Sandhurst Road,23:51
96229,Sandhurst Road,23:56
97651,Sandhurst Road,00:03
96019,Byculla,22:36
97641,Byculla,22:39
97429,Byculla,22:46
96227,Byculla,22:50
97431,Byculla,22:54
95423,Byculla,22:55
96649,Byculla,22:58
97643,Byculla,23:02
97433,Byculla,23:08
97645,Byculla,23:12
96341,Byculla,23:16
97435,Byculla,23:20
96651,Byculla,23:24
95015,Byculla,23:25
97647,Byculla,23:31
96115,Byculla,23:38
97649,Byculla,23:42
97437,Byculla,23:46
96653,Byculla,23:50
97439,Byculla,23:54
96229,Byculla,23:59
97441,Byculla,00:03
97651,Byculla,00:06
96019,Chinchpokli,22:38
97641,Chinchpokli,22:41
97429,Chinchpokli,22:48
96227,Chinchpokli,22:52
97431,Chinchpokli,22:56
96649,Chinchpokli,23:00
97643,Chinchpokli,23:04
97433,Chinchpokli,23:10
97645,Chinchpokli,23:14
96341,Chinchpokli,23:18
97435,Chinchpokli,23:22
96651,Chinchpokli,23:26
97647,Chinchpokli,23:33
96115,Chinchpokli,23:40
97649,Chinchpokli,23:44
97437,Chinchpokli,23:48
96653,Chinchpokli,23:52
97439,Chinchpokli,23:56
96229,Chinchpokli,00:01
97441,Chinchpokli,00:05
97651,Chinchpokli,00:08
96019,Currey Road,22:40
97641,Currey Road,22:43
97429,Currey Road,22:50
96227,Currey Road,22:54
97431,Currey Road,22:58
96649,Currey Road,23:02
97643,Currey Road,23:06
97433,Currey Road,23:12
97645,Currey Road,23:16
96341,Currey Road,23:20
97435,Currey Road,23:24
96651,Currey Road,23:28
97647,Currey Road,23:35
96115,Currey Road,23:42
97649,Currey Road,23:46
97437,Currey Road,23:50
96653,Currey Road,23:54
97439,Currey Road,23:58
96229,Currey Road,00:03
97441,Currey Road,00:07
97651,Currey Road,00:10
96019,Parel,22:43
97641,Parel,22:46
96337,Parel,22:49
97429,Parel,22:53
96227,Parel,22:57
97431,Parel,23:01
96649,Parel,23:05
97643,Parel,23:09
96339,Parel,23:13
97433,Parel,23:16
97645,Parel,23:19
96341,Parel,23:23
97435,Parel,23:27
96651,Parel,23:31
97647,Parel,23:38
96115,Parel,23:45
97649,Parel,23:49
97437,Parel,23:53
96653,Parel,23:57
97439,Parel,00:01
96229,Parel,00:06
97441,Parel,00:10
97651,Parel,00:13
96019,Dadar,22:46
97641,Dadar,22:49
96337,Dadar,22:52
97429,Dadar,22:56
96227,Dadar,23:00
97431,Dadar,23:04
95423,Dadar,23:05
96649,Dadar,23:08
97643,Dadar,23:12
96339,Dadar,23:16
97433,Dadar,23:19
97645,Dadar,23:22
96341,Dadar,23:26
97435,Dadar,23:30
96651,Dadar,23:34
95015,Dadar,23:31
97647,Dadar,23:41
96115,Dadar,23:48
97649,Dadar,23:52
97437,Dadar,23:56
96653,Dadar,00:00
97439,Dadar,00:04
96229,Dadar,00:09
97441,Dadar,00:13
97651,Dadar,00:16
96019,Matunga,22:50
97641,Matunga,22:53
96337,Matunga,22:56
97429,Matunga,22:59
96227,Matunga,23:03
97431,Matunga,23:07
96649,Matunga,23:11
97643,Matunga,23:15
96339,Matunga,23:19
97433,Matunga,23:22
97645,Matunga,23:25
96341,Matunga,23:29
97435,Matunga,23:33
96651,Matunga,23:37
97647,Matunga,23:44
96115,Matunga,23:51
97649,Matunga,23:55
97437,Matunga,23:59
96653,Matunga,00:03
97439,Matunga,00:07
96229,Matunga,00:13
97441,Matunga,00:17
97651,Matunga,00:19
96019,Sion,22:53
97641,Sion,22:56
96337,Sion,22:59
97429,Sion,23:02
96227,Sion,23:06
97431,Sion,23:10
96649,Sion,23:14
97643,Sion,23:18
96339,Sion,23:22
97433,Sion,23:25
97645,Sion,23:28
96341,Sion,23:32
97435,Sion,23:36
96651,Sion,23:40
97647,Sion,23:47
96115,Sion,23:54
97649,Sion,23:58
97437,Sion,00:02
96653,Sion,00:06
97439,Sion,00:10
96229,Sion,00:16
97441,Sion,00:20
97651,Sion,00:22
96019,Kurla,22:57
97641,Kurla,23:00
96337,Kurla,23:03
97429,Kurla,23:06
96227,Kurla,23:10
97431,Kurla,23:14
95423,Kurla,23:13
96649,Kurla,23:18
97643,Kurla,23:22
96339,Kurla,23:26
97433,Kurla,23:29
97645,Kurla,23:33
96341,Kurla,23:36
97435,Kurla,23:40
96651,Kurla,23:44
95015,Kurla,23:38
97647,Kurla,23:51
96115,Kurla,23:58
97649,Kurla,00:02
97437,Kurla,00:06
96653,Kurla,00:10
97439,Kurla,00:14
96229,Kurla,00:20
97441,Kurla,00:24
97651,Kurla,00:27
96019,Vidyavihar,23:00
96337,Vidyavihar,23:06
97429,Vidyavihar,23:09
96227,Vidyavihar,23:13
97431,Vidyavihar,23:17
96649,Vidyavihar,23:21
96339,Vidyavihar,23:29
97433,Vidyavihar,23:32
96341,Vidyavihar,23:39
97435,Vidyavihar,23:43
96651,Vidyavihar,23:47
96115,Vidyavihar,00:01
97437,Vidyavihar,00:09
96653,Vidyavihar,00:13
97439,Vidyavihar,00:17
96229,Vidyavihar,00:23
97441,Vidyavihar,00:27
96019,Ghatkopar,23:03
96337,Ghatkopar,23:09
97429,Ghatkopar,23:12
96227,Ghatkopar,23:16
97431,Ghatkopar,23:20
95423,Ghatkopar,23:18
96649,Ghatkopar,23:24
96339,Ghatkopar,23:32
97433,Ghatkopar,23:35
96341,Ghatkopar,23:42
97435,Ghatkopar,23:46
96651,Ghatkopar,23:50
95015,Ghatkopar,23:42
96115,Ghatkopar,00:04
97437,Ghatkopar,00:12
96653,Ghatkopar,00:16
97439,Ghatkopar,00:20
96229,Ghatkopar,00:26
97441,Ghatkopar,00:30
96019,Vikhroli,23:07
96337,Vikhroli,23:13
97429,Vikhroli,23:16
96227,Vikhroli,23:20
97431,Vikhroli,23:24
96649,Vikhroli,23:28
96339,Vikhroli,23:36
97433,Vikhroli,23:39
96341,Vikhroli,23:46
97435,Vikhroli,23:50
96651,Vikhroli,23:54
96115,Vikhroli,00:08
97437,Vikhroli,00:16
96653,Vikhroli,00:20
97439,Vikhroli,00:24
96229,Vikhroli,00:30
97441,Vikhroli,00:35
96019,Kanjur Marg,23:10
96337,Kanjur Marg,23:16
97429,Kanjur Marg,23:19
96227,Kanjur Marg,23:23
97431,Kanjur Marg,23:27
96649,Kanjur Marg,23:31
96339,Kanjur Marg,23:39
97433,Kanjur Marg,23:42
96341,Kanjur Marg,23:49
97435,Kanjur Marg,23:53
96651,Kanjur Marg,23:57
96115,Kanjur Marg,00:11
97437,Kanjur Marg,00:19
96653,Kanjur Marg,00:23
97439,Kanjur Marg,00:27
96229,Kanjur Marg,00:33
97441,Kanjur Marg,00:38
96019,Bhandup,23:13
96337,Bhandup,23:19
97429,Bhandup,23:22
96227,Bhandup,23:26
97431,Bhandup,23:30
96649,Bhandup,23:34
96339,Bhandup,23:42
97433,Bhandup,23:45
96341,Bhandup,23:52
97435,Bhandup,23:56
96115,Bhandup,00:14
97437,Bhandup,00:22
96653,Bhandup,00:26
97439,Bhandup,00:30
96229,Bhandup,00:36
97441,Bhandup,00:40
96019,Nahur,23:16
96337,Nahur,23:22
97429,Nahur,23:25
96227,Nahur,23:29
97431,Nahur,23:33
96649,Nahur,23:37
96339,Nahur,23:45
97433,Nahur,23:48
96341,Nahur,23:55
97435,Nahur,23:59
96651,Nahur,00:03
96115,Nahur,00:17
97437,Nahur,00:25
96653,Nahur,00:29
97439,Nahur,00:33
96229,Nahur,00:39
97441,Nahur,00:43
96019,Mulund,23:19
96337,Mulund,23:25
97429,Mulund,23:28
96227,Mulund,23:32
97431,Mulund,23:36
95423,Mulund,23:30
96649,Mulund,23:40
96339,Mulund,23:48
97433,Mulund,23:51
96341,Mulund,23:58
97435,Mulund,00:02
96651,Mulund,00:06
95015,Mulund,23:54
96115,Mulund,00:20
97437,Mulund,00:28
96653,Mulund,00:32
97439,Mulund,00:36
96229,Mulund,00:42
97441,Mulund,00:46
96019,Thane,23:23
96337,Thane,23:29
97429,Thane,23:33
96227,Thane,23:37
97431,Thane,23:41
95423,Thane,23:34
96649,Thane,23:45
96339,Thane,23:53
97433,Thane,23:57
96341,Thane,00:03
97435,Thane,00:07
96651,Thane,00:11
95015,Thane,23:58
96115,Thane,00:25
97437,Thane,00:33
96653,Thane,00:37
97439,Thane,00:41
96229,Thane,00:47
97441,Thane,00:51
96019,Kalva,23:28
96337,Kalva,23:34
96227,Kalva,23:43
96649,Kalva,23:50
96339,Kalva,23:58
96341,Kalva,00:08
96651,Kalva,00:16
96115,Kalva,00:30
96653,Kalva,00:42
96229,Kalva,00:52
96019,Mumbra,23:34
96337,Mumbra,23:40
96227,Mumbra,23:49
96649,Mumbra,23:56
96339,Mumbra,00:04
96341,Mumbra,00:14
96651,Mumbra,00:22
96115,Mumbra,00:36
96653,Mumbra,00:48
96229,Mumbra,00:58
96019,Diva,23:38
96337,Diva,23:44
96227,Diva,23:53
96339,Diva,00:08
96341,Diva,00:18
96651,Diva,00:26
96115,Diva,00:40
96653,Diva,00:52
96229,Diva,01:02
96019,Kopar,23:43
96337,Kopar,23:49
96227,Kopar,23:58
96649,Kopar,00:05
96339,Kopar,00:13
96341,Kopar,00:23
96651,Kopar,00:31
96115,Kopar,00:45
96653,Kopar,00:57
96229,Kopar,01:07
96019,Dombivli,23:47
96337,Dombivli,23:53
96227,Dombivli,00:01
95423,Dombivli,23:50
96649,Dombivli,00:08
96339,Dombivli,00:17
96341,Dombivli,00:26
96651,Dombivli,00:34
95015,Dombivli,00:13
96115,Dombivli,00:48
96653,Dombivli,01:01
96229,Dombivli,01:10
96019,Thakurli,23:51
96337,Thakurli,23:56
96227,Thakurli,00:04
96649,Thakurli,00:12
96339,Thakurli,00:21
96341,Thakurli,00:30
96651,Thakurli,00:38
96115,Thakurli,00:52
96653,Thakurli,01:05
96229,Thakurli,01:13
96019,Kalyan,23:58
96337,Kalyan,00:02
96227,Kalyan,00:12
95423,Kalyan,00:01
96649,Kalyan,00:18
96339,Kalyan,00:27
96341,Kalyan,00:36
96651,Kalyan,00:44
95015,Kalyan,00:21
96115,Kalyan,00:58
96653,Kalyan,01:11
96229,Kalyan,01:19
96019,Vithalwadi,00:02
96337,Vithalwadi,00:07
96227,Vithalwadi,00:16
96339,Vithalwadi,00:32
96341,Vithalwadi,00:41
95015,Vithalwadi,00:26
96115,Vithalwadi,01:03
96229,Vithalwadi,01:23
96019,Ulhas Nagar,00:05
96337,Ulhas Nagar,00:10
96227,Ulhas Nagar,00:19
96339,Ulhas Nagar,00:35
96341,Ulhas Nagar,00:44
95015,Ulhas Nagar,00:29
96115,Ulhas Nagar,01:06
96229,Ulhas Nagar,01:26
96019,Ambernath,00:09
96337,Ambernath,00:16
96227,Ambernath,00:23
96339,Ambernath,00:41
96341,Ambernath,00:50
95015,Ambernath,00:33
96115,Ambernath,01:10
96229,Ambernath,01:30
96019,Badlapur,00:16
96227,Badlapur,00:32
95015,Badlapur,00:40
96115,Badlapur,01:17
96229,Badlapur,01:39
96019,Vangani,00:25
95015,Vangani,00:48
96115,Vangani,01:25
96019,Shelu,00:29
95015,Shelu,00:52
96115,Shelu,01:29
96019,Neral,00:33
95015,Neral,00:56
96115,Neral,01:33
96019,Bhivpuri Road,00:40
95015,Bhivpuri Road,01:03
96115,Bhivpuri Road,01:40
96019,Karjat,00:50
95015,Karjat,01:12
96115,Karjat,01:49
96019,Palasdhari,00:55
95015,Palasdhari,01:17
96019,Kelavli,01:02
95015,Kelavli,01:24
96019,Dolavli,01:05
95015,Dolavli,01:27
96019,Lowjee,01:09
95015,Lowjee,01:31
96019,Khopoli,01:15
95015,Khopoli,01:38
95423,Shahad,00:06
96649,Shahad,00:22
96651,Shahad,00:48
96653,Shahad,01:15
95423,Ambivli,00:09
96649,Ambivli,00:25
96651,Ambivli,00:51
96653,Ambivli,01:18
95423,Titwala,00:15
96649,Titwala,00:33
96651,Titwala,00:59
96653,Titwala,01:26
95423,Khadavli,00:22
95423,Vasind,00:29
95423,Asangaon,00:35
95423,Atgaon,00:44
95423,Thansit,00:49
95423,Khardi,00:54
95423,Umbermalli,01:00
95423,Kasara,01:12
