train_number,station,time
98252,Panvel,00:03
98004,Panvel,04:03
98006,Panvel,04:27
99002,Panvel,04:33
98252,Khandeshwar,00:08
98004,Khandeshwar,04:08
98006,Khandeshwar,04:32
99002,Khandeshwar,04:38
98252,Mansarovar,00:11
98004,Mansarovar,04:11
98006,Mansarovar,04:35
99002,Mansarovar,04:41
98252,Kharghar,00:14
98004,Kharghar,04:14
98006,Kharghar,04:38
99002,Kharghar,04:44
98252,Belapur CBD,00:18
98302,Belapur CBD,03:55
98304,Belapur CBD,04:13
98004,Belapur CBD,04:18
98306,Belapur CBD,04:26
98006,Belapur CBD,04:42
99002,Belapur CBD,04:48
98308,Belapur CBD,04:53
98302,Seawood Darave Karave,03:59
98304,Seawood Darave Karave,04:17
98004,Seawood Darave Karave,04:22
98306,Seawood Darave Karave,04:30
98006,Seawood Darave Karave,04:46
99002,Seawood Darave Karave,04:52
98308,Seawood Darave Karave,04:57
98302,Nerul,04:02
98304,Nerul,04:20
98004,Nerul,04:25
98306,Nerul,04:33
98006,Nerul,04:49
99002,Nerul,04:56
98308,Nerul,05:00
98302,Juinagar,04:05
98304,Juinagar,04:23
98004,Juinagar,04:28
98306,Juinagar,04:36
98006,Juinagar,04:52
98308,Juinagar,05:03
98302,Sanpada,04:08
98304,Sanpada,04:26
98004,Sanpada,04:31
98306,Sanpada,04:39
98006,Sanpada,04:55
98308,Sanpada,05:06
98502,Vashi,04:03
98302,Vashi,04:11
98506,Vashi,04:15
98504,Vashi,04:25
98304,Vashi,04:29
98004,Vashi,04:33
98508,Vashi,04:37
98306,Vashi,04:41
98510,Vashi,04:50
98006,Vashi,04:57
98512,Vashi,05:04
98308,Vashi,05:08
98502,Mankhurd,04:11
98302,Mankhurd,04:19
98506,Mankhurd,04:23
98504,Mankhurd,04:33
98304,Mankhurd,04:37
98004,Mankhurd,04:41
98508,Mankhurd,04:45
98306,Mankhurd,04:49
98510,Mankhurd,04:58
98006,Mankhurd,05:05
98512,Mankhurd,05:12
98308,Mankhurd,05:16
98502,Govandi,04:14
98302,Govandi,04:22
98506,Govandi,04:26
98504,Govandi,04:36
98304,Govandi,04:40
98004,Govandi,04:44
98508,Govandi,04:48
98306,Govandi,04:52
98510,Govandi,05:01
98006,Govandi,05:08
98512,Govandi,05:15
98308,Govandi,05:19
98502,Chembur,04:16
98302,Chembur,04:24
98506,Chembur,04:28
98504,Chembur,04:38
98304,Chembur,04:42
98004,Chembur,04:46
98508,Chembur,04:50
98306,Chembur,04:54
98510,Chembur,05:03
98006,Chembur,05:10
98512,Chembur,05:17
98308,Chembur,05:21
98502,Tilaknagar,04:19
98302,Tilaknagar,04:27
98506,Tilaknagar,04:31
98504,Tilaknagar,04:41
98304,Tilaknagar,04:45
98004,Tilaknagar,04:49
98508,Tilaknagar,04:53
98306,Tilaknagar,04:57
98510,Tilaknagar,05:06
98006,Tilaknagar,05:13
98512,Tilaknagar,05:20
98308,Tilaknagar,05:24
98502,Kurla,04:22
98302,Kurla,04:30
98506,Kurla,04:34
98504,Kurla,04:44
98304,Kurla,04:48
98004,Kurla,04:52
98508,Kurla,04:56
98306,Kurla,05:00
98510,Kurla,05:09
98006,Kurla,05:16
98512,Kurla,05:23
98308,Kurla,05:27
98502,Chunabhatti,04:25
98302,Chunabhatti,04:33
98506,Chunabhatti,04:37
98504,Chunabhatti,04:47
98304,Chunabhatti,04:51
98004,Chunabhatti,04:55
98508,Chunabhatti,04:59
98306,Chunabhatti,05:03
98510,Chunabhatti,05:12
98006,Chunabhatti,05:19
98512,Chunabhatti,05:26
98308,Chunabhatti,05:30
98502,GTB Nagar,04:28
98302,GTB Nagar,04:36
98506,GTB Nagar,04:40
98504,GTB Nagar,04:50
98304,GTB Nagar,04:54
98004,GTB Nagar,04:58
98508,GTB Nagar,05:02
98306,GTB Nagar,05:06
98510,GTB Nagar,05:15
98006,GTB Nagar,05:22
98512,GTB Nagar,05:29
98308,GTB Nagar,05:33
98702,Goregaon,00:07
98704,Goregaon,05:05
98702,Ramnagar,00:11
98704,Ramnagar,05:09
98702,Jogeshwari,00:14
98704,Jogeshwari,05:12
98702,Andheri,00:18
98704,Andheri,05:16
98702,Vileparle,00:22
98704,Vileparle,05:20
98702,Santacruz,00:25
98704,Santacruz,05:23
98702,Khar Road,00:28
98704,Khar Road,05:26
98702,Bandra,00:32
98802,Bandra,04:17
98804,Bandra,04:34
98806,Bandra,05:13
98704,Bandra,05:30
98702,Mahim Jn,00:35
98802,Mahim Jn,04:21
98804,Mahim Jn,04:37
98806,Mahim Jn,05:16
98704,Mahim Jn,05:33
98702,King's Circle,00:38
98802,King's Circle,04:24
98804,King's Circle,04:40
98806,King's Circle,05:19
98704,King's Circle,05:36
98702,Vadala Road,00:44
98802,Vadala Road,04:30
98502,Vadala Road,04:34
98302,Vadala Road,04:42
98804,Vadala Road,04:46
98506,Vadala Road,04:46
98504,Vadala Road,04:56
98304,Vadala Road,05:00
98004,Vadala Road,05:04
98508,Vadala Road,05:08
98306,Vadala Road,05:12
98510,Vadala Road,05:21
98806,Vadala Road,05:25
98006,Vadala Road,05:28
98512,Vadala Road,05:35
98308,Vadala Road,05:38
98704,Vadala Road,05:42
98702,Sewri,00:47
98802,Sewri,04:33
98502,Sewri,04:37
98302,Sewri,04:45
98804,Sewri,04:49
98504,Sewri,04:59
98304,Sewri,05:03
98004,Sewri,05:07
98508,Sewri,05:11
98306,Sewri,05:15
98510,Sewri,05:24
98806,Sewri,05:28
98006,Sewri,05:31
98308,Sewri,05:41
98704,Sewri,05:45
98702,Cotton Green,00:50
98802,Cotton Green,04:36
98502,Cotton Green,04:40
98302,Cotton Green,04:48
98804,Cotton Green,04:52
98504,Cotton Green,05:02
98304,Cotton Green,05:06
98004,Cotton Green,05:10
98508,Cotton Green,05:14
98306,Cotton Green,05:18
98510,Cotton Green,05:27
98806,Cotton Green,05:31
98006,Cotton Green,05:34
98308,Cotton Green,05:44
98704,Cotton Green,05:48
98702,Reay Road,00:52
98802,Reay Road,04:38
98502,Reay Road,04:42
98302,Reay Road,04:50
98804,Reay Road,04:54
98504,Reay Road,05:04
98304,Reay Road,05:08
98004,Reay Road,05:12
98508,Reay Road,05:16
98306,Reay Road,05:20
98510,Reay Road,05:29
98806,Reay Road,05:33
98006,Reay Road,05:36
98308,Reay Road,05:46
98704,Reay Road,05:50
98702,Dockyard Road,00:55
98802,Dockyard Road,04:41
98502,Dockyard Road,04:45
98302,Dockyard Road,04:53
98804,Dockyard Road,04:57
98504,Dockyard Road,05:07
98304,Dockyard Road,05:11
98004,Dockyard Road,05:15
98508,Dockyard Road,05:19
98306,Dockyard Road,05:23
98510,Dockyard Road,05:32
98806,Dockyard Road,05:36
98006,Dockyard Road,05:39
98308,Dockyard Road,05:49
98704,Dockyard Road,05:53
98702,Sandhurst Road,00:57
98802,Sandhurst Road,04:43
98502,Sandhurst Road,04:47
98302,Sandhurst Road,04:55
98804,Sandhurst Road,04:59
98504,Sandhurst Road,05:09
98304,Sandhurst Road,05:13
98004,Sandhurst Road,05:17
98508,Sandhurst Road,05:21
98306,Sandhurst Road,05:25
98510,Sandhurst Road,05:34
98806,Sandhurst Road,05:38
98006,Sandhurst Road,05:41
98308,Sandhurst Road,05:51
98704,Sandhurst Road,05:55
98702,Masjid,00:59
98802,Masjid,04:45
98502,Masjid,04:49
98302,Masjid,04:57
98804,Masjid,05:01
98504,Masjid,05:11
98304,Masjid,05:15
98004,Masjid,05:19
98508,Masjid,05:23
98306,Masjid,05:27
98510,Masjid,05:36
98806,Masjid,05:40
98006,Masjid,05:43
98308,Masjid,05:53
98704,Masjid,05:57
98702,Mumbai CSMT,01:02
98802,Mumbai CSMT,04:48
98502,Mumbai CSMT,04:52
98302,Mumbai CSMT,05:00
98804,Mumbai CSMT,05:04
98504,Mumbai CSMT,05:14
98304,Mumbai CSMT,05:18
98004,Mumbai CSMT,05:22
98508,Mumbai CSMT,05:26
98306,Mumbai CSMT,05:30
98510,Mumbai CSMT,05:39
98806,Mumbai CSMT,05:43
98006,Mumbai CSMT,05:47
98308,Mumbai CSMT,05:56
98704,Mumbai CSMT,06:00
98008,Panvel,04:49
99004,Panvel,04:53
98010,Panvel,05:05
98012,Panvel,05:17
99006,Panvel,05:21
98014,Panvel,05:31
98016,Panvel,05:40
99008,Panvel,05:44
98008,Khandeshwar,04:54
99004,Khandeshwar,04:58
98010,Khandeshwar,05:10
98012,Khandeshwar,05:22
99006,Khandeshwar,05:26
98014,Khandeshwar,05:36
98016,Khandeshwar,05:45
99008,Khandeshwar,05:49
98008,Mansarovar,04:57
99004,Mansarovar,05:01
98010,Mansarovar,05:13
98012,Mansarovar,05:25
99006,Mansarovar,05:29
98014,Mansarovar,05:39
98016,Mansarovar,05:48
99008,Mansarovar,05:52
98008,Kharghar,05:00
99004,Kharghar,05:04
98010,Kharghar,05:16
98012,Kharghar,05:28
99006,Kharghar,05:32
98014,Kharghar,05:42
98016,Kharghar,05:51
99008,Kharghar,05:55
98008,Belapur CBD,05:04
99004,Belapur CBD,05:08
98010,Belapur CBD,05:20
98012,Belapur CBD,05:32
99006,Belapur CBD,05:36
98310,Belapur CBD,05:40
98014,Belapur CBD,05:46
98312,Belapur CBD,05:50
98016,Belapur CBD,05:55
99008,Belapur CBD,05:59
98314,Belapur CBD,06:02
98008,Seawood Darave Karave,05:08
99004,Seawood Darave Karave,05:12
98010,Seawood Darave Karave,05:24
98012,Seawood Darave Karave,05:36
99006,Seawood Darave Karave,05:40
98310,Seawood Darave Karave,05:44
98014,Seawood Darave Karave,05:50
98312,Seawood Darave Karave,05:54
98016,Seawood Darave Karave,05:59
99008,Seawood Darave Karave,06:03
98314,Seawood Darave Karave,06:06
98008,Nerul,05:11
99004,Nerul,05:16
98010,Nerul,05:27
98012,Nerul,05:39
99006,Nerul,05:44
98310,Nerul,05:47
98014,Nerul,05:53
98312,Nerul,05:57
98016,Nerul,06:02
99008,Nerul,06:07
98314,Nerul,06:10
98008,Juinagar,05:14
98010,Juinagar,05:30
98012,Juinagar,05:42
98310,Juinagar,05:50
98014,Juinagar,05:56
98312,Juinagar,06:00
98016,Juinagar,06:05
98314,Juinagar,06:13
98008,Sanpada,05:17
98010,Sanpada,05:33
98012,Sanpada,05:45
98310,Sanpada,05:53
98014,Sanpada,05:59
98312,Sanpada,06:03
98016,Sanpada,06:08
98314,Sanpada,06:16
98514,Vashi,05:15
98008,Vashi,05:19
98516,Vashi,05:27
98010,Vashi,05:35
98518,Vashi,05:43
98012,Vashi,05:47
98310,Vashi,05:55
98014,Vashi,06:01
98312,Vashi,06:05
98016,Vashi,06:10
98314,Vashi,06:18
98514,Mankhurd,05:23
98008,Mankhurd,05:27
98516,Mankhurd,05:35
98010,Mankhurd,05:43
98518,Mankhurd,05:51
98012,Mankhurd,05:55
98310,Mankhurd,06:03
98014,Mankhurd,06:09
98312,Mankhurd,06:13
98016,Mankhurd,06:18
98314,Mankhurd,06:25
98514,Govandi,05:26
98008,Govandi,05:30
98516,Govandi,05:38
98010,Govandi,05:46
98518,Govandi,05:54
98012,Govandi,05:58
98310,Govandi,06:06
98014,Govandi,06:12
98312,Govandi,06:16
98016,Govandi,06:21
98314,Govandi,06:28
98514,Chembur,05:28
98008,Chembur,05:32
98516,Chembur,05:40
98010,Chembur,05:48
98518,Chembur,05:56
98012,Chembur,06:00
98310,Chembur,06:08
98014,Chembur,06:14
98312,Chembur,06:18
98016,Chembur,06:23
98314,Chembur,06:30
98514,Tilaknagar,05:31
98008,Tilaknagar,05:35
98516,Tilaknagar,05:43
98010,Tilaknagar,05:51
98518,Tilaknagar,05:59
98012,Tilaknagar,06:03
98310,Tilaknagar,06:11
98014,Tilaknagar,06:17
98312,Tilaknagar,06:21
98016,Tilaknagar,06:26
98314,Tilaknagar,06:33
98514,Kurla,05:34
98008,Kurla,05:38
98516,Kurla,05:46
98010,Kurla,05:54
98518,Kurla,06:02
98012,Kurla,06:06
98310,Kurla,06:14
98014,Kurla,06:20
98312,Kurla,06:24
98016,Kurla,06:29
98314,Kurla,06:36
98514,Chunabhatti,05:37
98008,Chunabhatti,05:41
98516,Chunabhatti,05:49
98010,Chunabhatti,05:57
98518,Chunabhatti,06:05
98012,Chunabhatti,06:09
98310,Chunabhatti,06:17
98014,Chunabhatti,06:23
98312,Chunabhatti,06:27
98016,Chunabhatti,06:32
98314,Chunabhatti,06:39
98514,GTB Nagar,05:40
98008,GTB Nagar,05:44
98516,GTB Nagar,05:52
98010,GTB Nagar,06:00
98518,GTB Nagar,06:08
98012,GTB Nagar,06:12
98310,GTB Nagar,06:20
98014,GTB Nagar,06:26
98312,GTB Nagar,06:30
98016,GTB Nagar,06:35
98314,GTB Nagar,06:42
98706,Goregaon,05:17
98708,Goregaon,05:33
98710,Goregaon,05:59
98712,Goregaon,06:14
98706,Ramnagar,05:21
98708,Ramnagar,05:37
98710,Ramnagar,06:03
98712,Ramnagar,06:18
98706,Jogeshwari,05:24
98708,Jogeshwari,05:40
98710,Jogeshwari,06:06
98712,Jogeshwari,06:21
98706,Andheri,05:28
98708,Andheri,05:44
98710,Andheri,06:10
98712,Andheri,06:25
98706,Vileparle,05:32
98708,Vileparle,05:48
98710,Vileparle,06:14
98712,Vileparle,06:29
98706,Santacruz,05:35
98708,Santacruz,05:51
98710,Santacruz,06:17
98712,Santacruz,06:32
98706,Khar Road,05:38
98708,Khar Road,05:54
98710,Khar Road,06:20
98712,Khar Road,06:35
98706,Bandra,05:42
98708,Bandra,05:58
98808,Bandra,06:10
98710,Bandra,06:24
98712,Bandra,06:39
98706,Mahim Jn,05:45
98708,Mahim Jn,06:01
98808,Mahim Jn,06:13
98710,Mahim Jn,06:27
98712,Mahim Jn,06:42
98706,King's Circle,05:48
98708,King's Circle,06:04
98808,King's Circle,06:16
98710,King's Circle,06:30
98712,King's Circle,06:45
98514,Vadala Road,05:46
98008,Vadala Road,05:50
98706,Vadala Road,05:54
98516,Vadala Road,05:58
98010,Vadala Road,06:06
98708,Vadala Road,06:10
98518,Vadala Road,06:14
98012,Vadala Road,06:18
98808,Vadala Road,06:22
98310,Vadala Road,06:26
98014,Vadala Road,06:32
98710,Vadala Road,06:36
98312,Vadala Road,06:36
98016,Vadala Road,06:41
98314,Vadala Road,06:48
98712,Vadala Road,06:51
98514,Sewri,05:49
98008,Sewri,05:53
98706,Sewri,05:57
98516,Sewri,06:01
98010,Sewri,06:09
98708,Sewri,06:13
98518,Sewri,06:17
98012,Sewri,06:21
98808,Sewri,06:25
98310,Sewri,06:29
98014,Sewri,06:35
98710,Sewri,06:39
98016,Sewri,06:44
98314,Sewri,06:51
98712,Sewri,06:54
98514,Cotton Green,05:52
98008,Cotton Green,05:56
98706,Cotton Green,06:00
98516,Cotton Green,06:04
98010,Cotton Green,06:12
98708,Cotton Green,06:16
98518,Cotton Green,06:20
98012,Cotton Green,06:24
98808,Cotton Green,06:28
98310,Cotton Green,06:32
98014,Cotton Green,06:38
98710,Cotton Green,06:42
98016,Cotton Green,06:47
98314,Cotton Green,06:54
98712,Cotton Green,06:57
98514,Reay Road,05:54
98008,Reay Road,05:58
98706,Reay Road,06:02
98516,Reay Road,06:06
98010,Reay Road,06:14
98708,Reay Road,06:18
98518,Reay Road,06:22
98012,Reay Road,06:26
98808,Reay Road,06:30
98310,Reay Road,06:34
98014,Reay Road,06:40
98710,Reay Road,06:44
98016,Reay Road,06:49
98314,Reay Road,06:56
98712,Reay Road,06:59
98514,Dockyard Road,05:57
98008,Dockyard Road,06:01
98706,Dockyard Road,06:05
98516,Dockyard Road,06:09
98010,Dockyard Road,06:17
98708,Dockyard Road,06:21
98518,Dockyard Road,06:25
98012,Dockyard Road,06:29
98808,Dockyard Road,06:33
98310,Dockyard Road,06:37
98014,Dockyard Road,06:43
98710,Dockyard Road,06:47
98016,Dockyard Road,06:52
98314,Dockyard Road,06:59
98712,Dockyard Road,07:02
98514,Sandhurst Road,05:59
98008,Sandhurst Road,06:03
98706,Sandhurst Road,06:07
98516,Sandhurst Road,06:11
98010,Sandhurst Road,06:19
98708,Sandhurst Road,06:23
98518,Sandhurst Road,06:27
98012,Sandhurst Road,06:31
98808,Sandhurst Road,06:35
98310,Sandhurst Road,06:39
98014,Sandhurst Road,06:45
98710,Sandhurst Road,06:49
98016,Sandhurst Road,06:54
98314,Sandhurst Road,07:01
98712,Sandhurst Road,07:04
98514,Masjid,06:01
98008,Masjid,06:05
98706,Masjid,06:09
98516,Masjid,06:13
98010,Masjid,06:21
98708,Masjid,06:25
98518,Masjid,06:29
98012,Masjid,06:33
98808,Masjid,06:37
98310,Masjid,06:41
98014,Masjid,06:47
98710,Masjid,06:51
98016,Masjid,06:56
98314,Masjid,07:03
98712,Masjid,07:06
98514,Mumbai CSMT,06:04
98008,Mumbai CSMT,06:08
98706,Mumbai CSMT,06:12
98516,Mumbai CSMT,06:16
98010,Mumbai CSMT,06:24
98708,Mumbai CSMT,06:28
98518,Mumbai CSMT,06:32
98012,Mumbai CSMT,06:36
98808,Mumbai CSMT,06:40
98310,Mumbai CSMT,06:44
98014,Mumbai CSMT,06:50
98710,Mumbai CSMT,06:54
98016,Mumbai CSMT,06:59
98314,Mumbai CSMT,07:06
98712,Mumbai CSMT,07:09
98901,Panvel,05:57
98018,Panvel,06:02
99010,Panvel,06:13
98020,Panvel,06:17
98022,Panvel,06:29
99012,Panvel,06:37
98024,Panvel,06:41
98026,Panvel,06:45
98901,Khandeshwar,06:02
98018,Khandeshwar,06:07
99010,Khandeshwar,06:18
98020,Khandeshwar,06:22
98022,Khandeshwar,06:34
99012,Khandeshwar,06:42
98024,Khandeshwar,06:46
98026,Khandeshwar,06:50
98901,Mansarovar,06:05
98018,Mansarovar,06:10
99010,Mansarovar,06:21
98020,Mansarovar,06:25
98022,Mansarovar,06:37
99012,Mansarovar,06:45
98024,Mansarovar,06:49
98026,Mansarovar,06:53
98901,Kharghar,06:08
98018,Kharghar,06:13
99010,Kharghar,06:24
98020,Kharghar,06:28
98022,Kharghar,06:40
99012,Kharghar,06:48
98024,Kharghar,06:52
98026,Kharghar,06:56
98901,Belapur CBD,06:12
98018,Belapur CBD,06:17
98316,Belapur CBD,06:22
99010,Belapur CBD,06:28
98020,Belapur CBD,06:32
98022,Belapur CBD,06:44
99012,Belapur CBD,06:52
98024,Belapur CBD,06:56
98026,Belapur CBD,07:00
98318,Belapur CBD,07:04
98901,Seawood Darave Karave,06:16
98018,Seawood Darave Karave,06:21
98316,Seawood Darave Karave,06:26
99010,Seawood Darave Karave,06:32
98020,Seawood Darave Karave,06:36
98022,Seawood Darave Karave,06:48
99012,Seawood Darave Karave,06:56
98024,Seawood Darave Karave,07:00
98026,Seawood Darave Karave,07:04
98318,Seawood Darave Karave,07:08
98901,Nerul,06:19
98018,Nerul,06:24
98316,Nerul,06:29
99010,Nerul,06:36
98020,Nerul,06:39
98022,Nerul,06:51
99012,Nerul,07:00
98024,Nerul,07:03
98026,Nerul,07:07
98318,Nerul,07:11
98901,Juinagar,06:22
98018,Juinagar,06:27
98316,Juinagar,06:32
98020,Juinagar,06:42
98022,Juinagar,06:54
98024,Juinagar,07:06
98026,Juinagar,07:10
98318,Juinagar,07:14
98901,Sanpada,06:25
98018,Sanpada,06:30
98316,Sanpada,06:35
98020,Sanpada,06:45
98022,Sanpada,06:57
98024,Sanpada,07:09
98026,Sanpada,07:13
98318,Sanpada,07:17
98520,Vashi,06:23
98901,Vashi,06:27
98018,Vashi,06:32
98316,Vashi,06:37
98020,Vashi,06:47
98522,Vashi,06:55
98022,Vashi,06:59
98524,Vashi,07:07
98024,Vashi,07:11
98026,Vashi,07:15
98318,Vashi,07:19
98520,Mankhurd,06:31
98901,Mankhurd,06:35
98018,Mankhurd,06:40
98316,Mankhurd,06:45
98020,Mankhurd,06:55
98522,Mankhurd,07:03
98022,Mankhurd,07:07
98524,Mankhurd,07:15
98024,Mankhurd,07:19
98026,Mankhurd,07:23
98318,Mankhurd,07:27
98520,Govandi,06:34
98901,Govandi,06:38
98018,Govandi,06:43
98316,Govandi,06:48
98020,Govandi,06:58
98522,Govandi,07:06
98022,Govandi,07:10
98524,Govandi,07:18
98024,Govandi,07:22
98026,Govandi,07:26
98318,Govandi,07:30
98520,Chembur,06:36
98901,Chembur,06:40
98018,Chembur,06:45
98316,Chembur,06:50
98020,Chembur,07:00
98522,Chembur,07:08
98022,Chembur,07:12
98524,Chembur,07:20
98024,Chembur,07:24
98026,Chembur,07:28
98318,Chembur,07:32
98520,Tilaknagar,06:39
98901,Tilaknagar,06:43
98018,Tilaknagar,06:48
98316,Tilaknagar,06:53
98020,Tilaknagar,07:03
98522,Tilaknagar,07:11
98022,Tilaknagar,07:15
98524,Tilaknagar,07:23
98024,Tilaknagar,07:27
98026,Tilaknagar,07:31
98318,Tilaknagar,07:35
98520,Kurla,06:42
98901,Kurla,06:46
98018,Kurla,06:51
98316,Kurla,06:56
98020,Kurla,07:06
98522,Kurla,07:14
98022,Kurla,07:18
98524,Kurla,07:26
98024,Kurla,07:30
98026,Kurla,07:34
98318,Kurla,07:38
98520,Chunabhatti,06:45
98901,Chunabhatti,06:49
98018,Chunabhatti,06:54
98316,Chunabhatti,06:59
98020,Chunabhatti,07:09
98522,Chunabhatti,07:17
98022,Chunabhatti,07:21
98524,Chunabhatti,07:29
98024,Chunabhatti,07:33
98026,Chunabhatti,07:37
98318,Chunabhatti,07:41
98520,GTB Nagar,06:48
98901,GTB Nagar,06:52
98018,GTB Nagar,06:57
98316,GTB Nagar,07:02
98020,GTB Nagar,07:12
98522,GTB Nagar,07:20
98022,GTB Nagar,07:24
98524,GTB Nagar,07:32
98024,GTB Nagar,07:36
98026,GTB Nagar,07:40
98318,GTB Nagar,07:44
98714,Goregaon,06:35
98716,Goregaon,06:57
98718,Goregaon,07:17
98714,Ramnagar,06:39
98716,Ramnagar,07:01
98718,Ramnagar,07:21
98714,Jogeshwari,06:42
98716,Jogeshwari,07:04
98718,Jogeshwari,07:24
98714,Andheri,06:46
98716,Andheri,07:08
98718,Andheri,07:28
98714,Vileparle,06:50
98716,Vileparle,07:12
98718,Vileparle,07:32
98714,Santacruz,06:53
98716,Santacruz,07:15
98718,Santacruz,07:35
98714,Khar Road,06:56
98716,Khar Road,07:18
98718,Khar Road,07:38
98810,Bandra,06:45
98714,Bandra,07:00
98812,Bandra,07:13
98716,Bandra,07:22
98814,Bandra,07:29
98718,Bandra,07:42
98810,Mahim Jn,06:49
98714,Mahim Jn,07:03
98812,Mahim Jn,07:17
98716,Mahim Jn,07:25
98814,Mahim Jn,07:33
98718,Mahim Jn,07:45
98810,King's Circle,06:52
98714,King's Circle,07:06
98812,King's Circle,07:20
98716,King's Circle,07:28
98814,King's Circle,07:36
98718,King's Circle,07:48
98520,Vadala Road,06:54
98810,Vadala Road,06:59
98901,Vadala Road,06:58
98018,Vadala Road,07:03
98316,Vadala Road,07:08
98714,Vadala Road,07:12
98020,Vadala Road,07:18
98812,Vadala Road,07:26
98522,Vadala Road,07:26
98022,Vadala Road,07:30
98716,Vadala Road,07:34
98524,Vadala Road,07:38
98814,Vadala Road,07:42
98024,Vadala Road,07:42
98026,Vadala Road,07:46
98318,Vadala Road,07:50
98718,Vadala Road,07:54
98520,Sewri,06:57
98810,Sewri,07:02
98018,Sewri,07:06
98316,Sewri,07:11
98714,Sewri,07:15
98020,Sewri,07:21
98812,Sewri,07:29
98022,Sewri,07:33
98716,Sewri,07:37
98524,Sewri,07:41
98814,Sewri,07:45
98026,Sewri,07:49
98318,Sewri,07:53
98718,Sewri,07:57
98520,Cotton Green,07:00
98810,Cotton Green,07:05
98018,Cotton Green,07:09
98316,Cotton Green,07:14
98714,Cotton Green,07:18
98020,Cotton Green,07:24
98812,Cotton Green,07:32
98022,Cotton Green,07:36
98716,Cotton Green,07:40
98524,Cotton Green,07:44
98814,Cotton Green,07:48
98026,Cotton Green,07:52
98318,Cotton Green,07:56
98718,Cotton Green,08:00
98520,Reay Road,07:02
98810,Reay Road,07:07
98018,Reay Road,07:11
98316,Reay Road,07:16
98714,Reay Road,07:20
98020,Reay Road,07:26
98812,Reay Road,07:34
98022,Reay Road,07:38
98716,Reay Road,07:42
98524,Reay Road,07:46
98814,Reay Road,07:50
98026,Reay Road,07:54
98318,Reay Road,07:58
98718,Reay Road,08:02
98520,Dockyard Road,07:05
98810,Dockyard Road,07:10
98018,Dockyard Road,07:14
98316,Dockyard Road,07:19
98714,Dockyard Road,07:23
98020,Dockyard Road,07:29
98812,Dockyard Road,07:37
98022,Dockyard Road,07:41
98716,Dockyard Road,07:45
98524,Dockyard Road,07:49
98814,Dockyard Road,07:53
98026,Dockyard Road,07:57
98318,Dockyard Road,08:01
98718,Dockyard Road,08:05
98520,Sandhurst Road,07:07
98810,Sandhurst Road,07:12
98018,Sandhurst Road,07:16
98316,Sandhurst Road,07:21
98714,Sandhurst Road,07:25
98020,Sandhurst Road,07:31
98812,Sandhurst Road,07:39
98022,Sandhurst Road,07:43
98716,Sandhurst Road,07:47
98524,Sandhurst Road,07:51
98814,Sandhurst Road,07:55
98026,Sandhurst Road,07:59
98318,Sandhurst Road,08:03
98718,Sandhurst Road,08:07
98520,Masjid,07:09
98810,Masjid,07:14
98018,Masjid,07:18
98316,Masjid,07:23
98714,Masjid,07:27
98020,Masjid,07:33
98812,Masjid,07:41
98022,Masjid,07:45
98716,Masjid,07:49
98524,Masjid,07:53
98814,Masjid,07:57
98026,Masjid,08:01
98318,Masjid,08:05
98718,Masjid,08:09
98520,Mumbai CSMT,07:13
98810,Mumbai CSMT,07:17
98018,Mumbai CSMT,07:21
98316,Mumbai CSMT,07:26
98714,Mumbai CSMT,07:30
98020,Mumbai CSMT,07:36
98812,Mumbai CSMT,07:44
98022,Mumbai CSMT,07:48
98716,Mumbai CSMT,07:52
98524,Mumbai CSMT,07:56
98814,Mumbai CSMT,08:00
98026,Mumbai CSMT,08:04
98318,Mumbai CSMT,08:08
98718,Mumbai CSMT,08:12
98903,Panvel,06:53
98028,Panvel,06:57
99014,Panvel,07:01
98030,Panvel,07:09
98032,Panvel,07:14
99016,Panvel,07:18
98034,Panvel,07:22
98036,Panvel,07:31
98905,Panvel,07:39
99018,Panvel,07:43
98903,Khandeshwar,06:58
98028,Khandeshwar,07:02
99014,Khandeshwar,07:06
98030,Khandeshwar,07:14
98032,Khandeshwar,07:19
99016,Khandeshwar,07:23
98034,Khandeshwar,07:27
98036,Khandeshwar,07:36
98905,Khandeshwar,07:44
99018,Khandeshwar,07:48
98903,Mansarovar,07:01
98028,Mansarovar,07:05
99014,Mansarovar,07:09
98030,Mansarovar,07:17
98032,Mansarovar,07:22
99016,Mansarovar,07:26
98034,Mansarovar,07:30
98036,Mansarovar,07:39
98905,Mansarovar,07:47
99018,Mansarovar,07:51
98903,Kharghar,07:04
98028,Kharghar,07:08
99014,Kharghar,07:12
98030,Kharghar,07:20
98032,Kharghar,07:25
99016,Kharghar,07:29
98034,Kharghar,07:33
98036,Kharghar,07:42
98905,Kharghar,07:50
99018,Kharghar,07:54
98903,Belapur CBD,07:08
98028,Belapur CBD,07:12
99014,Belapur CBD,07:16
98320,Belapur CBD,07:20
98030,Belapur CBD,07:24
98032,Belapur CBD,07:29
99016,Belapur CBD,07:33
98034,Belapur CBD,07:37
98036,Belapur CBD,07:46
98322,Belapur CBD,07:50
98905,Belapur CBD,07:54
99018,Belapur CBD,07:58
98903,Seawood Darave Karave,07:12
98028,Seawood Darave Karave,07:16
99014,Seawood Darave Karave,07:20
98320,Seawood Darave Karave,07:24
98030,Seawood Darave Karave,07:28
98032,Seawood Darave Karave,07:33
99016,Seawood Darave Karave,07:37
98034,Seawood Darave Karave,07:41
98036,Seawood Darave Karave,07:50
98322,Seawood Darave Karave,07:54
98905,Seawood Darave Karave,07:58
99018,Seawood Darave Karave,08:02
98903,Nerul,07:15
98028,Nerul,07:19
99014,Nerul,07:24
98320,Nerul,07:27
98030,Nerul,07:31
98032,Nerul,07:36
99016,Nerul,07:41
98034,Nerul,07:44
98036,Nerul,07:53
98322,Nerul,07:57
98905,Nerul,08:01
99018,Nerul,08:06
98903,Juinagar,07:18
98028,Juinagar,07:22
98320,Juinagar,07:30
98030,Juinagar,07:34
98032,Juinagar,07:39
98034,Juinagar,07:47
98036,Juinagar,07:56
98322,Juinagar,08:00
98905,Juinagar,08:04
98903,Sanpada,07:21
98028,Sanpada,07:25
98320,Sanpada,07:33
98030,Sanpada,07:37
98032,Sanpada,07:42
98034,Sanpada,07:50
98036,Sanpada,07:59
98322,Sanpada,08:03
98905,Sanpada,08:07
98903,Vashi,07:23
98028,Vashi,07:27
98526,Vashi,07:31
98320,Vashi,07:35
98030,Vashi,07:39
98032,Vashi,07:44
98528,Vashi,07:48
98034,Vashi,07:52
98036,Vashi,08:01
98322,Vashi,08:05
98905,Vashi,08:09
98903,Mankhurd,07:31
98028,Mankhurd,07:35
98526,Mankhurd,07:39
98320,Mankhurd,07:43
98030,Mankhurd,07:47
98032,Mankhurd,07:52
98528,Mankhurd,07:56
98034,Mankhurd,08:00
98602,Mankhurd,08:05
98036,Mankhurd,08:09
98322,Mankhurd,08:13
98905,Mankhurd,08:17
98903,Govandi,07:34
98028,Govandi,07:38
98526,Govandi,07:42
98320,Govandi,07:46
98030,Govandi,07:50
98032,Govandi,07:55
98528,Govandi,07:59
98034,Govandi,08:03
98602,Govandi,08:08
98036,Govandi,08:12
98322,Govandi,08:16
98905,Govandi,08:20
98903,Chembur,07:36
98028,Chembur,07:40
98526,Chembur,07:44
98320,Chembur,07:48
98030,Chembur,07:52
98032,Chembur,07:57
98528,Chembur,08:01
98034,Chembur,08:05
98602,Chembur,08:10
98036,Chembur,08:14
98322,Chembur,08:18
98905,Chembur,08:22
98903,Tilaknagar,07:39
98028,Tilaknagar,07:43
98526,Tilaknagar,07:47
98320,Tilaknagar,07:51
98030,Tilaknagar,07:55
98032,Tilaknagar,08:00
98528,Tilaknagar,08:04
98034,Tilaknagar,08:08
98602,Tilaknagar,08:13
98036,Tilaknagar,08:17
98322,Tilaknagar,08:21
98905,Tilaknagar,08:25
98903,Kurla,07:42
98028,Kurla,07:46
98526,Kurla,07:50
98320,Kurla,07:54
98030,Kurla,07:58
98032,Kurla,08:03
98528,Kurla,08:07
98034,Kurla,08:11
98602,Kurla,08:16
98036,Kurla,08:20
98322,Kurla,08:24
98905,Kurla,08:28
98903,Chunabhatti,07:45
98028,Chunabhatti,07:49
98526,Chunabhatti,07:53
98320,Chunabhatti,07:57
98030,Chunabhatti,08:01
98032,Chunabhatti,08:06
98528,Chunabhatti,08:10
98034,Chunabhatti,08:14
98602,Chunabhatti,08:19
98036,Chunabhatti,08:23
98322,Chunabhatti,08:27
98905,Chunabhatti,08:31
98903,GTB Nagar,07:48
98028,GTB Nagar,07:52
98526,GTB Nagar,07:56
98320,GTB Nagar,08:00
98030,GTB Nagar,08:04
98032,GTB Nagar,08:09
98528,GTB Nagar,08:13
98034,GTB Nagar,08:17
98602,GTB Nagar,08:22
98036,GTB Nagar,08:26
98322,GTB Nagar,08:30
98905,GTB Nagar,08:34
98902,Goregaon,07:30
98720,Goregaon,07:47
98902,Ramnagar,07:34
98720,Ramnagar,07:51
98902,Jogeshwari,07:37
98720,Jogeshwari,07:54
98902,Andheri,07:41
98720,Andheri,07:58
98902,Vileparle,07:45
98720,Vileparle,08:02
98902,Santacruz,07:48
98720,Santacruz,08:05
98902,Khar Road,07:51
98720,Khar Road,08:08
98902,Bandra,07:54
98816,Bandra,07:58
98720,Bandra,08:12
98818,Bandra,08:28
98902,Mahim Jn,07:57
98816,Mahim Jn,08:02
98720,Mahim Jn,08:15
98818,Mahim Jn,08:31
98902,King's Circle,08:00
98816,King's Circle,08:05
98720,King's Circle,08:18
98818,King's Circle,08:34
98903,Vadala Road,07:54
98028,Vadala Road,07:58
98526,Vadala Road,08:02
98902,Vadala Road,08:06
98320,Vadala Road,08:06
98030,Vadala Road,08:10
98816,Vadala Road,08:11
98032,Vadala Road,08:15
98528,Vadala Road,08:19
98034,Vadala Road,08:24
98720,Vadala Road,08:24
98602,Vadala Road,08:28
98036,Vadala Road,08:32
98322,Vadala Road,08:36
98905,Vadala Road,08:40
98818,Vadala Road,08:40
98028,Sewri,08:01
98526,Sewri,08:05
98320,Sewri,08:09
98816,Sewri,08:14
98032,Sewri,08:18
98528,Sewri,08:22
98720,Sewri,08:27
98602,Sewri,08:31
98036,Sewri,08:35
98322,Sewri,08:39
98818,Sewri,08:43
98028,Cotton Green,08:04
98526,Cotton Green,08:08
98320,Cotton Green,08:12
98816,Cotton Green,08:17
98032,Cotton Green,08:21
98528,Cotton Green,08:25
98720,Cotton Green,08:30
98602,Cotton Green,08:34
98036,Cotton Green,08:38
98322,Cotton Green,08:42
98818,Cotton Green,08:46
98028,Reay Road,08:06
98526,Reay Road,08:10
98320,Reay Road,08:14
98816,Reay Road,08:19
98032,Reay Road,08:23
98528,Reay Road,08:27
98720,Reay Road,08:32
98602,Reay Road,08:36
98036,Reay Road,08:40
98322,Reay Road,08:44
98818,Reay Road,08:48
98028,Dockyard Road,08:09
98526,Dockyard Road,08:13
98320,Dockyard Road,08:17
98816,Dockyard Road,08:22
98032,Dockyard Road,08:26
98528,Dockyard Road,08:30
98720,Dockyard Road,08:35
98602,Dockyard Road,08:39
98036,Dockyard Road,08:43
98322,Dockyard Road,08:47
98818,Dockyard Road,08:51
98028,Sandhurst Road,08:11
98526,Sandhurst Road,08:15
98320,Sandhurst Road,08:19
98816,Sandhurst Road,08:24
98032,Sandhurst Road,08:28
98528,Sandhurst Road,08:32
98720,Sandhurst Road,08:37
98602,Sandhurst Road,08:41
98036,Sandhurst Road,08:45
98322,Sandhurst Road,08:49
98818,Sandhurst Road,08:53
98028,Masjid,08:13
98526,Masjid,08:17
98320,Masjid,08:21
98816,Masjid,08:26
98032,Masjid,08:30
98528,Masjid,08:34
98720,Masjid,08:39
98602,Masjid,08:43
98036,Masjid,08:47
98322,Masjid,08:51
98818,Masjid,08:55
98028,Mumbai CSMT,08:16
98526,Mumbai CSMT,08:20
98320,Mumbai CSMT,08:24
98816,Mumbai CSMT,08:29
98032,Mumbai CSMT,08:33
98528,Mumbai CSMT,08:37
98720,Mumbai CSMT,08:42
98602,Mumbai CSMT,08:46
98036,Mumbai CSMT,08:50
98322,Mumbai CSMT,08:54
98818,Mumbai CSMT,08:58
98038,Panvel,07:47
98040,Panvel,07:55
98042,Panvel,07:59
99020,Panvel,08:04
98044,Panvel,08:09
99022,Panvel,08:15
98046,Panvel,08:19
98048,Panvel,08:26
98038,Khandeshwar,07:52
98040,Khandeshwar,08:00
98042,Khandeshwar,08:04
99020,Khandeshwar,08:09
98044,Khandeshwar,08:14
99022,Khandeshwar,08:20
98046,Khandeshwar,08:24
98048,Khandeshwar,08:31
98038,Mansarovar,07:55
98040,Mansarovar,08:03
98042,Mansarovar,08:07
99020,Mansarovar,08:12
98044,Mansarovar,08:17
99022,Mansarovar,08:23
98046,Mansarovar,08:27
98048,Mansarovar,08:34
98038,Kharghar,07:58
98040,Kharghar,08:06
98042,Kharghar,08:10
99020,Kharghar,08:15
98044,Kharghar,08:20
99022,Kharghar,08:26
98046,Kharghar,08:30
98048,Kharghar,08:37
98038,Belapur CBD,08:02
98324,Belapur CBD,08:06
98040,Belapur CBD,08:10
98042,Belapur CBD,08:14
99020,Belapur CBD,08:19
98044,Belapur CBD,08:24
99022,Belapur CBD,08:30
98046,Belapur CBD,08:34
98048,Belapur CBD,08:41
98326,Belapur CBD,08:49
98038,Seawood Darave Karave,08:06
98324,Seawood Darave Karave,08:10
98040,Seawood Darave Karave,08:14
98042,Seawood Darave Karave,08:18
99020,Seawood Darave Karave,08:23
98044,Seawood Darave Karave,08:28
99022,Seawood Darave Karave,08:34
98046,Seawood Darave Karave,08:38
98048,Seawood Darave Karave,08:45
98326,Seawood Darave Karave,08:53
98038,Nerul,08:09
98324,Nerul,08:13
98040,Nerul,08:17
98042,Nerul,08:21
99020,Nerul,08:27
98044,Nerul,08:31
99022,Nerul,08:38
98046,Nerul,08:41
98048,Nerul,08:48
98326,Nerul,08:56
98038,Juinagar,08:12
98324,Juinagar,08:16
98040,Juinagar,08:20
98042,Juinagar,08:24
98044,Juinagar,08:34
98046,Juinagar,08:44
98048,Juinagar,08:51
98326,Juinagar,08:59
98038,Sanpada,08:15
98324,Sanpada,08:19
98040,Sanpada,08:23
98042,Sanpada,08:27
98044,Sanpada,08:37
98046,Sanpada,08:47
98048,Sanpada,08:54
98326,Sanpada,09:02
98530,Vashi,08:13
98038,Vashi,08:17
98324,Vashi,08:21
98040,Vashi,08:25
98042,Vashi,08:29
98532,Vashi,08:33
98044,Vashi,08:39
98046,Vashi,08:49
98048,Vashi,08:56
98326,Vashi,09:04
98530,Mankhurd,08:21
98038,Mankhurd,08:25
98324,Mankhurd,08:29
98040,Mankhurd,08:33
98042,Mankhurd,08:37
98532,Mankhurd,08:41
98044,Mankhurd,08:48
98604,Mankhurd,08:53
98046,Mankhurd,08:57
98048,Mankhurd,09:04
98326,Mankhurd,09:13
98530,Govandi,08:24
98038,Govandi,08:28
98324,Govandi,08:32
98040,Govandi,08:36
98042,Govandi,08:40
98532,Govandi,08:44
98044,Govandi,08:51
98604,Govandi,08:56
98046,Govandi,09:00
98048,Govandi,09:07
98326,Govandi,09:16
98530,Chembur,08:26
98038,Chembur,08:30
98324,Chembur,08:34
98040,Chembur,08:38
98042,Chembur,08:42
98532,Chembur,08:46
98044,Chembur,08:53
98604,Chembur,08:58
98046,Chembur,09:02
98048,Chembur,09:09
98606,Chembur,09:14
98326,Chembur,09:18
98530,Tilaknagar,08:29
98038,Tilaknagar,08:33
98324,Tilaknagar,08:37
98040,Tilaknagar,08:41
98042,Tilaknagar,08:45
98532,Tilaknagar,08:49
98044,Tilaknagar,08:56
98604,Tilaknagar,09:01
98046,Tilaknagar,09:05
98048,Tilaknagar,09:12
98606,Tilaknagar,09:18
98326,Tilaknagar,09:22
98530,Kurla,08:32
98038,Kurla,08:36
98324,Kurla,08:40
98040,Kurla,08:44
98042,Kurla,08:48
98532,Kurla,08:52
98044,Kurla,08:59
98604,Kurla,09:04
98046,Kurla,09:08
98048,Kurla,09:15
98606,Kurla,09:21
98326,Kurla,09:25
98530,Chunabhatti,08:35
98038,Chunabhatti,08:39
98324,Chunabhatti,08:43
98040,Chunabhatti,08:47
98042,Chunabhatti,08:51
98532,Chunabhatti,08:55
98044,Chunabhatti,09:02
98604,Chunabhatti,09:07
98046,Chunabhatti,09:11
98048,Chunabhatti,09:18
98606,Chunabhatti,09:24
98326,Chunabhatti,09:28
98530,GTB Nagar,08:38
98038,GTB Nagar,08:42
98324,GTB Nagar,08:46
98040,GTB Nagar,08:50
98042,GTB Nagar,08:54
98532,GTB Nagar,08:58
98044,GTB Nagar,09:05
98604,GTB Nagar,09:10
98046,GTB Nagar,09:14
98048,GTB Nagar,09:21
98606,GTB Nagar,09:27
98326,GTB Nagar,09:31
98722,Goregaon,08:17
98904,Goregaon,08:39
98724,Goregaon,08:51
98722,Ramnagar,08:21
98904,Ramnagar,08:43
98724,Ramnagar,08:55
98722,Jogeshwari,08:24
98904,Jogeshwari,08:46
98724,Jogeshwari,08:58
98722,Andheri,08:28
98904,Andheri,08:50
98724,Andheri,09:02
98722,Vileparle,08:32
98904,Vileparle,08:54
98724,Vileparle,09:07
98722,Santacruz,08:35
98904,Santacruz,08:57
98724,Santacruz,09:10
98722,Khar Road,08:38
98904,Khar Road,09:00
98724,Khar Road,09:13
98722,Bandra,08:43
98820,Bandra,08:53
98904,Bandra,09:05
98822,Bandra,09:08
98724,Bandra,09:17
98722,Mahim Jn,08:47
98820,Mahim Jn,08:57
98904,Mahim Jn,09:08
98822,Mahim Jn,09:12
98724,Mahim Jn,09:21
98722,King's Circle,08:50
98820,King's Circle,09:01
98904,King's Circle,09:11
98822,King's Circle,09:16
98724,King's Circle,09:24
98530,Vadala Road,08:44
98038,Vadala Road,08:48
98324,Vadala Road,08:52
98722,Vadala Road,08:56
98040,Vadala Road,08:56
98042,Vadala Road,09:00
98532,Vadala Road,09:04
98820,Vadala Road,09:07
98044,Vadala Road,09:11
98604,Vadala Road,09:16
98904,Vadala Road,09:17
98046,Vadala Road,09:20
98822,Vadala Road,09:24
98048,Vadala Road,09:27
98724,Vadala Road,09:30
98606,Vadala Road,09:33
98326,Vadala Road,09:37
98530,Sewri,08:47
98038,Sewri,08:51
98324,Sewri,08:55
98722,Sewri,08:59
98042,Sewri,09:03
98532,Sewri,09:07
98820,Sewri,09:10
98044,Sewri,09:14
98604,Sewri,09:19
98046,Sewri,09:23
98822,Sewri,09:27
98048,Sewri,09:30
98724,Sewri,09:33
98606,Sewri,09:36
98326,Sewri,09:40
98530,Cotton Green,08:50
98038,Cotton Green,08:54
98324,Cotton Green,08:58
98722,Cotton Green,09:02
98042,Cotton Green,09:06
98532,Cotton Green,09:10
98820,Cotton Green,09:13
98044,Cotton Green,09:17
98604,Cotton Green,09:22
98046,Cotton Green,09:26
98822,Cotton Green,09:30
98048,Cotton Green,09:33
98724,Cotton Green,09:36
98606,Cotton Green,09:39
98326,Cotton Green,09:43
98530,Reay Road,08:52
98038,Reay Road,08:56
98324,Reay Road,09:00
98722,Reay Road,09:04
98042,Reay Road,09:08
98532,Reay Road,09:12
98820,Reay Road,09:15
98044,Reay Road,09:19
98604,Reay Road,09:24
98046,Reay Road,09:28
98822,Reay Road,09:32
98048,Reay Road,09:35
98724,Reay Road,09:38
98606,Reay Road,09:41
98326,Reay Road,09:45
98530,Dockyard Road,08:55
98038,Dockyard Road,08:59
98324,Dockyard Road,09:03
98722,Dockyard Road,09:07
98042,Dockyard Road,09:11
98532,Dockyard Road,09:15
98820,Dockyard Road,09:18
98044,Dockyard Road,09:22
98604,Dockyard Road,09:27
98046,Dockyard Road,09:31
98822,Dockyard Road,09:35
98048,Dockyard Road,09:38
98724,Dockyard Road,09:41
98606,Dockyard Road,09:44
98326,Dockyard Road,09:48
98530,Sandhurst Road,08:57
98038,Sandhurst Road,09:01
98324,Sandhurst Road,09:05
98722,Sandhurst Road,09:09
98042,Sandhurst Road,09:13
98532,Sandhurst Road,09:17
98820,Sandhurst Road,09:20
98044,Sandhurst Road,09:24
98604,Sandhurst Road,09:29
98046,Sandhurst Road,09:33
98822,Sandhurst Road,09:37
98048,Sandhurst Road,09:40
98724,Sandhurst Road,09:43
98606,Sandhurst Road,09:46
98326,Sandhurst Road,09:50
98530,Masjid,08:59
98038,Masjid,09:03
98324,Masjid,09:07
98722,Masjid,09:11
98042,Masjid,09:15
98532,Masjid,09:19
98820,Masjid,09:22
98044,Masjid,09:26
98604,Masjid,09:31
98046,Masjid,09:35
98822,Masjid,09:39
98048,Masjid,09:42
98724,Masjid,09:45
98606,Masjid,09:48
98326,Masjid,09:52
98530,Mumbai CSMT,09:02
98038,Mumbai CSMT,09:06
98324,Mumbai CSMT,09:10
98722,Mumbai CSMT,09:14
98042,Mumbai CSMT,09:18
98532,Mumbai CSMT,09:22
98820,Mumbai CSMT,09:26
98044,Mumbai CSMT,09:30
98604,Mumbai CSMT,09:34
98046,Mumbai CSMT,09:38
98822,Mumbai CSMT,09:42
98048,Mumbai CSMT,09:45
98724,Mumbai CSMT,09:48
98606,Mumbai CSMT,09:52
98326,Mumbai CSMT,09:55
98050,Panvel,08:38
98052,Panvel,08:45
98054,Panvel,08:49
98056,Panvel,08:56
99024,Panvel,09:01
98058,Panvel,09:09
98060,Panvel,09:17
98062,Panvel,09:28
98064,Panvel,09:32
98050,Khandeshwar,08:43
98052,Khandeshwar,08:50
98054,Khandeshwar,08:54
98056,Khandeshwar,09:01
99024,Khandeshwar,09:06
98058,Khandeshwar,09:14
98060,Khandeshwar,09:22
98062,Khandeshwar,09:33
98064,Khandeshwar,09:37
98050,Mansarovar,08:46
98052,Mansarovar,08:53
98054,Mansarovar,08:57
98056,Mansarovar,09:04
99024,Mansarovar,09:09
98058,Mansarovar,09:17
98060,Mansarovar,09:25
98062,Mansarovar,09:36
98064,Mansarovar,09:40
98050,Kharghar,08:49
98052,Kharghar,08:56
98054,Kharghar,09:00
98056,Kharghar,09:07
99024,Kharghar,09:12
98058,Kharghar,09:20
98060,Kharghar,09:28
98062,Kharghar,09:39
98064,Kharghar,09:43
98050,Belapur CBD,08:53
98052,Belapur CBD,09:00
98054,Belapur CBD,09:04
98328,Belapur CBD,09:07
98056,Belapur CBD,09:11
99024,Belapur CBD,09:16
98330,Belapur CBD,09:20
98058,Belapur CBD,09:24
98060,Belapur CBD,09:32
98332,Belapur CBD,09:39
98062,Belapur CBD,09:43
98064,Belapur CBD,09:47
98050,Seawood Darave Karave,08:57
98052,Seawood Darave Karave,09:04
98054,Seawood Darave Karave,09:08
98328,Seawood Darave Karave,09:11
98056,Seawood Darave Karave,09:15
99024,Seawood Darave Karave,09:20
98330,Seawood Darave Karave,09:24
98058,Seawood Darave Karave,09:28
98060,Seawood Darave Karave,09:36
98332,Seawood Darave Karave,09:43
98062,Seawood Darave Karave,09:47
98064,Seawood Darave Karave,09:51
98050,Nerul,09:00
98052,Nerul,09:07
98054,Nerul,09:11
98328,Nerul,09:14
98056,Nerul,09:18
99024,Nerul,09:24
98330,Nerul,09:27
98058,Nerul,09:31
98060,Nerul,09:39
98332,Nerul,09:46
98062,Nerul,09:50
98064,Nerul,09:54
98050,Juinagar,09:03
98052,Juinagar,09:10
98054,Juinagar,09:14
98328,Juinagar,09:17
98056,Juinagar,09:21
98330,Juinagar,09:30
98058,Juinagar,09:34
98060,Juinagar,09:42
98332,Juinagar,09:49
98062,Juinagar,09:53
98064,Juinagar,09:57
98050,Sanpada,09:06
98052,Sanpada,09:13
98054,Sanpada,09:17
98328,Sanpada,09:20
98056,Sanpada,09:24
98330,Sanpada,09:33
98058,Sanpada,09:37
98060,Sanpada,09:45
98332,Sanpada,09:52
98062,Sanpada,09:56
98064,Sanpada,10:00
98050,Vashi,09:08
98534,Vashi,09:12
98052,Vashi,09:16
98054,Vashi,09:20
98328,Vashi,09:23
98056,Vashi,09:27
98330,Vashi,09:36
98058,Vashi,09:40
98536,Vashi,09:44
98060,Vashi,09:48
98332,Vashi,09:54
98062,Vashi,09:58
98064,Vashi,10:02
98050,Mankhurd,09:17
98534,Mankhurd,09:21
98052,Mankhurd,09:25
98054,Mankhurd,09:29
98328,Mankhurd,09:32
98056,Mankhurd,09:36
98330,Mankhurd,09:45
98058,Mankhurd,09:49
98536,Mankhurd,09:53
98060,Mankhurd,09:57
98332,Mankhurd,10:02
98062,Mankhurd,10:06
98064,Mankhurd,10:10
98050,Govandi,09:20
98534,Govandi,09:24
98052,Govandi,09:28
98054,Govandi,09:32
98328,Govandi,09:35
98056,Govandi,09:39
98330,Govandi,09:48
98058,Govandi,09:52
98536,Govandi,09:56
98060,Govandi,10:00
98332,Govandi,10:05
98062,Govandi,10:09
98064,Govandi,10:13
98050,Chembur,09:22
98534,Chembur,09:26
98052,Chembur,09:30
98054,Chembur,09:34
98328,Chembur,09:37
98056,Chembur,09:41
98330,Chembur,09:50
98058,Chembur,09:54
98536,Chembur,09:58
98060,Chembur,10:02
98332,Chembur,10:07
98062,Chembur,10:11
98064,Chembur,10:15
98050,Tilaknagar,09:26
98534,Tilaknagar,09:29
98052,Tilaknagar,09:33
98054,Tilaknagar,09:37
98328,Tilaknagar,09:40
98056,Tilaknagar,09:44
98330,Tilaknagar,09:53
98058,Tilaknagar,09:57
98536,Tilaknagar,10:01
98060,Tilaknagar,10:05
98332,Tilaknagar,10:10
98062,Tilaknagar,10:14
98064,Tilaknagar,10:18
98050,Kurla,09:29
98534,Kurla,09:32
98052,Kurla,09:36
98054,Kurla,09:40
98328,Kurla,09:43
98056,Kurla,09:47
98330,Kurla,09:56
98058,Kurla,10:00
98536,Kurla,10:04
98060,Kurla,10:08
98332,Kurla,10:13
98062,Kurla,10:17
98064,Kurla,10:21
98050,Chunabhatti,09:32
98534,Chunabhatti,09:35
98052,Chunabhatti,09:39
98054,Chunabhatti,09:43
98328,Chunabhatti,09:46
98056,Chunabhatti,09:50
98330,Chunabhatti,09:59
98058,Chunabhatti,10:03
98536,Chunabhatti,10:07
98060,Chunabhatti,10:11
98332,Chunabhatti,10:16
98062,Chunabhatti,10:20
98064,Chunabhatti,10:24
98050,GTB Nagar,09:35
98534,GTB Nagar,09:38
98052,GTB Nagar,09:42
98054,GTB Nagar,09:46
98328,GTB Nagar,09:49
98056,GTB Nagar,09:53
98330,GTB Nagar,10:02
98058,GTB Nagar,10:06
98536,GTB Nagar,10:10
98060,GTB Nagar,10:14
98332,GTB Nagar,10:19
98062,GTB Nagar,10:23
98064,GTB Nagar,10:27
98726,Goregaon,09:13
98906,Goregaon,09:30
98728,Goregaon,09:46
98726,Ramnagar,09:17
98906,Ramnagar,09:34
98728,Ramnagar,09:50
98726,Jogeshwari,09:20
98906,Jogeshwari,09:37
98728,Jogeshwari,09:53
98726,Andheri,09:24
98906,Andheri,09:41
98728,Andheri,09:57
98726,Vileparle,09:28
98906,Vileparle,09:45
98728,Vileparle,10:01
98726,Santacruz,09:31
98906,Santacruz,09:48
98728,Santacruz,10:04
98726,Khar Road,09:34
98906,Khar Road,09:51
98728,Khar Road,10:07
98824,Bandra,09:27
98726,Bandra,09:38
98826,Bandra,09:51
98906,Bandra,09:57
98728,Bandra,10:11
98824,Mahim Jn,09:31
98726,Mahim Jn,09:42
98826,Mahim Jn,09:55
98906,Mahim Jn,10:01
98728,Mahim Jn,10:14
98824,King's Circle,09:34
98726,King's Circle,09:45
98826,King's Circle,09:58
98906,King's Circle,10:04
98728,King's Circle,10:17
98050,Vadala Road,09:41
98824,Vadala Road,09:41
98534,Vadala Road,09:44
98052,Vadala Road,09:48
98726,Vadala Road,09:52
98054,Vadala Road,09:52
98328,Vadala Road,09:56
98056,Vadala Road,10:00
98826,Vadala Road,10:04
98330,Vadala Road,10:08
98906,Vadala Road,10:10
98058,Vadala Road,10:12
98536,Vadala Road,10:16
98060,Vadala Road,10:20
98728,Vadala Road,10:23
98332,Vadala Road,10:26
98062,Vadala Road,10:30
98064,Vadala Road,10:34
98824,Sewri,09:44
98534,Sewri,09:47
98052,Sewri,09:51
98726,Sewri,09:55
98328,Sewri,09:59
98056,Sewri,10:03
98826,Sewri,10:07
98330,Sewri,10:11
98058,Sewri,10:15
98536,Sewri,10:19
98060,Sewri,10:23
98728,Sewri,10:26
98332,Sewri,10:29
98062,Sewri,10:33
98824,Cotton Green,09:47
98534,Cotton Green,09:50
98052,Cotton Green,09:54
98726,Cotton Green,09:58
98328,Cotton Green,10:02
98056,Cotton Green,10:06
98826,Cotton Green,10:10
98330,Cotton Green,10:14
98058,Cotton Green,10:18
98536,Cotton Green,10:22
98060,Cotton Green,10:26
98728,Cotton Green,10:29
98332,Cotton Green,10:32
98062,Cotton Green,10:36
98824,Reay Road,09:49
98534,Reay Road,09:52
98052,Reay Road,09:56
98726,Reay Road,10:00
98328,Reay Road,10:04
98056,Reay Road,10:08
98826,Reay Road,10:12
98330,Reay Road,10:16
98058,Reay Road,10:20
98536,Reay Road,10:24
98060,Reay Road,10:28
98728,Reay Road,10:31
98332,Reay Road,10:34
98062,Reay Road,10:38
98824,Dockyard Road,09:52
98534,Dockyard Road,09:55
98052,Dockyard Road,09:59
98726,Dockyard Road,10:03
98328,Dockyard Road,10:07
98056,Dockyard Road,10:11
98826,Dockyard Road,10:15
98330,Dockyard Road,10:19
98058,Dockyard Road,10:23
98536,Dockyard Road,10:27
98060,Dockyard Road,10:31
98728,Dockyard Road,10:34
98332,Dockyard Road,10:37
98062,Dockyard Road,10:41
98824,Sandhurst Road,09:54
98534,Sandhurst Road,09:57
98052,Sandhurst Road,10:01
98726,Sandhurst Road,10:05
98328,Sandhurst Road,10:09
98056,Sandhurst Road,10:13
98826,Sandhurst Road,10:17
98330,Sandhurst Road,10:21
98058,Sandhurst Road,10:25
98536,Sandhurst Road,10:29
98060,Sandhurst Road,10:33
98728,Sandhurst Road,10:36
98332,Sandhurst Road,10:39
98062,Sandhurst Road,10:43
98824,Masjid,09:56
98534,Masjid,09:59
98052,Masjid,10:03
98726,Masjid,10:07
98328,Masjid,10:11
98056,Masjid,10:15
98826,Masjid,10:19
98330,Masjid,10:23
98058,Masjid,10:27
98536,Masjid,10:31
98060,Masjid,10:35
98728,Masjid,10:38
98332,Masjid,10:41
98062,Masjid,10:45
98824,Mumbai CSMT,09:59
98534,Mumbai CSMT,10:02
98052,Mumbai CSMT,10:06
98726,Mumbai CSMT,10:10
98328,Mumbai CSMT,10:14
98056,Mumbai CSMT,10:18
98826,Mumbai CSMT,10:22
98330,Mumbai CSMT,10:26
98058,Mumbai CSMT,10:30
98536,Mumbai CSMT,10:34
98060,Mumbai CSMT,10:38
98728,Mumbai CSMT,10:41
98332,Mumbai CSMT,10:45
98062,Mumbai CSMT,10:48
98066,Panvel,09:40
98068,Panvel,09:44
99026,Panvel,09:48
98070,Panvel,09:53
98072,Panvel,10:05
99028,Panvel,10:12
98074,Panvel,10:17
98076,Panvel,10:21
98078,Panvel,10:33
98907,Panvel,10:37
98066,Khandeshwar,09:45
98068,Khandeshwar,09:49
99026,Khandeshwar,09:53
98070,Khandeshwar,09:58
98072,Khandeshwar,10:10
99028,Khandeshwar,10:17
98074,Khandeshwar,10:22
98076,Khandeshwar,10:26
98078,Khandeshwar,10:38
98907,Khandeshwar,10:42
98066,Mansarovar,09:48
98068,Mansarovar,09:52
99026,Mansarovar,09:56
98070,Mansarovar,10:01
98072,Mansarovar,10:13
99028,Mansarovar,10:20
98074,Mansarovar,10:25
98076,Mansarovar,10:29
98078,Mansarovar,10:41
98907,Mansarovar,10:45
98066,Kharghar,09:51
98068,Kharghar,09:55
99026,Kharghar,09:59
98070,Kharghar,10:04
98072,Kharghar,10:16
99028,Kharghar,10:23
98074,Kharghar,10:28
98076,Kharghar,10:32
98078,Kharghar,10:44
98907,Kharghar,10:48
98066,Belapur CBD,09:55
98068,Belapur CBD,09:59
99026,Belapur CBD,10:03
98070,Belapur CBD,10:08
98334,Belapur CBD,10:16
98072,Belapur CBD,10:20
99028,Belapur CBD,10:27
98074,Belapur CBD,10:32
98076,Belapur CBD,10:36
98336,Belapur CBD,10:40
98078,Belapur CBD,10:48
98907,Belapur CBD,10:52
98066,Seawood Darave Karave,09:59
98068,Seawood Darave Karave,10:03
99026,Seawood Darave Karave,10:07
98070,Seawood Darave Karave,10:12
98334,Seawood Darave Karave,10:20
98072,Seawood Darave Karave,10:24
99028,Seawood Darave Karave,10:31
98074,Seawood Darave Karave,10:36
98076,Seawood Darave Karave,10:40
98336,Seawood Darave Karave,10:44
98078,Seawood Darave Karave,10:52
98907,Seawood Darave Karave,10:56
98066,Nerul,10:02
98068,Nerul,10:06
99026,Nerul,10:11
98070,Nerul,10:15
98334,Nerul,10:23
98072,Nerul,10:27
99028,Nerul,10:35
98074,Nerul,10:39
98076,Nerul,10:43
98336,Nerul,10:47
98078,Nerul,10:55
98907,Nerul,10:59
98066,Juinagar,10:05
98068,Juinagar,10:09
98070,Juinagar,10:18
98334,Juinagar,10:26
98072,Juinagar,10:30
98074,Juinagar,10:42
98076,Juinagar,10:46
98336,Juinagar,10:50
98078,Juinagar,10:58
98907,Juinagar,11:02
98066,Sanpada,10:08
98068,Sanpada,10:12
98070,Sanpada,10:21
98334,Sanpada,10:29
98072,Sanpada,10:33
98074,Sanpada,10:45
98076,Sanpada,10:49
98336,Sanpada,10:53
98078,Sanpada,11:01
98907,Sanpada,11:05
98538,Vashi,10:07
98066,Vashi,10:11
98068,Vashi,10:15
98540,Vashi,10:19
98070,Vashi,10:23
98334,Vashi,10:31
98072,Vashi,10:35
98074,Vashi,10:47
98076,Vashi,10:51
98336,Vashi,10:55
98078,Vashi,11:03
98907,Vashi,11:07
98538,Mankhurd,10:15
98066,Mankhurd,10:19
98068,Mankhurd,10:23
98540,Mankhurd,10:27
98070,Mankhurd,10:31
98334,Mankhurd,10:39
98072,Mankhurd,10:43
98074,Mankhurd,10:55
98076,Mankhurd,10:59
98336,Mankhurd,11:03
98078,Mankhurd,11:11
98907,Mankhurd,11:15
98538,Govandi,10:18
98066,Govandi,10:22
98068,Govandi,10:26
98540,Govandi,10:30
98070,Govandi,10:34
98334,Govandi,10:42
98072,Govandi,10:46
98074,Govandi,10:58
98076,Govandi,11:02
98336,Govandi,11:06
98078,Govandi,11:14
98907,Govandi,11:18
98538,Chembur,10:20
98066,Chembur,10:24
98068,Chembur,10:28
98540,Chembur,10:32
98070,Chembur,10:36
98334,Chembur,10:44
98072,Chembur,10:48
98074,Chembur,11:00
98076,Chembur,11:04
98336,Chembur,11:08
98078,Chembur,11:16
98907,Chembur,11:20
98538,Tilaknagar,10:23
98066,Tilaknagar,10:27
98068,Tilaknagar,10:31
98540,Tilaknagar,10:35
98070,Tilaknagar,10:39
98334,Tilaknagar,10:47
98072,Tilaknagar,10:51
98074,Tilaknagar,11:03
98076,Tilaknagar,11:07
98336,Tilaknagar,11:11
98078,Tilaknagar,11:19
98907,Tilaknagar,11:23
98538,Kurla,10:26
98066,Kurla,10:30
98068,Kurla,10:34
98540,Kurla,10:38
98070,Kurla,10:42
98334,Kurla,10:50
98072,Kurla,10:54
98074,Kurla,11:06
98076,Kurla,11:10
98336,Kurla,11:14
98078,Kurla,11:22
98907,Kurla,11:26
98538,Chunabhatti,10:29
98066,Chunabhatti,10:33
98068,Chunabhatti,10:37
98540,Chunabhatti,10:41
98070,Chunabhatti,10:45
98334,Chunabhatti,10:53
98072,Chunabhatti,10:57
98074,Chunabhatti,11:09
98076,Chunabhatti,11:13
98336,Chunabhatti,11:17
98078,Chunabhatti,11:25
98907,Chunabhatti,11:29
98538,GTB Nagar,10:32
98066,GTB Nagar,10:36
98068,GTB Nagar,10:40
98540,GTB Nagar,10:44
98070,GTB Nagar,10:48
98334,GTB Nagar,10:56
98072,GTB Nagar,11:00
98074,GTB Nagar,11:12
98076,GTB Nagar,11:16
98336,GTB Nagar,11:20
98078,GTB Nagar,11:28
98907,GTB Nagar,11:32
98730,Goregaon,10:06
98732,Goregaon,10:35
98730,Ramnagar,10:10
98732,Ramnagar,10:39
98730,Jogeshwari,10:13
98732,Jogeshwari,10:42
98730,Andheri,10:17
98732,Andheri,10:46
98730,Vileparle,10:21
98732,Vileparle,10:50
98730,Santacruz,10:24
98732,Santacruz,10:53
98730,Khar Road,10:27
98732,Khar Road,10:56
98828,Bandra,10:20
98730,Bandra,10:31
98830,Bandra,10:45
98732,Bandra,11:00
98832,Bandra,11:17
98828,Mahim Jn,10:24
98730,Mahim Jn,10:35
98830,Mahim Jn,10:49
98732,Mahim Jn,11:03
98832,Mahim Jn,11:21
98828,King's Circle,10:28
98730,King's Circle,10:38
98830,King's Circle,10:52
98732,King's Circle,11:06
98832,King's Circle,11:24
98828,Vadala Road,10:34
98538,Vadala Road,10:38
98066,Vadala Road,10:42
98730,Vadala Road,10:45
98068,Vadala Road,10:47
98540,Vadala Road,10:50
98070,Vadala Road,10:54
98830,Vadala Road,10:58
98334,Vadala Road,11:02
98072,Vadala Road,11:06
98732,Vadala Road,11:12
98074,Vadala Road,11:18
98076,Vadala Road,11:23
98336,Vadala Road,11:26
98832,Vadala Road,11:30
98078,Vadala Road,11:34
98907,Vadala Road,11:39
98828,Sewri,10:37
98538,Sewri,10:41
98066,Sewri,10:45
98730,Sewri,10:48
98540,Sewri,10:53
98070,Sewri,10:57
98830,Sewri,11:01
98334,Sewri,11:05
98072,Sewri,11:09
98732,Sewri,11:15
98074,Sewri,11:21
98336,Sewri,11:29
98832,Sewri,11:33
98078,Sewri,11:37
98828,Cotton Green,10:40
98538,Cotton Green,10:44
98066,Cotton Green,10:48
98730,Cotton Green,10:51
98540,Cotton Green,10:56
98070,Cotton Green,11:00
98830,Cotton Green,11:04
98334,Cotton Green,11:08
98072,Cotton Green,11:12
98732,Cotton Green,11:18
98074,Cotton Green,11:24
98336,Cotton Green,11:32
98832,Cotton Green,11:36
98078,Cotton Green,11:40
98828,Reay Road,10:42
98538,Reay Road,10:46
98066,Reay Road,10:50
98730,Reay Road,10:53
98540,Reay Road,10:58
98070,Reay Road,11:02
98830,Reay Road,11:06
98334,Reay Road,11:10
98072,Reay Road,11:14
98732,Reay Road,11:20
98074,Reay Road,11:26
98336,Reay Road,11:34
98832,Reay Road,11:38
98078,Reay Road,11:42
98828,Dockyard Road,10:45
98538,Dockyard Road,10:49
98066,Dockyard Road,10:53
98730,Dockyard Road,10:56
98540,Dockyard Road,11:01
98070,Dockyard Road,11:05
98830,Dockyard Road,11:09
98334,Dockyard Road,11:13
98072,Dockyard Road,11:17
98732,Dockyard Road,11:23
98074,Dockyard Road,11:29
98336,Dockyard Road,11:37
98832,Dockyard Road,11:41
98078,Dockyard Road,11:45
98828,Sandhurst Road,10:47
98538,Sandhurst Road,10:51
98066,Sandhurst Road,10:55
98730,Sandhurst Road,10:58
98540,Sandhurst Road,11:03
98070,Sandhurst Road,11:07
98830,Sandhurst Road,11:11
98334,Sandhurst Road,11:15
98072,Sandhurst Road,11:19
98732,Sandhurst Road,11:25
98074,Sandhurst Road,11:31
98336,Sandhurst Road,11:39
98832,Sandhurst Road,11:43
98078,Sandhurst Road,11:47
98828,Masjid,10:49
98538,Masjid,10:53
98066,Masjid,10:57
98730,Masjid,11:00
98540,Masjid,11:05
98070,Masjid,11:09
98830,Masjid,11:13
98334,Masjid,11:17
98072,Masjid,11:21
98732,Masjid,11:27
98074,Masjid,11:33
98336,Masjid,11:41
98832,Masjid,11:45
98078,Masjid,11:49
98828,Mumbai CSMT,10:52
98538,Mumbai CSMT,10:56
98066,Mumbai CSMT,11:00
98730,Mumbai CSMT,11:04
98540,Mumbai CSMT,11:08
98070,Mumbai CSMT,11:12
98830,Mumbai CSMT,11:16
98334,Mumbai CSMT,11:20
98072,Mumbai CSMT,11:24
98732,Mumbai CSMT,11:30
98074,Mumbai CSMT,11:36
98336,Mumbai CSMT,11:44
98832,Mumbai CSMT,11:48
98078,Mumbai CSMT,11:52
99030,Panvel,10:41
98080,Panvel,10:49
99032,Panvel,11:02
98082,Panvel,11:06
98084,Panvel,11:10
98086,Panvel,11:16
98088,Panvel,11:28
98090,Panvel,11:32
98092,Panvel,11:43
99030,Khandeshwar,10:46
98080,Khandeshwar,10:54
99032,Khandeshwar,11:07
98082,Khandeshwar,11:11
98084,Khandeshwar,11:15
98086,Khandeshwar,11:21
98088,Khandeshwar,11:33
98090,Khandeshwar,11:37
98092,Khandeshwar,11:48
99030,Mansarovar,10:49
98080,Mansarovar,10:57
99032,Mansarovar,11:10
98082,Mansarovar,11:14
98084,Mansarovar,11:18
98086,Mansarovar,11:24
98088,Mansarovar,11:36
98090,Mansarovar,11:40
98092,Mansarovar,11:51
99030,Kharghar,10:52
98080,Kharghar,11:00
99032,Kharghar,11:13
98082,Kharghar,11:17
98084,Kharghar,11:21
98086,Kharghar,11:27
98088,Kharghar,11:39
98090,Kharghar,11:43
98092,Kharghar,11:54
99030,Belapur CBD,10:56
98338,Belapur CBD,10:59
98080,Belapur CBD,11:04
98340,Belapur CBD,11:13
99032,Belapur CBD,11:17
98082,Belapur CBD,11:21
98084,Belapur CBD,11:25
98086,Belapur CBD,11:31
98342,Belapur CBD,11:39
98088,Belapur CBD,11:43
98090,Belapur CBD,11:47
98344,Belapur CBD,11:54
98092,Belapur CBD,11:58
99030,Seawood Darave Karave,11:00
98338,Seawood Darave Karave,11:04
98080,Seawood Darave Karave,11:08
98340,Seawood Darave Karave,11:17
99032,Seawood Darave Karave,11:21
98082,Seawood Darave Karave,11:25
98084,Seawood Darave Karave,11:29
98086,Seawood Darave Karave,11:35
98342,Seawood Darave Karave,11:43
98088,Seawood Darave Karave,11:47
98090,Seawood Darave Karave,11:51
98344,Seawood Darave Karave,11:58
98092,Seawood Darave Karave,12:02
99030,Nerul,11:04
98338,Nerul,11:07
98080,Nerul,11:11
98340,Nerul,11:20
99032,Nerul,11:25
98082,Nerul,11:28
98084,Nerul,11:32
98086,Nerul,11:38
98342,Nerul,11:46
98088,Nerul,11:50
98090,Nerul,11:54
98344,Nerul,12:01
98092,Nerul,12:05
98338,Juinagar,11:10
98080,Juinagar,11:14
98340,Juinagar,11:23
98082,Juinagar,11:31
98084,Juinagar,11:35
98086,Juinagar,11:41
98342,Juinagar,11:49
98088,Juinagar,11:53
98090,Juinagar,11:57
98344,Juinagar,12:04
98092,Juinagar,12:08
98338,Sanpada,11:13
98080,Sanpada,11:17
98340,Sanpada,11:26
98082,Sanpada,11:34
98084,Sanpada,11:38
98086,Sanpada,11:44
98342,Sanpada,11:52
98088,Sanpada,11:56
98090,Sanpada,12:00
98344,Sanpada,12:07
98092,Sanpada,12:11
98338,Vashi,11:15
98080,Vashi,11:19
98340,Vashi,11:28
98082,Vashi,11:36
98084,Vashi,11:40
98086,Vashi,11:46
98342,Vashi,11:54
98088,Vashi,11:58
98090,Vashi,12:02
98344,Vashi,12:09
98092,Vashi,12:13
98338,Mankhurd,11:23
98080,Mankhurd,11:27
98340,Mankhurd,11:36
98082,Mankhurd,11:44
98084,Mankhurd,11:48
98086,Mankhurd,11:54
98342,Mankhurd,12:02
98088,Mankhurd,12:06
98090,Mankhurd,12:10
98344,Mankhurd,12:17
98092,Mankhurd,12:21
98338,Govandi,11:26
98080,Govandi,11:30
98340,Govandi,11:39
98082,Govandi,11:47
98084,Govandi,11:51
98086,Govandi,11:57
98342,Govandi,12:05
98088,Govandi,12:09
98090,Govandi,12:13
98344,Govandi,12:20
98092,Govandi,12:24
98338,Chembur,11:28
98080,Chembur,11:32
98340,Chembur,11:41
98082,Chembur,11:49
98084,Chembur,11:53
98086,Chembur,11:59
98342,Chembur,12:07
98088,Chembur,12:11
98090,Chembur,12:15
98344,Chembur,12:22
98092,Chembur,12:26
98338,Tilaknagar,11:31
98080,Tilaknagar,11:35
98340,Tilaknagar,11:44
98082,Tilaknagar,11:52
98084,Tilaknagar,11:56
98086,Tilaknagar,12:02
98342,Tilaknagar,12:10
98088,Tilaknagar,12:14
98090,Tilaknagar,12:18
98344,Tilaknagar,12:25
98092,Tilaknagar,12:29
98338,Kurla,11:34
98080,Kurla,11:38
98340,Kurla,11:47
98082,Kurla,11:55
98084,Kurla,11:59
98086,Kurla,12:05
98342,Kurla,12:13
98088,Kurla,12:17
98090,Kurla,12:21
98344,Kurla,12:28
98092,Kurla,12:32
98338,Chunabhatti,11:37
98080,Chunabhatti,11:41
98340,Chunabhatti,11:50
98082,Chunabhatti,11:58
98084,Chunabhatti,12:02
98086,Chunabhatti,12:08
98342,Chunabhatti,12:16
98088,Chunabhatti,12:20
98090,Chunabhatti,12:24
98344,Chunabhatti,12:31
98092,Chunabhatti,12:35
98338,GTB Nagar,11:40
98080,GTB Nagar,11:44
98340,GTB Nagar,11:53
98082,GTB Nagar,12:01
98084,GTB Nagar,12:05
98086,GTB Nagar,12:11
98342,GTB Nagar,12:19
98088,GTB Nagar,12:23
98090,GTB Nagar,12:27
98344,GTB Nagar,12:34
98092,GTB Nagar,12:38
98734,Goregaon,11:00
98736,Goregaon,11:23
91392,Goregaon,11:34
98738,Goregaon,11:54
98734,Ramnagar,11:04
98736,Ramnagar,11:28
91392,Ramnagar,11:38
98738,Ramnagar,11:59
98734,Jogeshwari,11:07
98736,Jogeshwari,11:31
91392,Jogeshwari,11:41
98738,Jogeshwari,12:02
98734,Andheri,11:11
98736,Andheri,11:35
91392,Andheri,11:45
98738,Andheri,12:06
98734,Vileparle,11:15
98736,Vileparle,11:39
91392,Vileparle,11:49
98738,Vileparle,12:11
98734,Santacruz,11:18
98736,Santacruz,11:43
91392,Santacruz,11:52
98738,Santacruz,12:15
98734,Khar Road,11:21
98736,Khar Road,11:46
91392,Khar Road,11:55
98738,Khar Road,12:18
98734,Bandra,11:25
98834,Bandra,11:41
98736,Bandra,11:51
91392,Bandra,11:59
98836,Bandra,12:16
98738,Bandra,12:23
98734,Mahim Jn,11:29
98834,Mahim Jn,11:45
98736,Mahim Jn,11:54
91392,Mahim Jn,12:02
98836,Mahim Jn,12:20
98738,Mahim Jn,12:27
98734,King's Circle,11:32
98834,King's Circle,11:48
98736,King's Circle,11:57
91392,King's Circle,12:05
98836,King's Circle,12:23
98738,King's Circle,12:30
98734,Vadala Road,11:38
98338,Vadala Road,11:46
98080,Vadala Road,11:50
98834,Vadala Road,11:54
98340,Vadala Road,11:59
98736,Vadala Road,12:03
98082,Vadala Road,12:07
91392,Vadala Road,12:11
98084,Vadala Road,12:11
98086,Vadala Road,12:17
98342,Vadala Road,12:25
98088,Vadala Road,12:29
98836,Vadala Road,12:29
98090,Vadala Road,12:33
98738,Vadala Road,12:36
98344,Vadala Road,12:40
98092,Vadala Road,12:44
98734,Sewri,11:41
98338,Sewri,11:49
98080,Sewri,11:53
98834,Sewri,11:57
98340,Sewri,12:02
98736,Sewri,12:06
98082,Sewri,12:10
91392,Sewri,12:14
98086,Sewri,12:20
98342,Sewri,12:28
98836,Sewri,12:32
98090,Sewri,12:36
98738,Sewri,12:39
98344,Sewri,12:43
98092,Sewri,12:47
98734,Cotton Green,11:44
98338,Cotton Green,11:52
98080,Cotton Green,11:56
98834,Cotton Green,12:00
98340,Cotton Green,12:05
98736,Cotton Green,12:09
98082,Cotton Green,12:13
91392,Cotton Green,12:17
98086,Cotton Green,12:23
98342,Cotton Green,12:31
98836,Cotton Green,12:35
98090,Cotton Green,12:39
98738,Cotton Green,12:42
98344,Cotton Green,12:46
98092,Cotton Green,12:50
98734,Reay Road,11:46
98338,Reay Road,11:54
98080,Reay Road,11:58
98834,Reay Road,12:02
98340,Reay Road,12:07
98736,Reay Road,12:11
98082,Reay Road,12:15
91392,Reay Road,12:19
98086,Reay Road,12:25
98342,Reay Road,12:33
98836,Reay Road,12:37
98090,Reay Road,12:41
98738,Reay Road,12:44
98344,Reay Road,12:48
98092,Reay Road,12:52
98734,Dockyard Road,11:49
98338,Dockyard Road,11:57
98080,Dockyard Road,12:01
98834,Dockyard Road,12:05
98340,Dockyard Road,12:10
98736,Dockyard Road,12:14
98082,Dockyard Road,12:18
91392,Dockyard Road,12:22
98086,Dockyard Road,12:28
98342,Dockyard Road,12:36
98836,Dockyard Road,12:40
98090,Dockyard Road,12:44
98738,Dockyard Road,12:47
98344,Dockyard Road,12:51
98092,Dockyard Road,12:55
98734,Sandhurst Road,11:51
98338,Sandhurst Road,11:59
98080,Sandhurst Road,12:03
98834,Sandhurst Road,12:07
98340,Sandhurst Road,12:12
98736,Sandhurst Road,12:16
98082,Sandhurst Road,12:20
91392,Sandhurst Road,12:24
98086,Sandhurst Road,12:30
98342,Sandhurst Road,12:38
98836,Sandhurst Road,12:42
98090,Sandhurst Road,12:46
98738,Sandhurst Road,12:49
98344,Sandhurst Road,12:53
98092,Sandhurst Road,12:57
98734,Masjid,11:53
98338,Masjid,12:01
98080,Masjid,12:05
98834,Masjid,12:09
98340,Masjid,12:14
98736,Masjid,12:18
98082,Masjid,12:22
91392,Masjid,12:26
98086,Masjid,12:32
98342,Masjid,12:40
98836,Masjid,12:44
98090,Masjid,12:48
98738,Masjid,12:51
98344,Masjid,12:55
98092,Masjid,12:59
98734,Mumbai CSMT,11:56
98338,Mumbai CSMT,12:04
98080,Mumbai CSMT,12:08
98834,Mumbai CSMT,12:12
98340,Mumbai CSMT,12:17
98736,Mumbai CSMT,12:21
98082,Mumbai CSMT,12:25
91392,Mumbai CSMT,12:28
98086,Mumbai CSMT,12:35
98342,Mumbai CSMT,12:43
98836,Mumbai CSMT,12:47
98090,Mumbai CSMT,12:51
98738,Mumbai CSMT,12:54
98344,Mumbai CSMT,12:58
98092,Mumbai CSMT,13:02
98094,Panvel,11:52
98096,Panvel,12:03
98098,Panvel,12:07
99034,Panvel,12:19
98100,Panvel,12:24
98102,Panvel,12:41
98104,Panvel,12:49
98106,Panvel,12:56
98094,Khandeshwar,11:57
98096,Khandeshwar,12:08
98098,Khandeshwar,12:12
99034,Khandeshwar,12:24
98100,Khandeshwar,12:29
98102,Khandeshwar,12:46
98104,Khandeshwar,12:54
98106,Khandeshwar,13:01
98094,Mansarovar,12:00
98096,Mansarovar,12:11
98098,Mansarovar,12:15
99034,Mansarovar,12:27
98100,Mansarovar,12:32
98102,Mansarovar,12:49
98104,Mansarovar,12:57
98106,Mansarovar,13:04
98094,Kharghar,12:03
98096,Kharghar,12:14
98098,Kharghar,12:18
99034,Kharghar,12:30
98100,Kharghar,12:35
98102,Kharghar,12:52
98104,Kharghar,13:00
98106,Kharghar,13:07
98094,Belapur CBD,12:07
98346,Belapur CBD,12:11
98096,Belapur CBD,12:18
98098,Belapur CBD,12:22
98348,Belapur CBD,12:29
99034,Belapur CBD,12:34
98100,Belapur CBD,12:39
98350,Belapur CBD,12:48
98102,Belapur CBD,12:56
98104,Belapur CBD,13:04
98106,Belapur CBD,13:11
98094,Seawood Darave Karave,12:11
98346,Seawood Darave Karave,12:15
98096,Seawood Darave Karave,12:22
98098,Seawood Darave Karave,12:26
98348,Seawood Darave Karave,12:33
99034,Seawood Darave Karave,12:38
98100,Seawood Darave Karave,12:43
98350,Seawood Darave Karave,12:52
98102,Seawood Darave Karave,13:00
98104,Seawood Darave Karave,13:08
98106,Seawood Darave Karave,13:15
98094,Nerul,12:14
98346,Nerul,12:18
98096,Nerul,12:25
98098,Nerul,12:29
98348,Nerul,12:36
99034,Nerul,12:42
98100,Nerul,12:46
98350,Nerul,12:55
98102,Nerul,13:03
98104,Nerul,13:11
98106,Nerul,13:18
98094,Juinagar,12:17
98346,Juinagar,12:21
98096,Juinagar,12:28
98098,Juinagar,12:32
98348,Juinagar,12:39
98100,Juinagar,12:49
98350,Juinagar,12:58
98102,Juinagar,13:06
98104,Juinagar,13:14
98106,Juinagar,13:21
98094,Sanpada,12:20
98346,Sanpada,12:24
98096,Sanpada,12:31
98098,Sanpada,12:35
98348,Sanpada,12:42
98100,Sanpada,12:52
98350,Sanpada,13:01
98102,Sanpada,13:09
98104,Sanpada,13:17
98106,Sanpada,13:24
98094,Vashi,12:22
98346,Vashi,12:26
98096,Vashi,12:33
98098,Vashi,12:37
98348,Vashi,12:44
98100,Vashi,12:54
98350,Vashi,13:03
98102,Vashi,13:11
98104,Vashi,13:19
98106,Vashi,13:26
98094,Mankhurd,12:30
98346,Mankhurd,12:34
98096,Mankhurd,12:41
98098,Mankhurd,12:45
98348,Mankhurd,12:52
98100,Mankhurd,13:02
98350,Mankhurd,13:11
98102,Mankhurd,13:19
98104,Mankhurd,13:27
98106,Mankhurd,13:34
98094,Govandi,12:33
98346,Govandi,12:37
98096,Govandi,12:44
98098,Govandi,12:48
98348,Govandi,12:55
98100,Govandi,13:05
98350,Govandi,13:14
98102,Govandi,13:22
98104,Govandi,13:30
98106,Govandi,13:37
98094,Chembur,12:35
98346,Chembur,12:39
98096,Chembur,12:46
98098,Chembur,12:50
98348,Chembur,12:57
98100,Chembur,13:07
98350,Chembur,13:16
98102,Chembur,13:24
98104,Chembur,13:32
98106,Chembur,13:39
98094,Tilaknagar,12:38
98346,Tilaknagar,12:42
98096,Tilaknagar,12:49
98098,Tilaknagar,12:53
98348,Tilaknagar,13:00
98100,Tilaknagar,13:10
98350,Tilaknagar,13:19
98102,Tilaknagar,13:27
98104,Tilaknagar,13:35
98106,Tilaknagar,13:42
98094,Kurla,12:41
98346,Kurla,12:45
98096,Kurla,12:52
98098,Kurla,12:56
98348,Kurla,13:03
98100,Kurla,13:13
98350,Kurla,13:22
98102,Kurla,13:30
98104,Kurla,13:38
98106,Kurla,13:45
98094,Chunabhatti,12:44
98346,Chunabhatti,12:48
98096,Chunabhatti,12:55
98098,Chunabhatti,12:59
98348,Chunabhatti,13:06
98100,Chunabhatti,13:16
98350,Chunabhatti,13:25
98102,Chunabhatti,13:33
98104,Chunabhatti,13:41
98106,Chunabhatti,13:48
98094,GTB Nagar,12:47
98346,GTB Nagar,12:51
98096,GTB Nagar,12:58
98098,GTB Nagar,13:02
98348,GTB Nagar,13:09
98100,GTB Nagar,13:19
98350,GTB Nagar,13:28
98102,GTB Nagar,13:36
98104,GTB Nagar,13:44
98106,GTB Nagar,13:51
98908,Goregaon,12:14
98740,Goregaon,12:27
98742,Goregaon,12:53
98744,Goregaon,13:15
98908,Ramnagar,12:18
98740,Ramnagar,12:31
98742,Ramnagar,12:57
98744,Ramnagar,13:19
98908,Jogeshwari,12:21
98740,Jogeshwari,12:34
98742,Jogeshwari,13:00
98744,Jogeshwari,13:22
98908,Andheri,12:25
98740,Andheri,12:38
98742,Andheri,13:04
98744,Andheri,13:26
98908,Vileparle,12:30
98740,Vileparle,12:42
98742,Vileparle,13:08
98744,Vileparle,13:30
98908,Santacruz,12:33
98740,Santacruz,12:45
98742,Santacruz,13:11
98744,Santacruz,13:33
98908,Khar Road,12:36
98740,Khar Road,12:48
98742,Khar Road,13:14
98744,Khar Road,13:36
98838,Bandra,12:37
98908,Bandra,12:41
98740,Bandra,12:52
98840,Bandra,12:58
98742,Bandra,13:18
98842,Bandra,13:24
98744,Bandra,13:40
98844,Bandra,13:51
98838,Mahim Jn,12:40
98908,Mahim Jn,12:45
98740,Mahim Jn,12:55
98840,Mahim Jn,13:02
98742,Mahim Jn,13:21
98842,Mahim Jn,13:28
98744,Mahim Jn,13:43
98844,Mahim Jn,13:55
98838,King's Circle,12:43
98908,King's Circle,12:48
98740,King's Circle,12:58
98840,King's Circle,13:05
98742,King's Circle,13:24
98842,King's Circle,13:32
98744,King's Circle,13:46
98844,King's Circle,13:58
98838,Vadala Road,12:49
98094,Vadala Road,12:53
98908,Vadala Road,12:55
98346,Vadala Road,12:57
98740,Vadala Road,13:04
98096,Vadala Road,13:04
98098,Vadala Road,13:08
98840,Vadala Road,13:12
98348,Vadala Road,13:16
98100,Vadala Road,13:25
98742,Vadala Road,13:30
98350,Vadala Road,13:34
98842,Vadala Road,13:38
98102,Vadala Road,13:42
98104,Vadala Road,13:50
98744,Vadala Road,13:51
98106,Vadala Road,13:57
98844,Vadala Road,14:04
98838,Sewri,12:52
98094,Sewri,12:56
98346,Sewri,13:00
98740,Sewri,13:07
98098,Sewri,13:11
98840,Sewri,13:15
98348,Sewri,13:19
98100,Sewri,13:28
98742,Sewri,13:33
98350,Sewri,13:37
98842,Sewri,13:41
98102,Sewri,13:45
98744,Sewri,13:54
98106,Sewri,14:00
98844,Sewri,14:07
98838,Cotton Green,12:55
98094,Cotton Green,12:59
98346,Cotton Green,13:03
98740,Cotton Green,13:10
98098,Cotton Green,13:14
98840,Cotton Green,13:18
98348,Cotton Green,13:22
98100,Cotton Green,13:31
98742,Cotton Green,13:36
98350,Cotton Green,13:40
98842,Cotton Green,13:44
98102,Cotton Green,13:48
98744,Cotton Green,13:57
98106,Cotton Green,14:03
98844,Cotton Green,14:10
98838,Reay Road,12:57
98094,Reay Road,13:01
98346,Reay Road,13:05
98740,Reay Road,13:12
98098,Reay Road,13:16
98840,Reay Road,13:20
98348,Reay Road,13:24
98100,Reay Road,13:33
98742,Reay Road,13:38
98350,Reay Road,13:42
98842,Reay Road,13:46
98102,Reay Road,13:50
98744,Reay Road,13:59
98106,Reay Road,14:05
98844,Reay Road,14:12
98838,Dockyard Road,13:00
98094,Dockyard Road,13:04
98346,Dockyard Road,13:08
98740,Dockyard Road,13:15
98098,Dockyard Road,13:19
98840,Dockyard Road,13:23
98348,Dockyard Road,13:27
98100,Dockyard Road,13:36
98742,Dockyard Road,13:41
98350,Dockyard Road,13:45
98842,Dockyard Road,13:49
98102,Dockyard Road,13:53
98744,Dockyard Road,14:02
98106,Dockyard Road,14:08
98844,Dockyard Road,14:15
98838,Sandhurst Road,13:02
98094,Sandhurst Road,13:06
98346,Sandhurst Road,13:10
98740,Sandhurst Road,13:17
98098,Sandhurst Road,13:21
98840,Sandhurst Road,13:25
98348,Sandhurst Road,13:29
98100,Sandhurst Road,13:38
98742,Sandhurst Road,13:43
98350,Sandhurst Road,13:47
98842,Sandhurst Road,13:51
98102,Sandhurst Road,13:55
98744,Sandhurst Road,14:04
98106,Sandhurst Road,14:10
98844,Sandhurst Road,14:17
98838,Masjid,13:04
98094,Masjid,13:08
98346,Masjid,13:12
98740,Masjid,13:19
98098,Masjid,13:23
98840,Masjid,13:27
98348,Masjid,13:31
98100,Masjid,13:40
98742,Masjid,13:45
98350,Masjid,13:49
98842,Masjid,13:53
98102,Masjid,13:57
98744,Masjid,14:06
98106,Masjid,14:12
98844,Masjid,14:19
98838,Mumbai CSMT,13:07
98094,Mumbai CSMT,13:11
98346,Mumbai CSMT,13:15
98740,Mumbai CSMT,13:22
98098,Mumbai CSMT,13:26
98840,Mumbai CSMT,13:30
98348,Mumbai CSMT,13:34
98100,Mumbai CSMT,13:43
98742,Mumbai CSMT,13:48
98350,Mumbai CSMT,13:52
98842,Mumbai CSMT,13:56
98102,Mumbai CSMT,14:00
98744,Mumbai CSMT,14:09
98106,Mumbai CSMT,14:16
98844,Mumbai CSMT,14:22
99036,Panvel,13:04
98108,Panvel,13:09
98110,Panvel,13:19
98112,Panvel,13:23
98114,Panvel,13:33
98116,Panvel,13:37
98118,Panvel,13:45
98120,Panvel,13:57
99038,Panvel,14:01
98122,Panvel,14:05
98124,Panvel,14:09
99036,Khandeshwar,13:09
98108,Khandeshwar,13:14
98110,Khandeshwar,13:24
98112,Khandeshwar,13:28
98114,Khandeshwar,13:38
98116,Khandeshwar,13:42
98118,Khandeshwar,13:50
98120,Khandeshwar,14:02
99038,Khandeshwar,14:06
98122,Khandeshwar,14:10
98124,Khandeshwar,14:14
99036,Mansarovar,13:12
98108,Mansarovar,13:17
98110,Mansarovar,13:27
98112,Mansarovar,13:31
98114,Mansarovar,13:41
98116,Mansarovar,13:45
98118,Mansarovar,13:53
98120,Mansarovar,14:05
99038,Mansarovar,14:09
98122,Mansarovar,14:13
98124,Mansarovar,14:17
99036,Kharghar,13:15
98108,Kharghar,13:20
98110,Kharghar,13:30
98112,Kharghar,13:34
98114,Kharghar,13:44
98116,Kharghar,13:48
98118,Kharghar,13:56
98120,Kharghar,14:08
99038,Kharghar,14:12
98122,Kharghar,14:16
98124,Kharghar,14:20
99036,Belapur CBD,13:19
98108,Belapur CBD,13:24
98110,Belapur CBD,13:34
98112,Belapur CBD,13:38
98352,Belapur CBD,13:41
98114,Belapur CBD,13:48
98116,Belapur CBD,13:52
98118,Belapur CBD,14:00
98354,Belapur CBD,14:04
98120,Belapur CBD,14:12
99038,Belapur CBD,14:16
98122,Belapur CBD,14:20
98124,Belapur CBD,14:24
99036,Seawood Darave Karave,13:23
98108,Seawood Darave Karave,13:28
98110,Seawood Darave Karave,13:38
98112,Seawood Darave Karave,13:42
98352,Seawood Darave Karave,13:46
98114,Seawood Darave Karave,13:52
98116,Seawood Darave Karave,13:56
98118,Seawood Darave Karave,14:04
98354,Seawood Darave Karave,14:08
98120,Seawood Darave Karave,14:16
99038,Seawood Darave Karave,14:20
98122,Seawood Darave Karave,14:24
98124,Seawood Darave Karave,14:28
99036,Nerul,13:27
98108,Nerul,13:31
98110,Nerul,13:41
98112,Nerul,13:45
98352,Nerul,13:49
98114,Nerul,13:55
98116,Nerul,13:59
98118,Nerul,14:07
98354,Nerul,14:11
98120,Nerul,14:19
99038,Nerul,14:24
98122,Nerul,14:27
98124,Nerul,14:31
98108,Juinagar,13:34
98110,Juinagar,13:44
98112,Juinagar,13:48
98352,Juinagar,13:52
98114,Juinagar,13:58
98116,Juinagar,14:02
98118,Juinagar,14:10
98354,Juinagar,14:14
98120,Juinagar,14:22
98122,Juinagar,14:30
98124,Juinagar,14:34
98108,Sanpada,13:37
98110,Sanpada,13:47
98112,Sanpada,13:51
98352,Sanpada,13:55
98114,Sanpada,14:01
98116,Sanpada,14:05
98118,Sanpada,14:13
98354,Sanpada,14:17
98120,Sanpada,14:25
98122,Sanpada,14:33
98124,Sanpada,14:37
98108,Vashi,13:39
98110,Vashi,13:49
98112,Vashi,13:53
98352,Vashi,13:57
98114,Vashi,14:03
98116,Vashi,14:07
98118,Vashi,14:15
98354,Vashi,14:19
98120,Vashi,14:27
98542,Vashi,14:31
98122,Vashi,14:35
98124,Vashi,14:39
98108,Mankhurd,13:47
98110,Mankhurd,13:57
98112,Mankhurd,14:01
98352,Mankhurd,14:05
98114,Mankhurd,14:11
98116,Mankhurd,14:15
98118,Mankhurd,14:23
98354,Mankhurd,14:27
98120,Mankhurd,14:35
98542,Mankhurd,14:39
98122,Mankhurd,14:43
98124,Mankhurd,14:47
98108,Govandi,13:50
98110,Govandi,14:00
98112,Govandi,14:04
98352,Govandi,14:08
98114,Govandi,14:14
98116,Govandi,14:18
98118,Govandi,14:26
98354,Govandi,14:30
98120,Govandi,14:38
98542,Govandi,14:42
98122,Govandi,14:46
98124,Govandi,14:50
98108,Chembur,13:52
98110,Chembur,14:02
98112,Chembur,14:06
98352,Chembur,14:10
98114,Chembur,14:16
98116,Chembur,14:20
98118,Chembur,14:28
98354,Chembur,14:32
98120,Chembur,14:40
98542,Chembur,14:44
98122,Chembur,14:48
98124,Chembur,14:52
98108,Tilaknagar,13:55
98110,Tilaknagar,14:05
98112,Tilaknagar,14:09
98352,Tilaknagar,14:13
98114,Tilaknagar,14:19
98116,Tilaknagar,14:23
98118,Tilaknagar,14:31
98354,Tilaknagar,14:35
98120,Tilaknagar,14:43
98542,Tilaknagar,14:47
98122,Tilaknagar,14:51
98124,Tilaknagar,14:55
98108,Kurla,13:58
98110,Kurla,14:08
98112,Kurla,14:12
98352,Kurla,14:16
98114,Kurla,14:22
98116,Kurla,14:26
98118,Kurla,14:34
98354,Kurla,14:38
98120,Kurla,14:46
98542,Kurla,14:50
98122,Kurla,14:54
98124,Kurla,14:58
98108,Chunabhatti,14:01
98110,Chunabhatti,14:11
98112,Chunabhatti,14:15
98352,Chunabhatti,14:19
98114,Chunabhatti,14:25
98116,Chunabhatti,14:29
98118,Chunabhatti,14:37
98354,Chunabhatti,14:41
98120,Chunabhatti,14:49
98542,Chunabhatti,14:53
98122,Chunabhatti,14:57
98124,Chunabhatti,15:01
98108,GTB Nagar,14:04
98110,GTB Nagar,14:14
98112,GTB Nagar,14:18
98352,GTB Nagar,14:22
98114,GTB Nagar,14:28
98116,GTB Nagar,14:32
98118,GTB Nagar,14:40
98354,GTB Nagar,14:44
98120,GTB Nagar,14:52
98542,GTB Nagar,14:56
98122,GTB Nagar,15:00
98124,GTB Nagar,15:04
91394,Goregaon,13:38
98746,Goregaon,14:05
98748,Goregaon,14:33
91394,Ramnagar,13:41
98746,Ramnagar,14:09
98748,Ramnagar,14:37
91394,Jogeshwari,13:44
98746,Jogeshwari,14:12
98748,Jogeshwari,14:40
91394,Andheri,13:48
98746,Andheri,14:16
98748,Andheri,14:44
91394,Vileparle,13:52
98746,Vileparle,14:20
98748,Vileparle,14:48
91394,Santacruz,13:55
98746,Santacruz,14:23
98748,Santacruz,14:51
91394,Khar Road,13:58
98746,Khar Road,14:26
98748,Khar Road,14:54
91394,Bandra,14:02
98846,Bandra,14:17
98746,Bandra,14:30
98848,Bandra,14:41
98748,Bandra,14:58
91394,Mahim Jn,14:05
98846,Mahim Jn,14:21
98746,Mahim Jn,14:33
98848,Mahim Jn,14:45
98748,Mahim Jn,15:01
91394,King's Circle,14:08
98846,King's Circle,14:24
98746,King's Circle,14:36
98848,King's Circle,14:48
98748,King's Circle,15:04
98108,Vadala Road,14:10
91394,Vadala Road,14:14
98110,Vadala Road,14:20
98112,Vadala Road,14:24
98352,Vadala Road,14:29
98846,Vadala Road,14:30
98114,Vadala Road,14:34
98116,Vadala Road,14:38
98746,Vadala Road,14:42
98118,Vadala Road,14:46
98354,Vadala Road,14:50
98848,Vadala Road,14:54
98120,Vadala Road,14:58
98542,Vadala Road,15:02
98122,Vadala Road,15:06
98124,Vadala Road,15:10
98748,Vadala Road,15:10
98108,Sewri,14:13
91394,Sewri,14:17
98110,Sewri,14:23
98112,Sewri,14:27
98846,Sewri,14:33
98114,Sewri,14:37
98116,Sewri,14:41
98746,Sewri,14:45
98118,Sewri,14:49
98354,Sewri,14:53
98848,Sewri,14:57
98120,Sewri,15:01
98542,Sewri,15:05
98122,Sewri,15:09
98748,Sewri,15:13
98108,Cotton Green,14:16
91394,Cotton Green,14:20
98110,Cotton Green,14:26
98112,Cotton Green,14:30
98846,Cotton Green,14:36
98114,Cotton Green,14:40
98116,Cotton Green,14:44
98746,Cotton Green,14:48
98118,Cotton Green,14:52
98354,Cotton Green,14:56
98848,Cotton Green,15:00
98120,Cotton Green,15:04
98542,Cotton Green,15:08
98122,Cotton Green,15:12
98748,Cotton Green,15:16
98108,Reay Road,14:18
91394,Reay Road,14:22
98110,Reay Road,14:28
98112,Reay Road,14:32
98846,Reay Road,14:38
98114,Reay Road,14:42
98116,Reay Road,14:46
98746,Reay Road,14:50
98118,Reay Road,14:54
98354,Reay Road,14:58
98848,Reay Road,15:02
98120,Reay Road,15:06
98542,Reay Road,15:10
98122,Reay Road,15:14
98748,Reay Road,15:18
98108,Dockyard Road,14:21
91394,Dockyard Road,14:25
98110,Dockyard Road,14:31
98112,Dockyard Road,14:35
98846,Dockyard Road,14:41
98114,Dockyard Road,14:45
98116,Dockyard Road,14:49
98746,Dockyard Road,14:53
98118,Dockyard Road,14:57
98354,Dockyard Road,15:01
98848,Dockyard Road,15:05
98120,Dockyard Road,15:09
98542,Dockyard Road,15:13
98122,Dockyard Road,15:17
98748,Dockyard Road,15:21
98108,Sandhurst Road,14:23
91394,Sandhurst Road,14:27
98110,Sandhurst Road,14:33
98112,Sandhurst Road,14:37
98846,Sandhurst Road,14:43
98114,Sandhurst Road,14:47
98116,Sandhurst Road,14:51
98746,Sandhurst Road,14:55
98118,Sandhurst Road,14:59
98354,Sandhurst Road,15:03
98848,Sandhurst Road,15:07
98120,Sandhurst Road,15:11
98542,Sandhurst Road,15:15
98122,Sandhurst Road,15:19
98748,Sandhurst Road,15:23
98108,Masjid,14:25
91394,Masjid,14:29
98110,Masjid,14:35
98112,Masjid,14:39
98846,Masjid,14:45
98114,Masjid,14:49
98116,Masjid,14:53
98746,Masjid,14:57
98118,Masjid,15:01
98354,Masjid,15:05
98848,Masjid,15:09
98120,Masjid,15:13
98542,Masjid,15:17
98122,Masjid,15:21
98748,Masjid,15:25
98108,Mumbai CSMT,14:28
91394,Mumbai CSMT,14:32
98110,Mumbai CSMT,14:38
98112,Mumbai CSMT,14:43
98846,Mumbai CSMT,14:48
98114,Mumbai CSMT,14:52
98116,Mumbai CSMT,14:56
98746,Mumbai CSMT,15:00
98118,Mumbai CSMT,15:04
98354,Mumbai CSMT,15:08
98848,Mumbai CSMT,15:12
98120,Mumbai CSMT,15:16
98542,Mumbai CSMT,15:20
98122,Mumbai CSMT,15:24
98748,Mumbai CSMT,15:28
98126,Panvel,14:20
99040,Panvel,14:24
98128,Panvel,14:31
98130,Panvel,14:35
98132,Panvel,14:41
98134,Panvel,14:45
98136,Panvel,14:56
98138,Panvel,15:00
99042,Panvel,15:04
98140,Panvel,15:08
98142,Panvel,15:16
98144,Panvel,15:20
98126,Khandeshwar,14:25
99040,Khandeshwar,14:29
98128,Khandeshwar,14:36
98130,Khandeshwar,14:40
98132,Khandeshwar,14:46
98134,Khandeshwar,14:50
98136,Khandeshwar,15:01
98138,Khandeshwar,15:05
99042,Khandeshwar,15:09
98140,Khandeshwar,15:13
98142,Khandeshwar,15:21
98144,Khandeshwar,15:25
98126,Mansarovar,14:28
99040,Mansarovar,14:32
98128,Mansarovar,14:39
98130,Mansarovar,14:43
98132,Mansarovar,14:49
98134,Mansarovar,14:53
98136,Mansarovar,15:04
98138,Mansarovar,15:08
99042,Mansarovar,15:12
98140,Mansarovar,15:16
98142,Mansarovar,15:24
98144,Mansarovar,15:28
98126,Kharghar,14:31
99040,Kharghar,14:35
98128,Kharghar,14:42
98130,Kharghar,14:46
98132,Kharghar,14:52
98134,Kharghar,14:56
98136,Kharghar,15:07
98138,Kharghar,15:11
99042,Kharghar,15:15
98140,Kharghar,15:19
98142,Kharghar,15:27
98144,Kharghar,15:31
98356,Belapur CBD,14:28
98126,Belapur CBD,14:35
99040,Belapur CBD,14:39
98128,Belapur CBD,14:46
98130,Belapur CBD,14:50
98132,Belapur CBD,14:56
98134,Belapur CBD,15:00
98136,Belapur CBD,15:11
98138,Belapur CBD,15:15
99042,Belapur CBD,15:19
98140,Belapur CBD,15:23
98142,Belapur CBD,15:31
98144,Belapur CBD,15:35
98356,Seawood Darave Karave,14:32
98126,Seawood Darave Karave,14:39
99040,Seawood Darave Karave,14:43
98128,Seawood Darave Karave,14:50
98130,Seawood Darave Karave,14:54
98132,Seawood Darave Karave,15:00
98134,Seawood Darave Karave,15:04
98136,Seawood Darave Karave,15:15
98138,Seawood Darave Karave,15:19
99042,Seawood Darave Karave,15:23
98140,Seawood Darave Karave,15:27
98142,Seawood Darave Karave,15:35
98144,Seawood Darave Karave,15:39
98356,Nerul,14:35
98126,Nerul,14:42
99040,Nerul,14:47
98128,Nerul,14:53
98130,Nerul,14:57
98132,Nerul,15:03
98134,Nerul,15:07
98136,Nerul,15:18
98138,Nerul,15:22
99042,Nerul,15:27
98140,Nerul,15:30
98142,Nerul,15:38
98144,Nerul,15:42
98356,Juinagar,14:38
98126,Juinagar,14:45
98128,Juinagar,14:56
98130,Juinagar,15:00
98132,Juinagar,15:06
98134,Juinagar,15:10
98136,Juinagar,15:21
98138,Juinagar,15:25
98140,Juinagar,15:33
98142,Juinagar,15:41
98144,Juinagar,15:45
98356,Sanpada,14:41
98126,Sanpada,14:48
98128,Sanpada,14:59
98130,Sanpada,15:03
98132,Sanpada,15:09
98134,Sanpada,15:13
98136,Sanpada,15:24
98138,Sanpada,15:28
98140,Sanpada,15:36
98142,Sanpada,15:44
98144,Sanpada,15:48
98356,Vashi,14:43
98126,Vashi,14:50
98128,Vashi,15:01
98130,Vashi,15:05
98132,Vashi,15:11
98134,Vashi,15:15
98544,Vashi,15:19
98136,Vashi,15:26
98138,Vashi,15:30
98546,Vashi,15:33
98140,Vashi,15:38
98142,Vashi,15:46
98144,Vashi,15:50
98356,Mankhurd,14:51
98126,Mankhurd,14:58
98128,Mankhurd,15:09
98130,Mankhurd,15:13
98132,Mankhurd,15:19
98134,Mankhurd,15:23
98544,Mankhurd,15:27
98136,Mankhurd,15:34
98138,Mankhurd,15:38
98546,Mankhurd,15:41
98140,Mankhurd,15:46
98142,Mankhurd,15:54
98144,Mankhurd,15:58
98356,Govandi,14:54
98126,Govandi,15:01
98128,Govandi,15:12
98130,Govandi,15:16
98132,Govandi,15:22
98134,Govandi,15:26
98544,Govandi,15:30
98136,Govandi,15:37
98138,Govandi,15:41
98546,Govandi,15:44
98140,Govandi,15:49
98142,Govandi,15:57
98144,Govandi,16:01
98356,Chembur,14:56
98126,Chembur,15:03
98128,Chembur,15:14
98130,Chembur,15:18
98132,Chembur,15:24
98134,Chembur,15:28
98544,Chembur,15:32
98136,Chembur,15:39
98138,Chembur,15:43
98546,Chembur,15:46
98140,Chembur,15:51
98142,Chembur,15:59
98144,Chembur,16:03
98356,Tilaknagar,14:59
98126,Tilaknagar,15:06
98128,Tilaknagar,15:17
98130,Tilaknagar,15:21
98132,Tilaknagar,15:27
98134,Tilaknagar,15:31
98544,Tilaknagar,15:35
98136,Tilaknagar,15:42
98138,Tilaknagar,15:46
98546,Tilaknagar,15:49
98140,Tilaknagar,15:54
98142,Tilaknagar,16:02
98144,Tilaknagar,16:06
98356,Kurla,15:02
98126,Kurla,15:09
98128,Kurla,15:20
98130,Kurla,15:24
98132,Kurla,15:30
98134,Kurla,15:34
98544,Kurla,15:38
98136,Kurla,15:45
98138,Kurla,15:49
98546,Kurla,15:52
98140,Kurla,15:57
98142,Kurla,16:05
98144,Kurla,16:09
98356,Chunabhatti,15:05
98126,Chunabhatti,15:12
98128,Chunabhatti,15:23
98130,Chunabhatti,15:27
98132,Chunabhatti,15:33
98134,Chunabhatti,15:37
98544,Chunabhatti,15:41
98136,Chunabhatti,15:48
98138,Chunabhatti,15:52
98546,Chunabhatti,15:55
98140,Chunabhatti,16:00
98142,Chunabhatti,16:08
98144,Chunabhatti,16:12
98356,GTB Nagar,15:08
98126,GTB Nagar,15:15
98128,GTB Nagar,15:26
98130,GTB Nagar,15:30
98132,GTB Nagar,15:36
98134,GTB Nagar,15:40
98544,GTB Nagar,15:44
98136,GTB Nagar,15:51
98138,GTB Nagar,15:55
98546,GTB Nagar,15:58
98140,GTB Nagar,16:03
98142,GTB Nagar,16:11
98144,GTB Nagar,16:15
98750,Goregaon,14:59
98752,Goregaon,15:35
98750,Ramnagar,15:03
98752,Ramnagar,15:39
98750,Jogeshwari,15:06
98752,Jogeshwari,15:42
98750,Andheri,15:10
98752,Andheri,15:46
98750,Vileparle,15:14
98752,Vileparle,15:50
98750,Santacruz,15:17
98752,Santacruz,15:53
98750,Khar Road,15:20
98752,Khar Road,15:56
98850,Bandra,15:05
98750,Bandra,15:24
98852,Bandra,15:41
98752,Bandra,16:00
98850,Mahim Jn,15:09
98750,Mahim Jn,15:27
98852,Mahim Jn,15:45
98752,Mahim Jn,16:03
98850,King's Circle,15:12
98750,King's Circle,15:30
98852,King's Circle,15:48
98752,King's Circle,16:06
98356,Vadala Road,15:14
98850,Vadala Road,15:18
98126,Vadala Road,15:22
98128,Vadala Road,15:32
98750,Vadala Road,15:36
98130,Vadala Road,15:36
98132,Vadala Road,15:42
98134,Vadala Road,15:46
98544,Vadala Road,15:50
98852,Vadala Road,15:54
98136,Vadala Road,15:57
98138,Vadala Road,16:01
98546,Vadala Road,16:04
98140,Vadala Road,16:09
98752,Vadala Road,16:12
98142,Vadala Road,16:17
98144,Vadala Road,16:21
98356,Sewri,15:17
98850,Sewri,15:21
98126,Sewri,15:25
98128,Sewri,15:35
98750,Sewri,15:39
98132,Sewri,15:45
98134,Sewri,15:49
98544,Sewri,15:53
98852,Sewri,15:57
98136,Sewri,16:00
98546,Sewri,16:07
98140,Sewri,16:12
98752,Sewri,16:15
98142,Sewri,16:20
98144,Sewri,16:24
98356,Cotton Green,15:20
98850,Cotton Green,15:24
98126,Cotton Green,15:28
98128,Cotton Green,15:38
98750,Cotton Green,15:42
98132,Cotton Green,15:48
98134,Cotton Green,15:52
98544,Cotton Green,15:56
98852,Cotton Green,16:00
98136,Cotton Green,16:03
98546,Cotton Green,16:10
98140,Cotton Green,16:15
98752,Cotton Green,16:18
98142,Cotton Green,16:23
98144,Cotton Green,16:27
98356,Reay Road,15:22
98850,Reay Road,15:26
98126,Reay Road,15:30
98128,Reay Road,15:40
98750,Reay Road,15:44
98132,Reay Road,15:50
98134,Reay Road,15:54
98544,Reay Road,15:58
98852,Reay Road,16:02
98136,Reay Road,16:05
98546,Reay Road,16:12
98140,Reay Road,16:17
98752,Reay Road,16:20
98142,Reay Road,16:25
98144,Reay Road,16:29
98356,Dockyard Road,15:25
98850,Dockyard Road,15:29
98126,Dockyard Road,15:33
98128,Dockyard Road,15:43
98750,Dockyard Road,15:47
98132,Dockyard Road,15:53
98134,Dockyard Road,15:57
98544,Dockyard Road,16:01
98852,Dockyard Road,16:05
98136,Dockyard Road,16:08
98546,Dockyard Road,16:15
98140,Dockyard Road,16:20
98752,Dockyard Road,16:23
98142,Dockyard Road,16:28
98144,Dockyard Road,16:32
98356,Sandhurst Road,15:27
98850,Sandhurst Road,15:31
98126,Sandhurst Road,15:35
98128,Sandhurst Road,15:45
98750,Sandhurst Road,15:49
98132,Sandhurst Road,15:55
98134,Sandhurst Road,15:59
98544,Sandhurst Road,16:03
98852,Sandhurst Road,16:07
98136,Sandhurst Road,16:10
98546,Sandhurst Road,16:17
98140,Sandhurst Road,16:22
98752,Sandhurst Road,16:25
98142,Sandhurst Road,16:30
98144,Sandhurst Road,16:34
98356,Masjid,15:29
98850,Masjid,15:33
98126,Masjid,15:37
98128,Masjid,15:47
98750,Masjid,15:51
98132,Masjid,15:57
98134,Masjid,16:01
98544,Masjid,16:05
98852,Masjid,16:09
98136,Masjid,16:12
98546,Masjid,16:19
98140,Masjid,16:24
98752,Masjid,16:27
98142,Masjid,16:32
98144,Masjid,16:36
98356,Mumbai CSMT,15:32
98850,Mumbai CSMT,15:36
98126,Mumbai CSMT,15:40
98128,Mumbai CSMT,15:50
98750,Mumbai CSMT,15:54
98132,Mumbai CSMT,16:00
98134,Mumbai CSMT,16:04
98544,Mumbai CSMT,16:08
98852,Mumbai CSMT,16:12
98136,Mumbai CSMT,16:16
98546,Mumbai CSMT,16:22
98140,Mumbai CSMT,16:27
98752,Mumbai CSMT,16:30
98142,Mumbai CSMT,16:35
98144,Mumbai CSMT,16:39
98146,Panvel,15:28
99044,Panvel,15:36
98148,Panvel,15:45
98150,Panvel,15:49
99046,Panvel,15:53
98152,Panvel,16:01
98154,Panvel,16:10
99048,Panvel,16:14
98146,Khandeshwar,15:33
99044,Khandeshwar,15:41
98148,Khandeshwar,15:50
98150,Khandeshwar,15:54
99046,Khandeshwar,15:58
98152,Khandeshwar,16:06
98154,Khandeshwar,16:15
99048,Khandeshwar,16:19
98146,Mansarovar,15:36
99044,Mansarovar,15:44
98148,Mansarovar,15:53
98150,Mansarovar,15:57
99046,Mansarovar,16:01
98152,Mansarovar,16:09
98154,Mansarovar,16:18
99048,Mansarovar,16:22
98146,Kharghar,15:39
99044,Kharghar,15:47
98148,Kharghar,15:56
98150,Kharghar,16:00
99046,Kharghar,16:04
98152,Kharghar,16:12
98154,Kharghar,16:21
99048,Kharghar,16:25
98146,Belapur CBD,15:43
98358,Belapur CBD,15:47
99044,Belapur CBD,15:51
98148,Belapur CBD,16:00
98150,Belapur CBD,16:04
99046,Belapur CBD,16:08
98360,Belapur CBD,16:12
98152,Belapur CBD,16:16
98154,Belapur CBD,16:25
99048,Belapur CBD,16:29
98146,Seawood Darave Karave,15:47
98358,Seawood Darave Karave,15:51
99044,Seawood Darave Karave,15:55
98148,Seawood Darave Karave,16:04
98150,Seawood Darave Karave,16:08
99046,Seawood Darave Karave,16:12
98360,Seawood Darave Karave,16:16
98152,Seawood Darave Karave,16:20
98154,Seawood Darave Karave,16:29
99048,Seawood Darave Karave,16:33
98146,Nerul,15:50
98358,Nerul,15:54
99044,Nerul,15:59
98148,Nerul,16:07
98150,Nerul,16:11
99046,Nerul,16:16
98360,Nerul,16:19
98152,Nerul,16:23
98154,Nerul,16:32
99048,Nerul,16:37
98146,Juinagar,15:53
98358,Juinagar,15:57
98148,Juinagar,16:10
98150,Juinagar,16:14
98360,Juinagar,16:22
98152,Juinagar,16:26
98154,Juinagar,16:35
98146,Sanpada,15:56
98358,Sanpada,16:00
98148,Sanpada,16:13
98150,Sanpada,16:17
98360,Sanpada,16:25
98152,Sanpada,16:29
98154,Sanpada,16:38
98548,Vashi,15:54
98146,Vashi,15:58
98358,Vashi,16:02
98550,Vashi,16:11
98148,Vashi,16:15
98150,Vashi,16:19
98552,Vashi,16:23
98360,Vashi,16:27
98152,Vashi,16:31
98554,Vashi,16:35
98154,Vashi,16:40
98556,Vashi,16:44
98548,Mankhurd,16:02
98146,Mankhurd,16:06
98358,Mankhurd,16:10
98550,Mankhurd,16:19
98148,Mankhurd,16:23
98150,Mankhurd,16:27
98552,Mankhurd,16:31
98360,Mankhurd,16:35
98152,Mankhurd,16:39
98554,Mankhurd,16:43
98154,Mankhurd,16:48
98556,Mankhurd,16:52
98548,Govandi,16:05
98146,Govandi,16:09
98358,Govandi,16:13
98550,Govandi,16:22
98148,Govandi,16:26
98150,Govandi,16:30
98552,Govandi,16:34
98360,Govandi,16:38
98152,Govandi,16:42
98554,Govandi,16:46
98154,Govandi,16:51
98556,Govandi,16:55
98548,Chembur,16:07
98146,Chembur,16:11
98358,Chembur,16:15
98550,Chembur,16:24
98148,Chembur,16:28
98150,Chembur,16:32
98552,Chembur,16:36
98360,Chembur,16:40
98152,Chembur,16:44
98554,Chembur,16:48
98154,Chembur,16:53
98556,Chembur,16:57
98548,Tilaknagar,16:10
98146,Tilaknagar,16:14
98358,Tilaknagar,16:18
98550,Tilaknagar,16:27
98148,Tilaknagar,16:31
98150,Tilaknagar,16:35
98552,Tilaknagar,16:39
98360,Tilaknagar,16:43
98152,Tilaknagar,16:47
98554,Tilaknagar,16:51
98154,Tilaknagar,16:56
98556,Tilaknagar,17:00
98548,Kurla,16:13
98146,Kurla,16:17
98358,Kurla,16:21
98550,Kurla,16:30
98148,Kurla,16:34
98150,Kurla,16:38
98552,Kurla,16:42
98360,Kurla,16:46
98152,Kurla,16:50
98554,Kurla,16:54
98154,Kurla,16:59
98556,Kurla,17:03
98548,Chunabhatti,16:16
98146,Chunabhatti,16:20
98358,Chunabhatti,16:24
98550,Chunabhatti,16:33
98148,Chunabhatti,16:37
98150,Chunabhatti,16:41
98552,Chunabhatti,16:45
98360,Chunabhatti,16:49
98152,Chunabhatti,16:53
98554,Chunabhatti,16:57
98154,Chunabhatti,17:02
98556,Chunabhatti,17:06
98548,GTB Nagar,16:19
98146,GTB Nagar,16:23
98358,GTB Nagar,16:27
98550,GTB Nagar,16:36
98148,GTB Nagar,16:40
98150,GTB Nagar,16:44
98552,GTB Nagar,16:48
98360,GTB Nagar,16:52
98152,GTB Nagar,16:56
98554,GTB Nagar,17:00
98154,GTB Nagar,17:05
98556,GTB Nagar,17:09
98754,Goregaon,16:01
98756,Goregaon,16:29
98754,Ramnagar,16:05
98756,Ramnagar,16:33
98754,Jogeshwari,16:08
98756,Jogeshwari,16:36
98754,Andheri,16:12
98756,Andheri,16:40
98754,Vileparle,16:16
98756,Vileparle,16:44
98754,Santacruz,16:19
98756,Santacruz,16:47
98754,Khar Road,16:22
98756,Khar Road,16:50
98854,Bandra,16:12
98754,Bandra,16:26
98856,Bandra,16:41
98756,Bandra,16:54
98854,Mahim Jn,16:16
98754,Mahim Jn,16:29
98856,Mahim Jn,16:45
98756,Mahim Jn,16:57
98854,King's Circle,16:19
98754,King's Circle,16:32
98856,King's Circle,16:48
98756,King's Circle,17:00
98548,Vadala Road,16:26
98854,Vadala Road,16:25
98146,Vadala Road,16:29
98358,Vadala Road,16:33
98754,Vadala Road,16:38
98550,Vadala Road,16:42
98148,Vadala Road,16:46
98150,Vadala Road,16:50
98552,Vadala Road,16:54
98856,Vadala Road,16:54
98360,Vadala Road,16:58
98152,Vadala Road,17:02
98554,Vadala Road,17:06
98756,Vadala Road,17:06
98154,Vadala Road,17:11
98556,Vadala Road,17:15
98854,Sewri,16:28
98146,Sewri,16:32
98358,Sewri,16:36
98754,Sewri,16:41
98550,Sewri,16:45
98148,Sewri,16:49
98150,Sewri,16:53
98856,Sewri,16:57
98360,Sewri,17:01
98152,Sewri,17:05
98756,Sewri,17:09
98154,Sewri,17:14
98556,Sewri,17:18
98854,Cotton Green,16:31
98146,Cotton Green,16:35
98358,Cotton Green,16:39
98754,Cotton Green,16:44
98550,Cotton Green,16:48
98148,Cotton Green,16:52
98150,Cotton Green,16:56
98856,Cotton Green,17:00
98360,Cotton Green,17:04
98152,Cotton Green,17:08
98756,Cotton Green,17:12
98154,Cotton Green,17:17
98556,Cotton Green,17:21
98854,Reay Road,16:33
98146,Reay Road,16:37
98358,Reay Road,16:41
98754,Reay Road,16:46
98550,Reay Road,16:50
98148,Reay Road,16:54
98150,Reay Road,16:58
98856,Reay Road,17:02
98360,Reay Road,17:06
98152,Reay Road,17:10
98756,Reay Road,17:14
98154,Reay Road,17:19
98556,Reay Road,17:23
98854,Dockyard Road,16:36
98146,Dockyard Road,16:40
98358,Dockyard Road,16:44
98754,Dockyard Road,16:49
98550,Dockyard Road,16:53
98148,Dockyard Road,16:57
98150,Dockyard Road,17:01
98856,Dockyard Road,17:05
98360,Dockyard Road,17:09
98152,Dockyard Road,17:13
98756,Dockyard Road,17:17
98154,Dockyard Road,17:22
98556,Dockyard Road,17:26
98854,Sandhurst Road,16:38
98146,Sandhurst Road,16:42
98358,Sandhurst Road,16:46
98754,Sandhurst Road,16:51
98550,Sandhurst Road,16:55
98148,Sandhurst Road,16:59
98150,Sandhurst Road,17:03
98856,Sandhurst Road,17:07
98360,Sandhurst Road,17:11
98152,Sandhurst Road,17:15
98756,Sandhurst Road,17:19
98154,Sandhurst Road,17:24
98556,Sandhurst Road,17:28
98854,Masjid,16:40
98146,Masjid,16:44
98358,Masjid,16:48
98754,Masjid,16:53
98550,Masjid,16:57
98148,Masjid,17:01
98150,Masjid,17:05
98856,Masjid,17:09
98360,Masjid,17:13
98152,Masjid,17:17
98756,Masjid,17:21
98154,Masjid,17:26
98556,Masjid,17:30
98854,Mumbai CSMT,16:43
98146,Mumbai CSMT,16:47
98358,Mumbai CSMT,16:51
98754,Mumbai CSMT,16:56
98550,Mumbai CSMT,17:00
98148,Mumbai CSMT,17:04
98150,Mumbai CSMT,17:08
98856,Mumbai CSMT,17:12
98360,Mumbai CSMT,17:16
98152,Mumbai CSMT,17:20
98756,Mumbai CSMT,17:24
98154,Mumbai CSMT,17:30
98556,Mumbai CSMT,17:33
98156,Panvel,16:22
99050,Panvel,16:26
98158,Panvel,16:30
98909,Panvel,16:34
98160,Panvel,16:38
98162,Panvel,16:45
98164,Panvel,16:53
98911,Panvel,17:01
98166,Panvel,17:07
99052,Panvel,17:12
98156,Khandeshwar,16:27
99050,Khandeshwar,16:31
98158,Khandeshwar,16:35
98909,Khandeshwar,16:39
98160,Khandeshwar,16:43
98162,Khandeshwar,16:50
98164,Khandeshwar,16:58
98911,Khandeshwar,17:06
98166,Khandeshwar,17:12
99052,Khandeshwar,17:17
98156,Mansarovar,16:30
99050,Mansarovar,16:34
98158,Mansarovar,16:38
98909,Mansarovar,16:42
98160,Mansarovar,16:46
98162,Mansarovar,16:53
98164,Mansarovar,17:01
98911,Mansarovar,17:09
98166,Mansarovar,17:15
99052,Mansarovar,17:20
98156,Kharghar,16:33
99050,Kharghar,16:37
98158,Kharghar,16:41
98909,Kharghar,16:45
98160,Kharghar,16:49
98162,Kharghar,16:56
98164,Kharghar,17:04
98911,Kharghar,17:12
98166,Kharghar,17:18
99052,Kharghar,17:23
98362,Belapur CBD,16:33
98156,Belapur CBD,16:37
99050,Belapur CBD,16:41
98158,Belapur CBD,16:45
98909,Belapur CBD,16:49
98160,Belapur CBD,16:53
98162,Belapur CBD,17:00
98364,Belapur CBD,17:04
98164,Belapur CBD,17:08
98911,Belapur CBD,17:16
98166,Belapur CBD,17:22
99052,Belapur CBD,17:27
98362,Seawood Darave Karave,16:37
98156,Seawood Darave Karave,16:41
99050,Seawood Darave Karave,16:45
98158,Seawood Darave Karave,16:49
98909,Seawood Darave Karave,16:53
98160,Seawood Darave Karave,16:57
98162,Seawood Darave Karave,17:04
98364,Seawood Darave Karave,17:08
98164,Seawood Darave Karave,17:12
98911,Seawood Darave Karave,17:20
98166,Seawood Darave Karave,17:26
99052,Seawood Darave Karave,17:31
98362,Nerul,16:40
98156,Nerul,16:44
99050,Nerul,16:49
98158,Nerul,16:52
98909,Nerul,16:56
98160,Nerul,17:00
98162,Nerul,17:07
98364,Nerul,17:11
98164,Nerul,17:15
98911,Nerul,17:23
98166,Nerul,17:29
99052,Nerul,17:35
98362,Juinagar,16:43
98156,Juinagar,16:47
98158,Juinagar,16:55
98909,Juinagar,16:59
98160,Juinagar,17:03
98162,Juinagar,17:10
98364,Juinagar,17:14
98164,Juinagar,17:18
98911,Juinagar,17:26
98166,Juinagar,17:32
98362,Sanpada,16:46
98156,Sanpada,16:50
98158,Sanpada,16:58
98909,Sanpada,17:02
98160,Sanpada,17:06
98162,Sanpada,17:13
98364,Sanpada,17:17
98164,Sanpada,17:21
98911,Sanpada,17:29
98166,Sanpada,17:35
98362,Vashi,16:48
98156,Vashi,16:52
98558,Vashi,16:55
98158,Vashi,17:00
98909,Vashi,17:04
98160,Vashi,17:08
98560,Vashi,17:12
98162,Vashi,17:15
98364,Vashi,17:19
98164,Vashi,17:23
98562,Vashi,17:27
98911,Vashi,17:31
98166,Vashi,17:37
98362,Mankhurd,16:56
98156,Mankhurd,17:00
98558,Mankhurd,17:03
98158,Mankhurd,17:08
98909,Mankhurd,17:12
98160,Mankhurd,17:16
98560,Mankhurd,17:20
98162,Mankhurd,17:23
98364,Mankhurd,17:27
98164,Mankhurd,17:31
98562,Mankhurd,17:35
98911,Mankhurd,17:39
98166,Mankhurd,17:45
98362,Govandi,16:59
98156,Govandi,17:03
98558,Govandi,17:06
98158,Govandi,17:11
98909,Govandi,17:15
98160,Govandi,17:19
98560,Govandi,17:23
98162,Govandi,17:26
98364,Govandi,17:30
98164,Govandi,17:34
98562,Govandi,17:38
98911,Govandi,17:42
98166,Govandi,17:48
98362,Chembur,17:01
98156,Chembur,17:05
98558,Chembur,17:08
98158,Chembur,17:13
98909,Chembur,17:17
98160,Chembur,17:21
98560,Chembur,17:25
98162,Chembur,17:28
98364,Chembur,17:32
98164,Chembur,17:36
98562,Chembur,17:40
98911,Chembur,17:44
98166,Chembur,17:50
98362,Tilaknagar,17:04
98156,Tilaknagar,17:08
98558,Tilaknagar,17:11
98158,Tilaknagar,17:16
98909,Tilaknagar,17:20
98160,Tilaknagar,17:24
98560,Tilaknagar,17:28
98162,Tilaknagar,17:31
98364,Tilaknagar,17:35
98164,Tilaknagar,17:39
98562,Tilaknagar,17:43
98911,Tilaknagar,17:47
98166,Tilaknagar,17:53
98362,Kurla,17:07
98156,Kurla,17:11
98558,Kurla,17:14
98158,Kurla,17:19
98909,Kurla,17:23
98160,Kurla,17:27
98560,Kurla,17:31
98162,Kurla,17:34
98364,Kurla,17:38
98164,Kurla,17:42
98562,Kurla,17:46
98911,Kurla,17:50
98166,Kurla,17:56
98362,Chunabhatti,17:10
98156,Chunabhatti,17:14
98558,Chunabhatti,17:17
98158,Chunabhatti,17:22
98909,Chunabhatti,17:26
98160,Chunabhatti,17:30
98560,Chunabhatti,17:34
98162,Chunabhatti,17:37
98364,Chunabhatti,17:41
98164,Chunabhatti,17:45
98562,Chunabhatti,17:49
98911,Chunabhatti,17:53
98166,Chunabhatti,17:59
98362,GTB Nagar,17:13
98156,GTB Nagar,17:17
98558,GTB Nagar,17:20
98158,GTB Nagar,17:25
98909,GTB Nagar,17:29
98160,GTB Nagar,17:33
98560,GTB Nagar,17:37
98162,GTB Nagar,17:40
98364,GTB Nagar,17:44
98164,GTB Nagar,17:48
98562,GTB Nagar,17:52
98911,GTB Nagar,17:56
98166,GTB Nagar,18:02
98758,Goregaon,16:58
98760,Goregaon,17:25
98758,Ramnagar,17:02
98760,Ramnagar,17:29
98758,Jogeshwari,17:05
98760,Jogeshwari,17:32
98758,Andheri,17:09
98760,Andheri,17:36
98758,Vileparle,17:13
98760,Vileparle,17:40
98758,Santacruz,17:16
98760,Santacruz,17:43
98758,Khar Road,17:19
98760,Khar Road,17:46
98858,Bandra,17:13
98758,Bandra,17:23
98860,Bandra,17:33
98760,Bandra,17:50
98858,Mahim Jn,17:17
98758,Mahim Jn,17:26
98860,Mahim Jn,17:37
98760,Mahim Jn,17:53
98858,King's Circle,17:20
98758,King's Circle,17:29
98860,King's Circle,17:40
98760,King's Circle,17:56
98362,Vadala Road,17:19
98156,Vadala Road,17:23
98858,Vadala Road,17:26
98558,Vadala Road,17:26
98158,Vadala Road,17:31
98758,Vadala Road,17:35
98909,Vadala Road,17:36
98160,Vadala Road,17:39
98560,Vadala Road,17:43
98860,Vadala Road,17:46
98162,Vadala Road,17:46
98364,Vadala Road,17:50
98164,Vadala Road,17:54
98562,Vadala Road,17:58
98911,Vadala Road,18:02
98760,Vadala Road,18:02
98166,Vadala Road,18:08
98362,Sewri,17:22
98156,Sewri,17:26
98858,Sewri,17:29
98158,Sewri,17:34
98758,Sewri,17:38
98160,Sewri,17:42
98560,Sewri,17:46
98860,Sewri,17:49
98364,Sewri,17:53
98164,Sewri,17:57
98562,Sewri,18:01
98760,Sewri,18:05
98166,Sewri,18:11
98362,Cotton Green,17:25
98156,Cotton Green,17:29
98858,Cotton Green,17:32
98158,Cotton Green,17:37
98758,Cotton Green,17:41
98160,Cotton Green,17:45
98560,Cotton Green,17:49
98860,Cotton Green,17:52
98364,Cotton Green,17:56
98164,Cotton Green,18:00
98562,Cotton Green,18:04
98760,Cotton Green,18:08
98166,Cotton Green,18:14
98362,Reay Road,17:27
98156,Reay Road,17:31
98858,Reay Road,17:34
98158,Reay Road,17:39
98758,Reay Road,17:43
98160,Reay Road,17:47
98560,Reay Road,17:51
98860,Reay Road,17:54
98364,Reay Road,17:58
98164,Reay Road,18:02
98562,Reay Road,18:06
98760,Reay Road,18:10
98166,Reay Road,18:16
98362,Dockyard Road,17:30
98156,Dockyard Road,17:34
98858,Dockyard Road,17:37
98158,Dockyard Road,17:42
98758,Dockyard Road,17:46
98160,Dockyard Road,17:50
98560,Dockyard Road,17:54
98860,Dockyard Road,17:57
98364,Dockyard Road,18:01
98164,Dockyard Road,18:05
98562,Dockyard Road,18:09
98760,Dockyard Road,18:13
98166,Dockyard Road,18:19
98362,Sandhurst Road,17:32
98156,Sandhurst Road,17:36
98858,Sandhurst Road,17:39
98158,Sandhurst Road,17:44
98758,Sandhurst Road,17:48
98160,Sandhurst Road,17:52
98560,Sandhurst Road,17:56
98860,Sandhurst Road,17:59
98364,Sandhurst Road,18:03
98164,Sandhurst Road,18:07
98562,Sandhurst Road,18:11
98760,Sandhurst Road,18:15
98166,Sandhurst Road,18:21
98362,Masjid,17:34
98156,Masjid,17:38
98858,Masjid,17:41
98158,Masjid,17:46
98758,Masjid,17:50
98160,Masjid,17:54
98560,Masjid,17:58
98860,Masjid,18:01
98364,Masjid,18:05
98164,Masjid,18:09
98562,Masjid,18:13
98760,Masjid,18:17
98166,Masjid,18:23
98362,Mumbai CSMT,17:37
98156,Mumbai CSMT,17:41
98858,Mumbai CSMT,17:44
98158,Mumbai CSMT,17:49
98758,Mumbai CSMT,17:53
98160,Mumbai CSMT,17:57
98560,Mumbai CSMT,18:01
98860,Mumbai CSMT,18:04
98364,Mumbai CSMT,18:08
98164,Mumbai CSMT,18:12
98562,Mumbai CSMT,18:16
98760,Mumbai CSMT,18:20
98166,Mumbai CSMT,18:26
98168,Panvel,17:17
98170,Panvel,17:21
98913,Panvel,17:29
98172,Panvel,17:33
99054,Panvel,17:37
98174,Panvel,17:46
98176,Panvel,17:50
99056,Panvel,17:57
98168,Khandeshwar,17:22
98170,Khandeshwar,17:26
98913,Khandeshwar,17:34
98172,Khandeshwar,17:38
99054,Khandeshwar,17:42
98174,Khandeshwar,17:51
98176,Khandeshwar,17:55
99056,Khandeshwar,18:02
98168,Mansarovar,17:25
98170,Mansarovar,17:29
98913,Mansarovar,17:37
98172,Mansarovar,17:41
99054,Mansarovar,17:45
98174,Mansarovar,17:54
98176,Mansarovar,17:58
99056,Mansarovar,18:05
98168,Kharghar,17:28
98170,Kharghar,17:32
98913,Kharghar,17:40
98172,Kharghar,17:44
99054,Kharghar,17:48
98174,Kharghar,17:57
98176,Kharghar,18:01
99056,Kharghar,18:08
98168,Belapur CBD,17:32
98170,Belapur CBD,17:36
98366,Belapur CBD,17:40
98913,Belapur CBD,17:44
98172,Belapur CBD,17:48
99054,Belapur CBD,17:52
98368,Belapur CBD,17:56
98174,Belapur CBD,18:01
98176,Belapur CBD,18:05
99056,Belapur CBD,18:12
98370,Belapur CBD,18:16
98168,Seawood Darave Karave,17:36
98170,Seawood Darave Karave,17:40
98366,Seawood Darave Karave,17:44
98913,Seawood Darave Karave,17:48
98172,Seawood Darave Karave,17:52
99054,Seawood Darave Karave,17:56
98368,Seawood Darave Karave,18:00
98174,Seawood Darave Karave,18:05
98176,Seawood Darave Karave,18:09
99056,Seawood Darave Karave,18:16
98370,Seawood Darave Karave,18:20
98168,Nerul,17:39
98170,Nerul,17:43
98366,Nerul,17:47
98913,Nerul,17:51
98172,Nerul,17:55
99054,Nerul,18:00
98368,Nerul,18:03
98174,Nerul,18:08
98176,Nerul,18:12
99056,Nerul,18:20
98370,Nerul,18:23
98168,Juinagar,17:42
98170,Juinagar,17:46
98366,Juinagar,17:50
98913,Juinagar,17:54
98172,Juinagar,17:58
98368,Juinagar,18:06
98174,Juinagar,18:11
98176,Juinagar,18:15
98370,Juinagar,18:26
98168,Sanpada,17:45
98170,Sanpada,17:49
98366,Sanpada,17:53
98913,Sanpada,17:57
98172,Sanpada,18:01
98368,Sanpada,18:09
98174,Sanpada,18:14
98176,Sanpada,18:18
98370,Sanpada,18:29
98564,Vashi,17:44
98168,Vashi,17:47
98170,Vashi,17:51
98366,Vashi,17:55
98913,Vashi,17:59
98172,Vashi,18:03
98566,Vashi,18:07
98368,Vashi,18:11
98174,Vashi,18:16
98176,Vashi,18:20
98568,Vashi,18:26
98370,Vashi,18:31
98564,Mankhurd,17:52
98168,Mankhurd,17:56
98170,Mankhurd,18:00
98366,Mankhurd,18:04
98913,Mankhurd,18:08
98172,Mankhurd,18:12
98566,Mankhurd,18:16
98368,Mankhurd,18:20
98174,Mankhurd,18:24
98176,Mankhurd,18:28
98568,Mankhurd,18:35
98370,Mankhurd,18:39
98564,Govandi,17:55
98168,Govandi,17:59
98170,Govandi,18:03
98366,Govandi,18:07
98913,Govandi,18:11
98172,Govandi,18:15
98566,Govandi,18:19
98368,Govandi,18:23
98174,Govandi,18:27
98176,Govandi,18:31
98568,Govandi,18:38
98370,Govandi,18:42
98564,Chembur,17:57
98168,Chembur,18:01
98170,Chembur,18:05
98366,Chembur,18:09
98913,Chembur,18:13
98172,Chembur,18:17
98566,Chembur,18:21
98368,Chembur,18:25
98174,Chembur,18:29
98176,Chembur,18:33
98568,Chembur,18:40
98370,Chembur,18:44
98564,Tilaknagar,18:00
98168,Tilaknagar,18:04
98170,Tilaknagar,18:08
98366,Tilaknagar,18:12
98913,Tilaknagar,18:16
98172,Tilaknagar,18:20
98566,Tilaknagar,18:24
98368,Tilaknagar,18:28
98174,Tilaknagar,18:32
98176,Tilaknagar,18:36
98568,Tilaknagar,18:43
98370,Tilaknagar,18:47
98564,Kurla,18:03
98168,Kurla,18:07
98170,Kurla,18:11
98366,Kurla,18:15
98913,Kurla,18:19
98172,Kurla,18:23
98566,Kurla,18:27
98368,Kurla,18:31
98174,Kurla,18:35
98176,Kurla,18:39
98568,Kurla,18:46
98370,Kurla,18:50
98564,Chunabhatti,18:06
98168,Chunabhatti,18:10
98170,Chunabhatti,18:14
98366,Chunabhatti,18:18
98913,Chunabhatti,18:22
98172,Chunabhatti,18:26
98566,Chunabhatti,18:30
98368,Chunabhatti,18:34
98174,Chunabhatti,18:38
98176,Chunabhatti,18:42
98568,Chunabhatti,18:49
98370,Chunabhatti,18:53
98564,GTB Nagar,18:09
98168,GTB Nagar,18:13
98170,GTB Nagar,18:17
98366,GTB Nagar,18:21
98913,GTB Nagar,18:25
98172,GTB Nagar,18:29
98566,GTB Nagar,18:33
98368,GTB Nagar,18:37
98174,GTB Nagar,18:41
98176,GTB Nagar,18:45
98568,GTB Nagar,18:52
98370,GTB Nagar,18:56
98762,Goregaon,17:53
98764,Goregaon,18:14
98910,Goregaon,18:27
98762,Ramnagar,17:57
98764,Ramnagar,18:18
98910,Ramnagar,18:31
98762,Jogeshwari,18:00
98764,Jogeshwari,18:21
98910,Jogeshwari,18:34
98762,Andheri,18:04
98764,Andheri,18:26
98910,Andheri,18:38
98762,Vileparle,18:08
98764,Vileparle,18:30
98910,Vileparle,18:42
98762,Santacruz,18:11
98764,Santacruz,18:33
98910,Santacruz,18:45
98762,Khar Road,18:14
98764,Khar Road,18:36
98910,Khar Road,18:48
98862,Bandra,18:06
98762,Bandra,18:18
98864,Bandra,18:34
98764,Bandra,18:41
98910,Bandra,18:52
98862,Mahim Jn,18:10
98762,Mahim Jn,18:22
98864,Mahim Jn,18:38
98764,Mahim Jn,18:45
98910,Mahim Jn,18:56
98862,King's Circle,18:13
98762,King's Circle,18:25
98864,King's Circle,18:41
98764,King's Circle,18:48
98910,King's Circle,18:59
98564,Vadala Road,18:15
98168,Vadala Road,18:20
98862,Vadala Road,18:19
98170,Vadala Road,18:23
98366,Vadala Road,18:27
98762,Vadala Road,18:31
98913,Vadala Road,18:32
98172,Vadala Road,18:35
98566,Vadala Road,18:39
98368,Vadala Road,18:43
98864,Vadala Road,18:47
98174,Vadala Road,18:47
98176,Vadala Road,18:51
98764,Vadala Road,18:55
98568,Vadala Road,18:59
98370,Vadala Road,19:03
98910,Vadala Road,19:06
98564,Sewri,18:18
98862,Sewri,18:22
98170,Sewri,18:26
98366,Sewri,18:30
98762,Sewri,18:34
98172,Sewri,18:38
98566,Sewri,18:42
98368,Sewri,18:46
98864,Sewri,18:50
98176,Sewri,18:54
98764,Sewri,18:58
98568,Sewri,19:02
98370,Sewri,19:06
98564,Cotton Green,18:21
98862,Cotton Green,18:25
98170,Cotton Green,18:29
98366,Cotton Green,18:33
98762,Cotton Green,18:37
98172,Cotton Green,18:41
98566,Cotton Green,18:45
98368,Cotton Green,18:49
98864,Cotton Green,18:53
98176,Cotton Green,18:57
98764,Cotton Green,19:01
98568,Cotton Green,19:05
98370,Cotton Green,19:09
98564,Reay Road,18:23
98862,Reay Road,18:27
98170,Reay Road,18:31
98366,Reay Road,18:35
98762,Reay Road,18:39
98172,Reay Road,18:43
98566,Reay Road,18:47
98368,Reay Road,18:51
98864,Reay Road,18:55
98176,Reay Road,18:59
98764,Reay Road,19:03
98568,Reay Road,19:07
98370,Reay Road,19:11
98564,Dockyard Road,18:26
98862,Dockyard Road,18:30
98170,Dockyard Road,18:34
98366,Dockyard Road,18:38
98762,Dockyard Road,18:42
98172,Dockyard Road,18:46
98566,Dockyard Road,18:50
98368,Dockyard Road,18:54
98864,Dockyard Road,18:58
98176,Dockyard Road,19:02
98764,Dockyard Road,19:06
98568,Dockyard Road,19:10
98370,Dockyard Road,19:14
98564,Sandhurst Road,18:28
98862,Sandhurst Road,18:32
98170,Sandhurst Road,18:36
98366,Sandhurst Road,18:40
98762,Sandhurst Road,18:44
98172,Sandhurst Road,18:48
98566,Sandhurst Road,18:52
98368,Sandhurst Road,18:56
98864,Sandhurst Road,19:00
98176,Sandhurst Road,19:04
98764,Sandhurst Road,19:08
98568,Sandhurst Road,19:12
98370,Sandhurst Road,19:16
98564,Masjid,18:30
98862,Masjid,18:34
98170,Masjid,18:38
98366,Masjid,18:42
98762,Masjid,18:46
98172,Masjid,18:50
98566,Masjid,18:54
98368,Masjid,18:58
98864,Masjid,19:02
98176,Masjid,19:06
98764,Masjid,19:10
98568,Masjid,19:14
98370,Masjid,19:18
98564,Mumbai CSMT,18:33
98862,Mumbai CSMT,18:37
98170,Mumbai CSMT,18:41
98366,Mumbai CSMT,18:45
98762,Mumbai CSMT,18:49
98172,Mumbai CSMT,18:53
98566,Mumbai CSMT,18:57
98368,Mumbai CSMT,19:01
98864,Mumbai CSMT,19:05
98176,Mumbai CSMT,19:09
98764,Mumbai CSMT,19:13
98568,Mumbai CSMT,19:17
98370,Mumbai CSMT,19:21
98178,Panvel,18:06
98180,Panvel,18:14
98182,Panvel,18:18
99058,Panvel,18:22
98915,Panvel,18:33
98184,Panvel,18:37
98186,Panvel,18:41
98188,Panvel,18:49
98190,Panvel,18:57
99060,Panvel,19:01
98178,Khandeshwar,18:11
98180,Khandeshwar,18:19
98182,Khandeshwar,18:23
99058,Khandeshwar,18:27
98915,Khandeshwar,18:38
98184,Khandeshwar,18:42
98186,Khandeshwar,18:46
98188,Khandeshwar,18:54
98190,Khandeshwar,19:02
99060,Khandeshwar,19:06
98178,Mansarovar,18:14
98180,Mansarovar,18:22
98182,Mansarovar,18:26
99058,Mansarovar,18:30
98915,Mansarovar,18:41
98184,Mansarovar,18:45
98186,Mansarovar,18:49
98188,Mansarovar,18:57
98190,Mansarovar,19:05
99060,Mansarovar,19:09
98178,Kharghar,18:17
98180,Kharghar,18:25
98182,Kharghar,18:29
99058,Kharghar,18:33
98915,Kharghar,18:44
98184,Kharghar,18:48
98186,Kharghar,18:52
98188,Kharghar,19:00
98190,Kharghar,19:08
99060,Kharghar,19:12
98178,Belapur CBD,18:21
98180,Belapur CBD,18:29
98182,Belapur CBD,18:33
99058,Belapur CBD,18:37
98372,Belapur CBD,18:44
98915,Belapur CBD,18:48
98184,Belapur CBD,18:52
98186,Belapur CBD,18:56
98188,Belapur CBD,19:04
98190,Belapur CBD,19:12
99060,Belapur CBD,19:16
98178,Seawood Darave Karave,18:25
98180,Seawood Darave Karave,18:33
98182,Seawood Darave Karave,18:37
99058,Seawood Darave Karave,18:41
98372,Seawood Darave Karave,18:48
98915,Seawood Darave Karave,18:52
98184,Seawood Darave Karave,18:56
98186,Seawood Darave Karave,19:00
98188,Seawood Darave Karave,19:08
98190,Seawood Darave Karave,19:16
99060,Seawood Darave Karave,19:20
98178,Nerul,18:28
98180,Nerul,18:36
98182,Nerul,18:40
99058,Nerul,18:45
98372,Nerul,18:51
98915,Nerul,18:55
98184,Nerul,18:59
98186,Nerul,19:03
98188,Nerul,19:11
98190,Nerul,19:19
99060,Nerul,19:24
98178,Juinagar,18:31
98180,Juinagar,18:39
98182,Juinagar,18:43
98372,Juinagar,18:54
98915,Juinagar,18:58
98184,Juinagar,19:02
98186,Juinagar,19:06
98188,Juinagar,19:14
98190,Juinagar,19:22
98178,Sanpada,18:34
98180,Sanpada,18:42
98182,Sanpada,18:46
98372,Sanpada,18:57
98915,Sanpada,19:01
98184,Sanpada,19:05
98186,Sanpada,19:09
98188,Sanpada,19:17
98190,Sanpada,19:25
98178,Vashi,18:36
98180,Vashi,18:44
98182,Vashi,18:48
98570,Vashi,18:54
98372,Vashi,18:59
98915,Vashi,19:03
98184,Vashi,19:07
98186,Vashi,19:11
98572,Vashi,19:15
98188,Vashi,19:19
98190,Vashi,19:27
98178,Mankhurd,18:45
98180,Mankhurd,18:53
98182,Mankhurd,18:57
98570,Mankhurd,19:03
98372,Mankhurd,19:07
98915,Mankhurd,19:11
98184,Mankhurd,19:15
98186,Mankhurd,19:19
98572,Mankhurd,19:23
98188,Mankhurd,19:27
98190,Mankhurd,19:35
98178,Govandi,18:48
98180,Govandi,18:56
98182,Govandi,19:00
98570,Govandi,19:06
98372,Govandi,19:10
98915,Govandi,19:14
98184,Govandi,19:18
98186,Govandi,19:22
98572,Govandi,19:26
98188,Govandi,19:30
98190,Govandi,19:38
98178,Chembur,18:50
98180,Chembur,18:58
98182,Chembur,19:02
98570,Chembur,19:08
98372,Chembur,19:12
98915,Chembur,19:16
98184,Chembur,19:20
98186,Chembur,19:24
98572,Chembur,19:28
98188,Chembur,19:32
98190,Chembur,19:40
98178,Tilaknagar,18:53
98180,Tilaknagar,19:01
98182,Tilaknagar,19:05
98570,Tilaknagar,19:11
98372,Tilaknagar,19:15
98915,Tilaknagar,19:19
98184,Tilaknagar,19:23
98186,Tilaknagar,19:27
98572,Tilaknagar,19:31
98188,Tilaknagar,19:35
98190,Tilaknagar,19:43
98178,Kurla,18:56
98180,Kurla,19:04
98182,Kurla,19:08
98570,Kurla,19:14
98372,Kurla,19:18
98915,Kurla,19:22
98184,Kurla,19:26
98186,Kurla,19:30
98572,Kurla,19:34
98188,Kurla,19:38
98190,Kurla,19:46
98178,Chunabhatti,18:59
98180,Chunabhatti,19:07
98182,Chunabhatti,19:11
98570,Chunabhatti,19:17
98372,Chunabhatti,19:21
98915,Chunabhatti,19:25
98184,Chunabhatti,19:29
98186,Chunabhatti,19:33
98572,Chunabhatti,19:37
98188,Chunabhatti,19:41
98190,Chunabhatti,19:49
98178,GTB Nagar,19:02
98180,GTB Nagar,19:10
98182,GTB Nagar,19:14
98570,GTB Nagar,19:20
98372,GTB Nagar,19:24
98915,GTB Nagar,19:28
98184,GTB Nagar,19:32
98186,GTB Nagar,19:36
98572,GTB Nagar,19:40
98188,GTB Nagar,19:44
98190,GTB Nagar,19:52
98766,Goregaon,18:41
98912,Goregaon,18:55
98768,Goregaon,19:10
98770,Goregaon,19:27
98766,Ramnagar,18:45
98912,Ramnagar,19:00
98768,Ramnagar,19:14
98770,Ramnagar,19:31
98766,Jogeshwari,18:48
98912,Jogeshwari,19:03
98768,Jogeshwari,19:17
98770,Jogeshwari,19:34
98766,Andheri,18:52
98912,Andheri,19:08
98768,Andheri,19:21
98770,Andheri,19:38
98766,Vileparle,18:56
98912,Vileparle,19:12
98768,Vileparle,19:25
98770,Vileparle,19:42
98766,Santacruz,18:59
98912,Santacruz,19:16
98768,Santacruz,19:28
98770,Santacruz,19:45
98766,Khar Road,19:02
98912,Khar Road,19:19
98768,Khar Road,19:31
98770,Khar Road,19:49
98866,Bandra,19:01
98766,Bandra,19:07
98868,Bandra,19:22
98912,Bandra,19:26
98768,Bandra,19:36
98770,Bandra,19:54
98866,Mahim Jn,19:05
98766,Mahim Jn,19:11
98868,Mahim Jn,19:25
98912,Mahim Jn,19:29
98768,Mahim Jn,19:40
98770,Mahim Jn,19:57
98866,King's Circle,19:08
98766,King's Circle,19:14
98868,King's Circle,19:28
98912,King's Circle,19:32
98768,King's Circle,19:44
98770,King's Circle,20:00
98178,Vadala Road,19:09
98866,Vadala Road,19:14
98180,Vadala Road,19:18
98766,Vadala Road,19:21
98182,Vadala Road,19:21
98570,Vadala Road,19:26
98372,Vadala Road,19:30
98868,Vadala Road,19:34
98915,Vadala Road,19:35
98184,Vadala Road,19:38
98912,Vadala Road,19:38
98186,Vadala Road,19:42
98572,Vadala Road,19:46
98188,Vadala Road,19:51
98768,Vadala Road,19:50
98190,Vadala Road,19:58
98770,Vadala Road,20:06
98178,Sewri,19:12
98866,Sewri,19:17
98180,Sewri,19:21
98766,Sewri,19:24
98570,Sewri,19:29
98372,Sewri,19:33
98868,Sewri,19:37
98184,Sewri,19:41
98186,Sewri,19:45
98572,Sewri,19:49
98768,Sewri,19:53
98190,Sewri,20:01
98770,Sewri,20:09
98178,Cotton Green,19:15
98866,Cotton Green,19:20
98180,Cotton Green,19:24
98766,Cotton Green,19:27
98570,Cotton Green,19:32
98372,Cotton Green,19:36
98868,Cotton Green,19:40
98184,Cotton Green,19:44
98186,Cotton Green,19:48
98572,Cotton Green,19:52
98768,Cotton Green,19:56
98190,Cotton Green,20:04
98770,Cotton Green,20:12
98178,Reay Road,19:17
98866,Reay Road,19:22
98180,Reay Road,19:26
98766,Reay Road,19:29
98570,Reay Road,19:34
98372,Reay Road,19:38
98868,Reay Road,19:42
98184,Reay Road,19:46
98186,Reay Road,19:50
98572,Reay Road,19:54
98768,Reay Road,19:58
98190,Reay Road,20:06
98770,Reay Road,20:14
98178,Dockyard Road,19:20
98866,Dockyard Road,19:25
98180,Dockyard Road,19:29
98766,Dockyard Road,19:32
98570,Dockyard Road,19:37
98372,Dockyard Road,19:41
98868,Dockyard Road,19:45
98184,Dockyard Road,19:49
98186,Dockyard Road,19:53
98572,Dockyard Road,19:57
98768,Dockyard Road,20:01
98190,Dockyard Road,20:09
98770,Dockyard Road,20:17
98178,Sandhurst Road,19:22
98866,Sandhurst Road,19:27
98180,Sandhurst Road,19:31
98766,Sandhurst Road,19:34
98570,Sandhurst Road,19:39
98372,Sandhurst Road,19:43
98868,Sandhurst Road,19:47
98184,Sandhurst Road,19:51
98186,Sandhurst Road,19:55
98572,Sandhurst Road,19:59
98768,Sandhurst Road,20:03
98190,Sandhurst Road,20:11
98770,Sandhurst Road,20:19
98178,Masjid,19:24
98866,Masjid,19:29
98180,Masjid,19:33
98766,Masjid,19:36
98570,Masjid,19:41
98372,Masjid,19:45
98868,Masjid,19:49
98184,Masjid,19:53
98186,Masjid,19:57
98572,Masjid,20:01
98768,Masjid,20:05
98190,Masjid,20:13
98770,Masjid,20:21
98178,Mumbai CSMT,19:28
98866,Mumbai CSMT,19:32
98180,Mumbai CSMT,19:36
98766,Mumbai CSMT,19:40
98570,Mumbai CSMT,19:44
98372,Mumbai CSMT,19:48
98868,Mumbai CSMT,19:52
98184,Mumbai CSMT,19:56
98186,Mumbai CSMT,20:00
98572,Mumbai CSMT,20:04
98768,Mumbai CSMT,20:08
98190,Mumbai CSMT,20:16
98770,Mumbai CSMT,20:24
98192,Panvel,19:09
99062,Panvel,19:13
98194,Panvel,19:17
98196,Panvel,19:24
99064,Panvel,19:31
98917,Panvel,19:35
98198,Panvel,19:43
98200,Panvel,19:51
98202,Panvel,19:55
98192,Khandeshwar,19:14
99062,Khandeshwar,19:18
98194,Khandeshwar,19:22
98196,Khandeshwar,19:29
99064,Khandeshwar,19:36
98917,Khandeshwar,19:40
98198,Khandeshwar,19:48
98200,Khandeshwar,19:56
98202,Khandeshwar,20:00
98192,Mansarovar,19:17
99062,Mansarovar,19:21
98194,Mansarovar,19:25
98196,Mansarovar,19:32
99064,Mansarovar,19:39
98917,Mansarovar,19:43
98198,Mansarovar,19:51
98200,Mansarovar,19:59
98202,Mansarovar,20:03
98192,Kharghar,19:20
99062,Kharghar,19:24
98194,Kharghar,19:28
98196,Kharghar,19:35
99064,Kharghar,19:42
98917,Kharghar,19:46
98198,Kharghar,19:54
98200,Kharghar,20:02
98202,Kharghar,20:06
98374,Belapur CBD,19:20
98192,Belapur CBD,19:24
99062,Belapur CBD,19:28
98194,Belapur CBD,19:32
98196,Belapur CBD,19:39
99064,Belapur CBD,19:46
98917,Belapur CBD,19:50
98198,Belapur CBD,19:58
98376,Belapur CBD,20:02
98200,Belapur CBD,20:06
98202,Belapur CBD,20:10
98374,Seawood Darave Karave,19:24
98192,Seawood Darave Karave,19:28
99062,Seawood Darave Karave,19:32
98194,Seawood Darave Karave,19:36
98196,Seawood Darave Karave,19:43
99064,Seawood Darave Karave,19:50
98917,Seawood Darave Karave,19:54
98198,Seawood Darave Karave,20:02
98376,Seawood Darave Karave,20:06
98200,Seawood Darave Karave,20:10
98202,Seawood Darave Karave,20:14
98374,Nerul,19:27
98192,Nerul,19:31
99062,Nerul,19:36
98194,Nerul,19:39
98196,Nerul,19:46
99064,Nerul,19:54
98917,Nerul,19:57
98198,Nerul,20:05
98376,Nerul,20:09
98200,Nerul,20:13
98202,Nerul,20:17
98374,Juinagar,19:30
98192,Juinagar,19:34
98194,Juinagar,19:42
98196,Juinagar,19:49
98917,Juinagar,20:00
98198,Juinagar,20:08
98376,Juinagar,20:12
98200,Juinagar,20:16
98202,Juinagar,20:20
98374,Sanpada,19:33
98192,Sanpada,19:37
98194,Sanpada,19:45
98196,Sanpada,19:52
98917,Sanpada,20:03
98198,Sanpada,20:11
98376,Sanpada,20:15
98200,Sanpada,20:19
98202,Sanpada,20:23
98374,Vashi,19:35
98192,Vashi,19:39
98194,Vashi,19:47
98196,Vashi,19:54
98917,Vashi,20:05
98574,Vashi,20:09
98198,Vashi,20:13
98376,Vashi,20:17
98200,Vashi,20:21
98202,Vashi,20:25
98576,Vashi,20:29
98374,Mankhurd,19:43
98192,Mankhurd,19:47
98194,Mankhurd,19:55
98196,Mankhurd,20:02
98917,Mankhurd,20:13
98574,Mankhurd,20:17
98198,Mankhurd,20:21
98376,Mankhurd,20:25
98200,Mankhurd,20:29
98202,Mankhurd,20:33
98576,Mankhurd,20:37
98374,Govandi,19:46
98192,Govandi,19:50
98194,Govandi,19:58
98196,Govandi,20:05
98917,Govandi,20:16
98574,Govandi,20:20
98198,Govandi,20:24
98376,Govandi,20:28
98200,Govandi,20:32
98202,Govandi,20:36
98576,Govandi,20:40
98374,Chembur,19:48
98192,Chembur,19:52
98194,Chembur,20:00
98196,Chembur,20:07
98917,Chembur,20:18
98574,Chembur,20:22
98198,Chembur,20:26
98376,Chembur,20:30
98200,Chembur,20:34
98202,Chembur,20:38
98576,Chembur,20:42
98374,Tilaknagar,19:51
98192,Tilaknagar,19:55
98194,Tilaknagar,20:03
98196,Tilaknagar,20:10
98917,Tilaknagar,20:21
98574,Tilaknagar,20:25
98198,Tilaknagar,20:29
98376,Tilaknagar,20:33
98200,Tilaknagar,20:37
98202,Tilaknagar,20:41
98576,Tilaknagar,20:45
98374,Kurla,19:54
98192,Kurla,19:58
98194,Kurla,20:06
98196,Kurla,20:13
98917,Kurla,20:24
98574,Kurla,20:28
98198,Kurla,20:32
98376,Kurla,20:36
98200,Kurla,20:40
98202,Kurla,20:44
98576,Kurla,20:48
98374,Chunabhatti,19:57
98192,Chunabhatti,20:01
98194,Chunabhatti,20:09
98196,Chunabhatti,20:16
98917,Chunabhatti,20:27
98574,Chunabhatti,20:31
98198,Chunabhatti,20:35
98376,Chunabhatti,20:39
98200,Chunabhatti,20:43
98202,Chunabhatti,20:47
98576,Chunabhatti,20:51
98374,GTB Nagar,20:00
98192,GTB Nagar,20:04
98194,GTB Nagar,20:12
98196,GTB Nagar,20:19
98917,GTB Nagar,20:30
98574,GTB Nagar,20:34
98198,GTB Nagar,20:38
98376,GTB Nagar,20:42
98200,GTB Nagar,20:46
98202,GTB Nagar,20:50
98576,GTB Nagar,20:54
98914,Goregaon,19:40
91396,Goregaon,19:45
98772,Goregaon,19:56
98916,Goregaon,20:12
98914,Ramnagar,19:44
91396,Ramnagar,19:49
98772,Ramnagar,20:00
98916,Ramnagar,20:17
98914,Jogeshwari,19:47
91396,Jogeshwari,19:52
98772,Jogeshwari,20:03
98916,Jogeshwari,20:21
98914,Andheri,19:51
91396,Andheri,19:56
98772,Andheri,20:07
98916,Andheri,20:26
98914,Vileparle,19:55
91396,Vileparle,20:00
98772,Vileparle,20:11
98916,Vileparle,20:30
98914,Santacruz,19:58
91396,Santacruz,20:03
98772,Santacruz,20:14
98916,Santacruz,20:33
98914,Khar Road,20:01
91396,Khar Road,20:06
98772,Khar Road,20:17
98916,Khar Road,20:36
98870,Bandra,20:02
98914,Bandra,20:06
91396,Bandra,20:10
98772,Bandra,20:21
98872,Bandra,20:33
98916,Bandra,20:42
98870,Mahim Jn,20:05
98914,Mahim Jn,20:09
91396,Mahim Jn,20:13
98772,Mahim Jn,20:24
98872,Mahim Jn,20:37
98916,Mahim Jn,20:46
98870,King's Circle,20:08
98914,King's Circle,20:12
91396,King's Circle,20:16
98772,King's Circle,20:27
98872,King's Circle,20:41
98916,King's Circle,20:49
98374,Vadala Road,20:06
98192,Vadala Road,20:10
98870,Vadala Road,20:14
98194,Vadala Road,20:18
98914,Vadala Road,20:18
91396,Vadala Road,20:21
98196,Vadala Road,20:25
98772,Vadala Road,20:33
98917,Vadala Road,20:36
98574,Vadala Road,20:40
98198,Vadala Road,20:44
98872,Vadala Road,20:48
98376,Vadala Road,20:49
98200,Vadala Road,20:52
98916,Vadala Road,20:56
98202,Vadala Road,20:56
98576,Vadala Road,21:00
98192,Sewri,20:13
98870,Sewri,20:17
98194,Sewri,20:21
91396,Sewri,20:24
98196,Sewri,20:28
98772,Sewri,20:36
98574,Sewri,20:43
98198,Sewri,20:47
98872,Sewri,20:51
98200,Sewri,20:55
98202,Sewri,20:59
98576,Sewri,21:03
98192,Cotton Green,20:16
98870,Cotton Green,20:20
98194,Cotton Green,20:24
91396,Cotton Green,20:27
98196,Cotton Green,20:31
98772,Cotton Green,20:39
98574,Cotton Green,20:46
98198,Cotton Green,20:50
98872,Cotton Green,20:54
98200,Cotton Green,20:58
98202,Cotton Green,21:02
98576,Cotton Green,21:06
98192,Reay Road,20:18
98870,Reay Road,20:22
98194,Reay Road,20:26
91396,Reay Road,20:29
98196,Reay Road,20:33
98772,Reay Road,20:41
98574,Reay Road,20:48
98198,Reay Road,20:52
98872,Reay Road,20:56
98200,Reay Road,21:00
98202,Reay Road,21:04
98576,Reay Road,21:08
98192,Dockyard Road,20:21
98870,Dockyard Road,20:25
98194,Dockyard Road,20:29
91396,Dockyard Road,20:32
98196,Dockyard Road,20:36
98772,Dockyard Road,20:44
98574,Dockyard Road,20:51
98198,Dockyard Road,20:55
98872,Dockyard Road,20:59
98200,Dockyard Road,21:03
98202,Dockyard Road,21:07
98576,Dockyard Road,21:11
98192,Sandhurst Road,20:23
98870,Sandhurst Road,20:27
98194,Sandhurst Road,20:31
91396,Sandhurst Road,20:34
98196,Sandhurst Road,20:38
98772,Sandhurst Road,20:46
98574,Sandhurst Road,20:53
98198,Sandhurst Road,20:57
98872,Sandhurst Road,21:01
98200,Sandhurst Road,21:05
98202,Sandhurst Road,21:09
98576,Sandhurst Road,21:13
98192,Masjid,20:25
98870,Masjid,20:29
98194,Masjid,20:33
91396,Masjid,20:36
98196,Masjid,20:40
98772,Masjid,20:48
98574,Masjid,20:55
98198,Masjid,20:59
98872,Masjid,21:03
98200,Masjid,21:07
98202,Masjid,21:11
98576,Masjid,21:15
98192,Mumbai CSMT,20:28
98870,Mumbai CSMT,20:32
98194,Mumbai CSMT,20:36
91396,Mumbai CSMT,20:39
98196,Mumbai CSMT,20:44
98772,Mumbai CSMT,20:51
98574,Mumbai CSMT,20:58
98198,Mumbai CSMT,21:02
98872,Mumbai CSMT,21:06
98200,Mumbai CSMT,21:10
98202,Mumbai CSMT,21:14
98576,Mumbai CSMT,21:18
98204,Panvel,20:07
99066,Panvel,20:19
98206,Panvel,20:23
98208,Panvel,20:27
98210,Panvel,20:31
98212,Panvel,20:35
98214,Panvel,20:47
99068,Panvel,20:51
98216,Panvel,20:57
98204,Khandeshwar,20:12
99066,Khandeshwar,20:24
98206,Khandeshwar,20:28
98208,Khandeshwar,20:32
98210,Khandeshwar,20:36
98212,Khandeshwar,20:40
98214,Khandeshwar,20:52
99068,Khandeshwar,20:56
98216,Khandeshwar,21:02
98204,Mansarovar,20:15
99066,Mansarovar,20:27
98206,Mansarovar,20:31
98208,Mansarovar,20:35
98210,Mansarovar,20:39
98212,Mansarovar,20:43
98214,Mansarovar,20:55
99068,Mansarovar,20:59
98216,Mansarovar,21:05
98204,Kharghar,20:18
99066,Kharghar,20:30
98206,Kharghar,20:34
98208,Kharghar,20:38
98210,Kharghar,20:42
98212,Kharghar,20:46
98214,Kharghar,20:58
99068,Kharghar,21:02
98216,Kharghar,21:08
98378,Belapur CBD,20:18
98204,Belapur CBD,20:22
98380,Belapur CBD,20:30
99066,Belapur CBD,20:34
98206,Belapur CBD,20:38
98208,Belapur CBD,20:42
98210,Belapur CBD,20:46
98212,Belapur CBD,20:50
98382,Belapur CBD,20:54
98214,Belapur CBD,21:02
99068,Belapur CBD,21:06
98216,Belapur CBD,21:12
98384,Belapur CBD,21:16
98378,Seawood Darave Karave,20:22
98204,Seawood Darave Karave,20:26
98380,Seawood Darave Karave,20:34
99066,Seawood Darave Karave,20:38
98206,Seawood Darave Karave,20:42
98208,Seawood Darave Karave,20:46
98210,Seawood Darave Karave,20:50
98212,Seawood Darave Karave,20:54
98382,Seawood Darave Karave,20:58
98214,Seawood Darave Karave,21:06
99068,Seawood Darave Karave,21:10
98216,Seawood Darave Karave,21:16
98384,Seawood Darave Karave,21:20
98378,Nerul,20:25
98204,Nerul,20:29
98380,Nerul,20:37
99066,Nerul,20:42
98206,Nerul,20:45
98208,Nerul,20:49
98210,Nerul,20:53
98212,Nerul,20:57
98382,Nerul,21:01
98214,Nerul,21:09
99068,Nerul,21:15
98216,Nerul,21:19
98384,Nerul,21:23
98378,Juinagar,20:28
98204,Juinagar,20:32
98380,Juinagar,20:40
98206,Juinagar,20:48
98208,Juinagar,20:52
98210,Juinagar,20:56
98212,Juinagar,21:00
98382,Juinagar,21:04
98214,Juinagar,21:12
98216,Juinagar,21:22
98384,Juinagar,21:26
98378,Sanpada,20:31
98204,Sanpada,20:35
98380,Sanpada,20:43
98206,Sanpada,20:51
98208,Sanpada,20:55
98210,Sanpada,20:59
98212,Sanpada,21:03
98382,Sanpada,21:07
98214,Sanpada,21:15
98216,Sanpada,21:25
98384,Sanpada,21:29
98378,Vashi,20:33
98204,Vashi,20:37
98380,Vashi,20:45
98578,Vashi,20:49
98206,Vashi,20:53
98208,Vashi,20:57
98210,Vashi,21:01
98212,Vashi,21:05
98382,Vashi,21:09
98214,Vashi,21:17
98216,Vashi,21:27
98384,Vashi,21:31
98378,Mankhurd,20:41
98204,Mankhurd,20:45
98380,Mankhurd,20:53
98578,Mankhurd,20:57
98206,Mankhurd,21:01
98208,Mankhurd,21:05
98210,Mankhurd,21:09
98212,Mankhurd,21:13
98382,Mankhurd,21:17
98214,Mankhurd,21:25
98216,Mankhurd,21:35
98384,Mankhurd,21:39
98378,Govandi,20:44
98204,Govandi,20:48
98380,Govandi,20:56
98578,Govandi,21:00
98206,Govandi,21:04
98208,Govandi,21:08
98210,Govandi,21:12
98212,Govandi,21:16
98382,Govandi,21:20
98214,Govandi,21:28
98216,Govandi,21:38
98384,Govandi,21:42
98378,Chembur,20:46
98204,Chembur,20:50
98380,Chembur,20:58
98578,Chembur,21:02
98206,Chembur,21:06
98208,Chembur,21:10
98210,Chembur,21:14
98212,Chembur,21:18
98382,Chembur,21:22
98214,Chembur,21:30
98216,Chembur,21:40
98384,Chembur,21:44
98378,Tilaknagar,20:49
98204,Tilaknagar,20:53
98380,Tilaknagar,21:01
98578,Tilaknagar,21:05
98206,Tilaknagar,21:09
98208,Tilaknagar,21:13
98210,Tilaknagar,21:17
98212,Tilaknagar,21:21
98382,Tilaknagar,21:25
98214,Tilaknagar,21:33
98216,Tilaknagar,21:43
98384,Tilaknagar,21:47
98378,Kurla,20:52
98204,Kurla,20:56
98380,Kurla,21:04
98578,Kurla,21:08
98206,Kurla,21:12
98208,Kurla,21:16
98210,Kurla,21:20
98212,Kurla,21:24
98382,Kurla,21:28
98214,Kurla,21:36
98216,Kurla,21:46
98384,Kurla,21:50
98378,Chunabhatti,20:55
98204,Chunabhatti,20:59
98380,Chunabhatti,21:07
98578,Chunabhatti,21:11
98206,Chunabhatti,21:15
98208,Chunabhatti,21:19
98210,Chunabhatti,21:23
98212,Chunabhatti,21:27
98382,Chunabhatti,21:31
98214,Chunabhatti,21:39
98216,Chunabhatti,21:49
98384,Chunabhatti,21:53
98378,GTB Nagar,20:58
98204,GTB Nagar,21:02
98380,GTB Nagar,21:10
98578,GTB Nagar,21:14
98206,GTB Nagar,21:18
98208,GTB Nagar,21:22
98210,GTB Nagar,21:26
98212,GTB Nagar,21:30
98382,GTB Nagar,21:34
98214,GTB Nagar,21:42
98216,GTB Nagar,21:52
98384,GTB Nagar,21:56
98774,Goregaon,20:26
98776,Goregaon,20:51
98778,Goregaon,21:15
98774,Ramnagar,20:30
98776,Ramnagar,20:55
98778,Ramnagar,21:19
98774,Jogeshwari,20:33
98776,Jogeshwari,20:58
98778,Jogeshwari,21:22
98774,Andheri,20:37
98776,Andheri,21:02
98778,Andheri,21:26
98774,Vileparle,20:41
98776,Vileparle,21:06
98778,Vileparle,21:30
98774,Santacruz,20:44
98776,Santacruz,21:09
98778,Santacruz,21:33
98774,Khar Road,20:47
98776,Khar Road,21:12
98778,Khar Road,21:36
98774,Bandra,20:51
98874,Bandra,20:59
98776,Bandra,21:16
98876,Bandra,21:31
98778,Bandra,21:40
98774,Mahim Jn,20:55
98874,Mahim Jn,21:03
98776,Mahim Jn,21:19
98876,Mahim Jn,21:35
98778,Mahim Jn,21:43
98774,King's Circle,20:58
98874,King's Circle,21:06
98776,King's Circle,21:22
98876,King's Circle,21:38
98778,King's Circle,21:46
98378,Vadala Road,21:05
98774,Vadala Road,21:04
98204,Vadala Road,21:08
98874,Vadala Road,21:12
98380,Vadala Road,21:16
98578,Vadala Road,21:20
98206,Vadala Road,21:24
98776,Vadala Road,21:28
98208,Vadala Road,21:28
98210,Vadala Road,21:32
98212,Vadala Road,21:36
98382,Vadala Road,21:40
98876,Vadala Road,21:45
98214,Vadala Road,21:48
98778,Vadala Road,21:52
98216,Vadala Road,21:58
98384,Vadala Road,22:02
98774,Sewri,21:07
98204,Sewri,21:11
98874,Sewri,21:15
98380,Sewri,21:19
98578,Sewri,21:23
98206,Sewri,21:27
98776,Sewri,21:31
98210,Sewri,21:35
98212,Sewri,21:39
98382,Sewri,21:43
98876,Sewri,21:48
98214,Sewri,21:51
98778,Sewri,21:55
98216,Sewri,22:01
98384,Sewri,22:05
98774,Cotton Green,21:10
98204,Cotton Green,21:14
98874,Cotton Green,21:18
98380,Cotton Green,21:22
98578,Cotton Green,21:26
98206,Cotton Green,21:30
98776,Cotton Green,21:34
98210,Cotton Green,21:38
98212,Cotton Green,21:42
98382,Cotton Green,21:46
98876,Cotton Green,21:51
98214,Cotton Green,21:54
98778,Cotton Green,21:58
98216,Cotton Green,22:04
98384,Cotton Green,22:08
98774,Reay Road,21:12
98204,Reay Road,21:16
98874,Reay Road,21:20
98380,Reay Road,21:24
98578,Reay Road,21:28
98206,Reay Road,21:32
98776,Reay Road,21:36
98210,Reay Road,21:40
98212,Reay Road,21:44
98382,Reay Road,21:48
98876,Reay Road,21:53
98214,Reay Road,21:56
98778,Reay Road,22:00
98216,Reay Road,22:06
98384,Reay Road,22:10
98774,Dockyard Road,21:15
98204,Dockyard Road,21:19
98874,Dockyard Road,21:23
98380,Dockyard Road,21:27
98578,Dockyard Road,21:31
98206,Dockyard Road,21:35
98776,Dockyard Road,21:39
98210,Dockyard Road,21:43
98212,Dockyard Road,21:47
98382,Dockyard Road,21:51
98876,Dockyard Road,21:56
98214,Dockyard Road,21:59
98778,Dockyard Road,22:03
98216,Dockyard Road,22:09
98384,Dockyard Road,22:13
98774,Sandhurst Road,21:17
98204,Sandhurst Road,21:21
98874,Sandhurst Road,21:25
98380,Sandhurst Road,21:29
98578,Sandhurst Road,21:33
98206,Sandhurst Road,21:37
98776,Sandhurst Road,21:41
98210,Sandhurst Road,21:45
98212,Sandhurst Road,21:49
98382,Sandhurst Road,21:53
98876,Sandhurst Road,21:58
98214,Sandhurst Road,22:01
98778,Sandhurst Road,22:05
98216,Sandhurst Road,22:11
98384,Sandhurst Road,22:15
98774,Masjid,21:19
98204,Masjid,21:23
98874,Masjid,21:27
98380,Masjid,21:31
98578,Masjid,21:35
98206,Masjid,21:39
98776,Masjid,21:43
98210,Masjid,21:47
98212,Masjid,21:51
98382,Masjid,21:55
98876,Masjid,22:00
98214,Masjid,22:03
98778,Masjid,22:07
98216,Masjid,22:13
98384,Masjid,22:17
98774,Mumbai CSMT,21:22
98204,Mumbai CSMT,21:26
98874,Mumbai CSMT,21:30
98380,Mumbai CSMT,21:34
98578,Mumbai CSMT,21:38
98206,Mumbai CSMT,21:42
98776,Mumbai CSMT,21:46
98210,Mumbai CSMT,21:50
98212,Mumbai CSMT,21:54
98382,Mumbai CSMT,21:58
98876,Mumbai CSMT,22:03
98214,Mumbai CSMT,22:06
98778,Mumbai CSMT,22:10
98216,Mumbai CSMT,22:16
98384,Mumbai CSMT,22:20
98218,Panvel,21:05
98220,Panvel,21:15
99070,Panvel,21:20
98222,Panvel,21:26
98224,Panvel,21:30
98226,Panvel,21:39
98228,Panvel,21:52
98230,Panvel,22:07
99072,Panvel,22:15
98232,Panvel,22:19
98234,Panvel,22:23
98218,Khandeshwar,21:10
98220,Khandeshwar,21:20
99070,Khandeshwar,21:25
98222,Khandeshwar,21:31
98224,Khandeshwar,21:35
98226,Khandeshwar,21:44
98228,Khandeshwar,21:57
98230,Khandeshwar,22:12
99072,Khandeshwar,22:20
98232,Khandeshwar,22:24
98234,Khandeshwar,22:28
98218,Mansarovar,21:13
98220,Mansarovar,21:23
99070,Mansarovar,21:28
98222,Mansarovar,21:34
98224,Mansarovar,21:38
98226,Mansarovar,21:47
98228,Mansarovar,22:00
98230,Mansarovar,22:15
99072,Mansarovar,22:23
98232,Mansarovar,22:27
98234,Mansarovar,22:31
98218,Kharghar,21:16
98220,Kharghar,21:26
99070,Kharghar,21:31
98222,Kharghar,21:37
98224,Kharghar,21:41
98226,Kharghar,21:50
98228,Kharghar,22:03
98230,Kharghar,22:18
99072,Kharghar,22:26
98232,Kharghar,22:30
98234,Kharghar,22:34
98218,Belapur CBD,21:20
98220,Belapur CBD,21:30
99070,Belapur CBD,21:35
98222,Belapur CBD,21:41
98224,Belapur CBD,21:45
98226,Belapur CBD,21:54
98228,Belapur CBD,22:07
98230,Belapur CBD,22:22
99072,Belapur CBD,22:30
98232,Belapur CBD,22:34
98234,Belapur CBD,22:38
98218,Seawood Darave Karave,21:24
98220,Seawood Darave Karave,21:34
99070,Seawood Darave Karave,21:39
98222,Seawood Darave Karave,21:45
98224,Seawood Darave Karave,21:49
98226,Seawood Darave Karave,21:58
98228,Seawood Darave Karave,22:11
98230,Seawood Darave Karave,22:26
99072,Seawood Darave Karave,22:34
98232,Seawood Darave Karave,22:38
98234,Seawood Darave Karave,22:42
98218,Nerul,21:27
98220,Nerul,21:37
99070,Nerul,21:43
98222,Nerul,21:48
98224,Nerul,21:52
98226,Nerul,22:01
98228,Nerul,22:14
98230,Nerul,22:29
99072,Nerul,22:38
98232,Nerul,22:42
98234,Nerul,22:46
98218,Juinagar,21:30
98220,Juinagar,21:40
98222,Juinagar,21:51
98224,Juinagar,21:55
98226,Juinagar,22:04
98228,Juinagar,22:17
98230,Juinagar,22:32
98232,Juinagar,22:45
98234,Juinagar,22:49
98218,Sanpada,21:33
98220,Sanpada,21:43
98222,Sanpada,21:54
98224,Sanpada,21:58
98226,Sanpada,22:07
98228,Sanpada,22:20
98230,Sanpada,22:35
98232,Sanpada,22:48
98234,Sanpada,22:52
98218,Vashi,21:35
98220,Vashi,21:45
98222,Vashi,21:56
98224,Vashi,22:00
98226,Vashi,22:09
98228,Vashi,22:22
98230,Vashi,22:37
98232,Vashi,22:50
98234,Vashi,22:54
98218,Mankhurd,21:43
98220,Mankhurd,21:53
98222,Mankhurd,22:04
98224,Mankhurd,22:08
98226,Mankhurd,22:17
98228,Mankhurd,22:31
98230,Mankhurd,22:45
98232,Mankhurd,22:58
98234,Mankhurd,23:02
98218,Govandi,21:46
98220,Govandi,21:56
98222,Govandi,22:07
98224,Govandi,22:11
98226,Govandi,22:20
98228,Govandi,22:34
98230,Govandi,22:48
98232,Govandi,23:01
98234,Govandi,23:05
98218,Chembur,21:48
98220,Chembur,21:58
98222,Chembur,22:09
98224,Chembur,22:13
98226,Chembur,22:22
98228,Chembur,22:36
98230,Chembur,22:50
98232,Chembur,23:03
98234,Chembur,23:07
98218,Tilaknagar,21:51
98220,Tilaknagar,22:01
98222,Tilaknagar,22:12
98224,Tilaknagar,22:16
98226,Tilaknagar,22:25
98228,Tilaknagar,22:39
98230,Tilaknagar,22:53
98232,Tilaknagar,23:06
98234,Tilaknagar,23:10
98218,Kurla,21:54
98220,Kurla,22:04
98222,Kurla,22:15
98224,Kurla,22:19
98226,Kurla,22:28
98228,Kurla,22:42
98230,Kurla,22:56
98232,Kurla,23:09
98234,Kurla,23:13
98218,Chunabhatti,21:57
98220,Chunabhatti,22:07
98222,Chunabhatti,22:18
98224,Chunabhatti,22:22
98226,Chunabhatti,22:31
98228,Chunabhatti,22:45
98230,Chunabhatti,22:59
98232,Chunabhatti,23:12
98234,Chunabhatti,23:16
98218,GTB Nagar,22:00
98220,GTB Nagar,22:10
98222,GTB Nagar,22:21
98224,GTB Nagar,22:25
98226,GTB Nagar,22:34
98228,GTB Nagar,22:48
98230,GTB Nagar,23:02
98232,GTB Nagar,23:15
98234,GTB Nagar,23:19
98918,Goregaon,21:28
98780,Goregaon,21:43
98782,Goregaon,22:15
98784,Goregaon,22:40
98918,Ramnagar,21:32
98780,Ramnagar,21:47
98782,Ramnagar,22:19
98784,Ramnagar,22:44
98918,Jogeshwari,21:35
98780,Jogeshwari,21:50
98782,Jogeshwari,22:22
98784,Jogeshwari,22:47
98918,Andheri,21:39
98780,Andheri,21:54
98782,Andheri,22:26
98784,Andheri,22:51
98918,Vileparle,21:43
98780,Vileparle,21:58
98782,Vileparle,22:30
98784,Vileparle,22:55
98918,Santacruz,21:46
98780,Santacruz,22:01
98782,Santacruz,22:33
98784,Santacruz,22:58
98918,Khar Road,21:50
98780,Khar Road,22:04
98782,Khar Road,22:36
98784,Khar Road,23:01
98918,Bandra,21:56
98878,Bandra,22:00
98780,Bandra,22:08
98880,Bandra,22:24
98782,Bandra,22:40
98882,Bandra,22:49
98784,Bandra,23:05
98884,Bandra,23:16
98918,Mahim Jn,22:00
98878,Mahim Jn,22:03
98780,Mahim Jn,22:11
98880,Mahim Jn,22:27
98782,Mahim Jn,22:43
98882,Mahim Jn,22:53
98784,Mahim Jn,23:08
98884,Mahim Jn,23:20
98918,King's Circle,22:03
98878,King's Circle,22:06
98780,King's Circle,22:14
98880,King's Circle,22:30
98782,King's Circle,22:46
98882,King's Circle,22:56
98784,King's Circle,23:11
98884,King's Circle,23:23
98918,Vadala Road,22:11
98218,Vadala Road,22:06
98878,Vadala Road,22:12
98220,Vadala Road,22:16
98780,Vadala Road,22:20
98222,Vadala Road,22:27
98224,Vadala Road,22:31
98880,Vadala Road,22:36
98226,Vadala Road,22:40
98782,Vadala Road,22:52
98228,Vadala Road,22:56
98882,Vadala Road,23:02
98230,Vadala Road,23:08
98784,Vadala Road,23:17
98232,Vadala Road,23:21
98234,Vadala Road,23:25
98884,Vadala Road,23:29
98218,Sewri,22:09
98878,Sewri,22:15
98220,Sewri,22:19
98780,Sewri,22:23
98222,Sewri,22:30
98224,Sewri,22:34
98880,Sewri,22:39
98226,Sewri,22:43
98782,Sewri,22:55
98228,Sewri,22:59
98882,Sewri,23:05
98230,Sewri,23:11
98784,Sewri,23:20
98232,Sewri,23:24
98234,Sewri,23:28
98884,Sewri,23:32
98218,Cotton Green,22:12
98878,Cotton Green,22:18
98220,Cotton Green,22:22
98780,Cotton Green,22:26
98222,Cotton Green,22:33
98224,Cotton Green,22:37
98880,Cotton Green,22:42
98226,Cotton Green,22:46
98782,Cotton Green,22:58
98228,Cotton Green,23:02
98882,Cotton Green,23:08
98230,Cotton Green,23:14
98784,Cotton Green,23:23
98232,Cotton Green,23:27
98234,Cotton Green,23:31
98884,Cotton Green,23:35
98218,Reay Road,22:14
98878,Reay Road,22:20
98220,Reay Road,22:24
98780,Reay Road,22:28
98222,Reay Road,22:35
98224,Reay Road,22:39
98880,Reay Road,22:44
98226,Reay Road,22:48
98782,Reay Road,23:00
98228,Reay Road,23:04
98882,Reay Road,23:10
98230,Reay Road,23:16
98784,Reay Road,23:25
98232,Reay Road,23:29
98234,Reay Road,23:33
98884,Reay Road,23:37
98218,Dockyard Road,22:17
98878,Dockyard Road,22:23
98220,Dockyard Road,22:27
98780,Dockyard Road,22:31
98222,Dockyard Road,22:38
98224,Dockyard Road,22:42
98880,Dockyard Road,22:47
98226,Dockyard Road,22:51
98782,Dockyard Road,23:03
98228,Dockyard Road,23:07
98882,Dockyard Road,23:13
98230,Dockyard Road,23:19
98784,Dockyard Road,23:28
98232,Dockyard Road,23:32
98234,Dockyard Road,23:36
98884,Dockyard Road,23:40
98218,Sandhurst Road,22:19
98878,Sandhurst Road,22:25
98220,Sandhurst Road,22:29
98780,Sandhurst Road,22:33
98222,Sandhurst Road,22:40
98224,Sandhurst Road,22:44
98880,Sandhurst Road,22:49
98226,Sandhurst Road,22:53
98782,Sandhurst Road,23:05
98228,Sandhurst Road,23:09
98882,Sandhurst Road,23:15
98230,Sandhurst Road,23:21
98784,Sandhurst Road,23:30
98232,Sandhurst Road,23:34
98234,Sandhurst Road,23:38
98884,Sandhurst Road,23:42
98218,Masjid,22:21
98878,Masjid,22:27
98220,Masjid,22:31
98780,Masjid,22:35
98222,Masjid,22:42
98224,Masjid,22:46
98880,Masjid,22:51
98226,Masjid,22:55
98782,Masjid,23:07
98228,Masjid,23:11
98882,Masjid,23:17
98230,Masjid,23:23
98784,Masjid,23:32
98232,Masjid,23:36
98234,Masjid,23:40
98884,Masjid,23:44
98218,Mumbai CSMT,22:24
98878,Mumbai CSMT,22:30
98220,Mumbai CSMT,22:34
98780,Mumbai CSMT,22:38
98222,Mumbai CSMT,22:45
98224,Mumbai CSMT,22:49
98880,Mumbai CSMT,22:54
98226,Mumbai CSMT,22:58
98782,Mumbai CSMT,23:10
98228,Mumbai CSMT,23:14
98882,Mumbai CSMT,23:20
98230,Mumbai CSMT,23:26
98784,Mumbai CSMT,23:35
98232,Mumbai CSMT,23:39
98234,Mumbai CSMT,23:43
98884,Mumbai CSMT,23:47
98236,Panvel,22:35
98238,Panvel,22:46
98240,Panvel,22:50
98242,Panvel,22:58
98244,Panvel,23:13
99074,Panvel,23:18
98246,Panvel,23:22
98248,Panvel,23:32
98250,Panvel,23:36
98002,Panvel,23:49
98236,Khandeshwar,22:40
98238,Khandeshwar,22:51
98240,Khandeshwar,22:55
98242,Khandeshwar,23:03
98244,Khandeshwar,23:18
99074,Khandeshwar,23:23
98246,Khandeshwar,23:27
98248,Khandeshwar,23:37
98250,Khandeshwar,23:41
98002,Khandeshwar,23:53
98236,Mansarovar,22:43
98238,Mansarovar,22:54
98240,Mansarovar,22:58
98242,Mansarovar,23:06
98244,Mansarovar,23:21
99074,Mansarovar,23:26
98246,Mansarovar,23:30
98248,Mansarovar,23:40
98250,Mansarovar,23:44
98002,Mansarovar,23:56
98236,Kharghar,22:46
98238,Kharghar,22:57
98240,Kharghar,23:01
98242,Kharghar,23:09
98244,Kharghar,23:24
99074,Kharghar,23:29
98246,Kharghar,23:33
98248,Kharghar,23:43
98250,Kharghar,23:47
98002,Kharghar,23:59
98236,Belapur CBD,22:50
98238,Belapur CBD,23:01
98240,Belapur CBD,23:05
98242,Belapur CBD,23:13
98244,Belapur CBD,23:28
99074,Belapur CBD,23:33
98246,Belapur CBD,23:37
98248,Belapur CBD,23:47
98250,Belapur CBD,23:51
98002,Belapur CBD,00:03
98236,Seawood Darave Karave,22:54
98238,Seawood Darave Karave,23:05
98240,Seawood Darave Karave,23:09
98242,Seawood Darave Karave,23:17
98244,Seawood Darave Karave,23:32
99074,Seawood Darave Karave,23:37
98248,Seawood Darave Karave,23:51
98250,Seawood Darave Karave,23:55
98002,Seawood Darave Karave,00:07
98236,Nerul,22:57
98238,Nerul,23:08
98240,Nerul,23:12
98242,Nerul,23:20
98244,Nerul,23:35
99074,Nerul,23:41
98248,Nerul,23:54
98250,Nerul,23:58
98002,Nerul,00:10
98236,Juinagar,23:00
98238,Juinagar,23:11
98240,Juinagar,23:15
98242,Juinagar,23:23
98244,Juinagar,23:38
98248,Juinagar,23:57
98250,Juinagar,00:01
98002,Juinagar,00:13
98236,Sanpada,23:03
98238,Sanpada,23:14
98240,Sanpada,23:18
98242,Sanpada,23:26
98244,Sanpada,23:41
98248,Sanpada,00:00
98250,Sanpada,00:04
98002,Sanpada,00:16
98236,Vashi,23:05
98238,Vashi,23:16
98240,Vashi,23:20
98242,Vashi,23:28
98244,Vashi,23:43
98248,Vashi,00:02
98250,Vashi,00:06
98002,Vashi,00:18
98236,Mankhurd,23:13
98238,Mankhurd,23:24
98242,Mankhurd,23:36
98244,Mankhurd,23:51
98250,Mankhurd,00:14
98002,Mankhurd,00:26
98236,Govandi,23:16
98238,Govandi,23:27
98242,Govandi,23:39
98244,Govandi,23:54
98250,Govandi,00:17
98002,Govandi,00:29
98236,Chembur,23:18
98238,Chembur,23:29
98242,Chembur,23:41
98244,Chembur,23:56
98250,Chembur,00:19
98002,Chembur,00:31
98236,Tilaknagar,23:21
98238,Tilaknagar,23:32
98242,Tilaknagar,23:44
98244,Tilaknagar,23:59
98250,Tilaknagar,00:22
98002,Tilaknagar,00:34
98236,Kurla,23:24
98238,Kurla,23:35
98242,Kurla,23:47
98244,Kurla,00:02
98250,Kurla,00:25
98002,Kurla,00:37
98236,Chunabhatti,23:27
98238,Chunabhatti,23:38
98242,Chunabhatti,23:50
98244,Chunabhatti,00:05
98250,Chunabhatti,00:28
98002,Chunabhatti,00:40
98236,GTB Nagar,23:30
98238,GTB Nagar,23:41
98242,GTB Nagar,23:53
98244,GTB Nagar,00:08
98250,GTB Nagar,00:31
98002,GTB Nagar,00:43
98786,Goregaon,23:06
98788,Goregaon,23:33
98786,Ramnagar,23:10
98788,Ramnagar,23:37
98786,Jogeshwari,23:13
98788,Jogeshwari,23:40
98786,Andheri,23:17
98788,Andheri,23:44
98786,Vileparle,23:21
98788,Vileparle,23:48
98786,Santacruz,23:24
98788,Santacruz,23:51
98786,Khar Road,23:27
98788,Khar Road,23:54
98786,Bandra,23:31
98886,Bandra,23:42
98788,Bandra,23:58
98786,Mahim Jn,23:34
98886,Mahim Jn,23:46
98788,Mahim Jn,00:01
98786,King's Circle,23:37
98886,King's Circle,23:49
98788,King's Circle,00:04
98236,Vadala Road,23:36
98786,Vadala Road,23:43
98238,Vadala Road,23:47
98886,Vadala Road,23:55
98242,Vadala Road,23:59
98788,Vadala Road,00:10
98244,Vadala Road,00:14
98250,Vadala Road,00:38
98002,Vadala Road,00:48
98236,Sewri,23:39
98786,Sewri,23:46
98238,Sewri,23:50
98886,Sewri,23:58
98242,Sewri,00:02
98788,Sewri,00:13
98244,Sewri,00:17
98002,Sewri,00:51
98236,Cotton Green,23:42
98786,Cotton Green,23:49
98238,Cotton Green,23:53
98886,Cotton Green,00:01
98242,Cotton Green,00:05
98788,Cotton Green,00:16
98244,Cotton Green,00:20
98002,Cotton Green,00:54
98236,Reay Road,23:44
98786,Reay Road,23:51
98238,Reay Road,23:55
98886,Reay Road,00:03
98242,Reay Road,00:07
98788,Reay Road,00:18
98244,Reay Road,00:22
98002,Reay Road,00:56
98236,Dockyard Road,23:47
98786,Dockyard Road,23:54
98238,Dockyard Road,23:58
98886,Dockyard Road,00:06
98242,Dockyard Road,00:10
98788,Dockyard Road,00:21
98244,Dockyard Road,00:25
98002,Dockyard Road,00:59
98236,Sandhurst Road,23:49
98786,Sandhurst Road,23:56
98238,Sandhurst Road,00:00
98886,Sandhurst Road,00:08
98242,Sandhurst Road,00:12
98788,Sandhurst Road,00:23
98244,Sandhurst Road,00:27
98002,Sandhurst Road,01:01
98236,Masjid,23:51
98786,Masjid,23:58
98238,Masjid,00:02
98886,Masjid,00:10
98242,Masjid,00:14
98788,Masjid,00:25
98244,Masjid,00:29
98002,Masjid,01:03
98236,Mumbai CSMT,23:54
98786,Mumbai CSMT,00:01
98238,Mumbai CSMT,00:05
98886,Mumbai CSMT,00:13
98242,Mumbai CSMT,00:17
98788,Mumbai CSMT,00:28
98244,Mumbai CSMT,00:32
98002,Mumbai CSMT,01:06
