train_number,station,time
90011,CHURCHGATE,04:15
90015,CHURCHGATE,04:18
90011,Marine Lines,04:18
90015,Marine Lines,04:21
90011,Charni Road,04:20
90015,Charni Road,04:23
90011,Grant Road,04:23
90015,Grant Road,04:26
90011,M'BAI CENTRAL (L),04:25
90015,M'BAI CENTRAL (L),04:28
90011,Mahalakshmi,04:28
90015,Mahalakshmi,04:31
90011,Lower Parel,04:31
90015,Lower Parel,04:34
90011,Prabhadevi,04:34
90015,Prabhadevi,04:37
90011,DADAR,04:36
90015,DADAR,04:39
90011,Matunga Road,04:38
90015,Matunga Road,04:41
90011,Mahim Jn.,04:41
90015,Mahim Jn.,04:44
90001,BANDRA,04:05
90007A,BANDRA,04:30
90011,BANDRA,04:45
90015,BANDRA,04:48
90001,Khar Road,04:09
90007A,Khar Road,04:34
90011,Khar Road,04:48
90015,Khar Road,04:51
90001,Santa Cruz,04:12
90007A,Santa Cruz,04:37
90011,Santa Cruz,04:50
90015,Santa Cruz,04:53
90001,Vile Parle,04:15
90007A,Vile Parle,04:40
90011,Vile Parle,04:53
90015,Vile Parle,04:56
90001,ANDHERI,04:20
92003,ANDHERI,04:25
92005,ANDHERI,04:40
90007A,ANDHERI,04:45
90011,ANDHERI,04:58
90015,ANDHERI,05:01
90001,Jogeshwari,04:23
92003,Jogeshwari,04:29
92005,Jogeshwari,04:44
90007A,Jogeshwari,04:48
90011,Jogeshwari,05:01
90015,Jogeshwari,05:04
90001,Ram Mandir,04:26
92003,Ram Mandir,04:32
92005,Ram Mandir,04:47
90007A,Ram Mandir,04:51
90011,Ram Mandir,05:04
90015,Ram Mandir,05:07
90001,Goregaon,04:28
92003,Goregaon,04:34
92005,Goregaon,04:49
90007A,Goregaon,04:53
90011,Goregaon,05:06
90015,Goregaon,05:09
90001,Malad,04:32
92003,Malad,04:38
92005,Malad,04:53
90007A,Malad,04:58
90011,Malad,05:10
90015,Malad,05:13
90001,Kandivli,04:35
92003,Kandivli,04:41
92005,Kandivli,04:56
90007A,Kandivli,05:01
90011,Kandivli,05:13
90015,Kandivli,05:16
90001,BORIVALI,04:42
92001,BORIVALI,04:40
92003,BORIVALI,04:46
92005,BORIVALI,05:01
90007,BORIVALI,04:56
90007A,BORIVALI,05:06
94001,BORIVALI,05:07
90011,BORIVALI,05:20
90013,BORIVALI,05:21
90015,BORIVALI,05:22
92001,Dahisar,04:45
92003,Dahisar,04:50
92005,Dahisar,05:05
90007,Dahisar,05:00
90007A,Dahisar,05:11
94001,Dahisar,05:11
90011,Dahisar,05:24
90013,Dahisar,05:25
92001,Mira Road,04:49
92003,Mira Road,04:55
92005,Mira Road,05:10
90007,Mira Road,05:05
90007A,Mira Road,05:16
94001,Mira Road,05:16
90011,Mira Road,05:29
90013,Mira Road,05:30
92001,Bhayandar,04:54
92003,Bhayandar,05:00
90003,Bhayandar,05:08
92005,Bhayandar,05:15
90007,Bhayandar,05:10
90007A,Bhayandar,05:21
94001,Bhayandar,05:21
90009,Bhayandar,05:25
90011,Bhayandar,05:34
90013,Bhayandar,05:35
92001,Naigaon,04:59
92003,Naigaon,05:06
90003,Naigaon,05:14
92005,Naigaon,05:21
90007,Naigaon,05:16
94001,Naigaon,05:27
90009,Naigaon,05:31
90011,Naigaon,05:40
90013,Naigaon,05:41
92001,Vasai Road,05:04
92003,Vasai Road,05:11
90003,Vasai Road,05:19
92005,Vasai Road,05:26
90007,Vasai Road,05:21
94001,Vasai Road,05:32
90009,Vasai Road,05:36
90011,Vasai Road,05:45
90013,Vasai Road,05:48
92001,Nalla Sopara,05:09
92003,Nalla Sopara,05:16
90003,Nalla Sopara,05:24
92005,Nalla Sopara,05:31
90007,Nalla Sopara,05:26
94001,Nalla Sopara,05:37
90009,Nalla Sopara,05:41
90011,Nalla Sopara,05:50
93001,VIRAR,04:50
92001,VIRAR,05:15
92003,VIRAR,05:23
90003,VIRAR,05:31
92005,VIRAR,05:38
93003,VIRAR,05:35
90007,VIRAR,05:39
94001,VIRAR,05:45
90009,VIRAR,05:48
90011,VIRAR,05:58
90019,CHURCHGATE,04:38
90021,CHURCHGATE,04:40
90025,CHURCHGATE,04:46
90029,CHURCHGATE,04:55
93005,CHURCHGATE,05:03
90031,CHURCHGATE,05:00
90033,CHURCHGATE,05:07
90041,CHURCHGATE,05:15
90019,Marine Lines,04:41
90021,Marine Lines,04:43
90025,Marine Lines,04:49
90029,Marine Lines,04:58
93005,Marine Lines,05:06
90031,Marine Lines,05:03
90033,Marine Lines,05:10
90041,Marine Lines,05:18
90019,Charni Road,04:43
90021,Charni Road,04:45
90025,Charni Road,04:51
90029,Charni Road,05:00
93005,Charni Road,05:09
90031,Charni Road,05:05
90033,Charni Road,05:12
90041,Charni Road,05:20
90019,Grant Road,04:46
90021,Grant Road,04:48
90025,Grant Road,04:54
90029,Grant Road,05:03
93005,Grant Road,05:11
90031,Grant Road,05:08
90033,Grant Road,05:15
90041,Grant Road,05:23
90019,M'BAI CENTRAL (L),04:48
90021,M'BAI CENTRAL (L),04:50
90025,M'BAI CENTRAL (L),04:56
90029,M'BAI CENTRAL (L),05:05
93005,M'BAI CENTRAL (L),05:13
90031,M'BAI CENTRAL (L),05:10
90033,M'BAI CENTRAL (L),05:17
90041,M'BAI CENTRAL (L),05:25
90019,Mahalakshmi,04:51
90025,Mahalakshmi,04:59
90029,Mahalakshmi,05:08
90031,Mahalakshmi,05:13
90037,Mahalakshmi,05:17
90019,Lower Parel,04:54
90025,Lower Parel,05:02
90029,Lower Parel,05:11
90031,Lower Parel,05:16
90037,Lower Parel,05:21
90019,Prabhadevi,04:57
90025,Prabhadevi,05:05
90029,Prabhadevi,05:14
90031,Prabhadevi,05:19
90037,Prabhadevi,05:24
90019,DADAR,04:59
90021,DADAR,04:57
90025,DADAR,05:07
90029,DADAR,05:16
92009,DADAR,05:15
93005,DADAR,05:20
90031,DADAR,05:21
90033,DADAR,05:24
90037,DADAR,05:26
90041,DADAR,05:32
90019,Matunga Road,05:01
90025,Matunga Road,05:09
90029,Matunga Road,05:18
90031,Matunga Road,05:23
90037,Matunga Road,05:28
90019,Mahim Jn.,05:04
90025,Mahim Jn.,05:12
90029,Mahim Jn.,05:21
90031,Mahim Jn.,05:26
90037,Mahim Jn.,05:31
90017,BANDRA,04:55
90019,BANDRA,05:08
90021,BANDRA,05:03
90025,BANDRA,05:16
90027,BANDRA,05:20
90029,BANDRA,05:25
92009,BANDRA,05:22
93005,BANDRA,05:27
90031,BANDRA,05:30
90033,BANDRA,05:30
90037,BANDRA,05:35
90039,BANDRA,05:40
90041,BANDRA,05:37
90017,Khar Road,04:58
90019,Khar Road,05:11
90025,Khar Road,05:19
90027,Khar Road,05:23
90029,Khar Road,05:28
90031,Khar Road,05:33
90037,Khar Road,05:39
90039,Khar Road,05:45
90017,Santa Cruz,05:00
90019,Santa Cruz,05:13
90025,Santa Cruz,05:21
90027,Santa Cruz,05:25
90029,Santa Cruz,05:30
90031,Santa Cruz,05:35
90037,Santa Cruz,05:41
90039,Santa Cruz,05:47
90017,Vile Parle,05:03
90019,Vile Parle,05:16
90025,Vile Parle,05:24
90027,Vile Parle,05:28
90029,Vile Parle,05:33
90031,Vile Parle,05:38
90037,Vile Parle,05:44
90039,Vile Parle,05:50
90017,ANDHERI,05:08
90019,ANDHERI,05:22
90021,ANDHERI,05:12
90025,ANDHERI,05:28
90027,ANDHERI,05:33
90029,ANDHERI,05:37
92009,ANDHERI,05:32
93005,ANDHERI,05:36
90031,ANDHERI,05:43
90033,ANDHERI,05:40
90037,ANDHERI,05:49
90039,ANDHERI,05:56
90041,ANDHERI,05:45
90017,Jogeshwari,05:12
90019,Jogeshwari,05:25
90025,Jogeshwari,05:31
90027,Jogeshwari,05:36
90029,Jogeshwari,05:40
90031,Jogeshwari,05:46
90037,Jogeshwari,05:52
90039,Jogeshwari,05:59
90017,Ram Mandir,05:15
90019,Ram Mandir,05:28
90025,Ram Mandir,05:34
90027,Ram Mandir,05:39
90029,Ram Mandir,05:43
90031,Ram Mandir,05:49
90037,Ram Mandir,05:55
90039,Ram Mandir,06:02
90017,Goregaon,05:17
90019,Goregaon,05:30
90025,Goregaon,05:36
90027,Goregaon,05:41
90029,Goregaon,05:45
90031,Goregaon,05:51
90037,Goregaon,05:57
90039,Goregaon,06:04
90017,Malad,05:21
90019,Malad,05:34
90025,Malad,05:40
90027,Malad,05:45
90029,Malad,05:49
90031,Malad,05:55
90037,Malad,06:01
90039,Malad,06:08
90017,Kandivli,05:24
90019,Kandivli,05:37
90025,Kandivli,05:43
90027,Kandivli,05:48
90029,Kandivli,05:52
90031,Kandivli,05:58
90037,Kandivli,06:04
90039,Kandivli,06:11
90017,BORIVALI,05:30
90019,BORIVALI,05:44
90021,BORIVALI,05:26
90025,BORIVALI,05:49
90027,BORIVALI,05:55
90029,BORIVALI,05:58
92009,BORIVALI,05:45
93005,BORIVALI,05:49
90031,BORIVALI,06:05
90033,BORIVALI,05:54
90037,BORIVALI,06:11
90039,BORIVALI,06:17
90041,BORIVALI,05:58
90021,Dahisar,05:30
92009,Dahisar,05:50
90033,Dahisar,05:58
90041,Dahisar,06:02
90021,Mira Road,05:35
92009,Mira Road,05:54
90033,Mira Road,06:02
90041,Mira Road,06:07
90021,Bhayandar,05:40
92007,Bhayandar,05:45
92009,Bhayandar,05:59
93005,Bhayandar,05:58
90033,Bhayandar,06:07
90035,Bhayandar,06:08
90041,Bhayandar,06:12
90021,Naigaon,05:45
92007,Naigaon,05:52
92009,Naigaon,06:04
90033,Naigaon,06:12
90035,Naigaon,06:15
90041,Naigaon,06:18
90021,Vasai Road,05:50
92007,Vasai Road,05:57
92009,Vasai Road,06:09
93005,Vasai Road,06:05
90033,Vasai Road,06:17
90035,Vasai Road,06:21
90041,Vasai Road,06:23
90021,Nalla Sopara,05:55
92007,Nalla Sopara,06:02
92009,Nalla Sopara,06:14
90033,Nalla Sopara,06:22
90035,Nalla Sopara,06:26
90041,Nalla Sopara,06:28
90021,VIRAR,06:02
92007,VIRAR,06:11
92009,VIRAR,06:20
93005,VIRAR,06:15
90033,VIRAR,06:30
90035,VIRAR,06:34
90041,VIRAR,06:38
90045,CHURCHGATE,05:15
90047,CHURCHGATE,05:19
90049,CHURCHGATE,05:23
90051,CHURCHGATE,05:28
90053,CHURCHGATE,05:29
92229,CHURCHGATE,05:36
90059,CHURCHGATE,05:36
94005,CHURCHGATE,05:40
90045,Marine Lines,05:18
90047,Marine Lines,05:22
90049,Marine Lines,05:26
90051,Marine Lines,05:31
90053,Marine Lines,05:32
90059,Marine Lines,05:39
94005,Marine Lines,05:43
90045,Charni Road,05:20
90047,Charni Road,05:24
90049,Charni Road,05:28
90051,Charni Road,05:33
90053,Charni Road,05:34
90059,Charni Road,05:41
94005,Charni Road,05:45
90045,Grant Road,05:23
90047,Grant Road,05:27
90049,Grant Road,05:31
90051,Grant Road,05:36
90053,Grant Road,05:37
90059,Grant Road,05:44
94005,Grant Road,05:48
90045,M'BAI CENTRAL (L),05:25
90047,M'BAI CENTRAL (L),05:29
90049,M'BAI CENTRAL (L),05:33
90051,M'BAI CENTRAL (L),05:38
90053,M'BAI CENTRAL (L),05:39
92229,M'BAI CENTRAL (L),05:48
90059,M'BAI CENTRAL (L),05:46
94005,M'BAI CENTRAL (L),05:50
90045,Mahalakshmi,05:28
90047,Mahalakshmi,05:31
94003,Mahalakshmi,05:35
90051,Mahalakshmi,05:41
90057,Mahalakshmi,05:45
90059,Mahalakshmi,05:49
94005,Mahalakshmi,05:53
90045,Lower Parel,05:31
90047,Lower Parel,05:34
94003,Lower Parel,05:39
90051,Lower Parel,05:44
90057,Lower Parel,05:48
90059,Lower Parel,05:52
94005,Lower Parel,05:56
90045,Prabhadevi,05:34
90047,Prabhadevi,05:37
94003,Prabhadevi,05:42
90051,Prabhadevi,05:47
90057,Prabhadevi,05:51
90059,Prabhadevi,05:55
94005,Prabhadevi,05:59
90045,DADAR,05:36
90047,DADAR,05:39
90049,DADAR,05:40
94003,DADAR,05:45
90051,DADAR,05:49
90053,DADAR,05:46
92229,DADAR,05:57
90057,DADAR,05:53
90059,DADAR,05:57
94005,DADAR,06:01
90045,Matunga Road,05:38
90047,Matunga Road,05:41
94003,Matunga Road,05:47
90051,Matunga Road,05:52
90057,Matunga Road,05:55
90059,Matunga Road,05:59
94005,Matunga Road,06:03
90045,Mahim Jn.,05:41
90047,Mahim Jn.,05:44
94003,Mahim Jn.,05:50
90051,Mahim Jn.,05:55
90057,Mahim Jn.,05:58
90059,Mahim Jn.,06:02
94005,Mahim Jn.,06:06
90045,BANDRA,05:45
90047,BANDRA,05:48
90049,BANDRA,05:45
94003,BANDRA,05:54
90051,BANDRA,05:59
90053,BANDRA,05:51
92229,BANDRA,06:02
90057,BANDRA,06:02
90059,BANDRA,06:06
94005,BANDRA,06:11
90045,Khar Road,05:48
90047,Khar Road,05:51
94003,Khar Road,05:57
90051,Khar Road,06:02
90057,Khar Road,06:05
90059,Khar Road,06:09
94005,Khar Road,06:14
90045,Santa Cruz,05:50
90047,Santa Cruz,05:54
94003,Santa Cruz,05:59
90051,Santa Cruz,06:04
90057,Santa Cruz,06:07
90059,Santa Cruz,06:11
94005,Santa Cruz,06:16
90045,Vile Parle,05:53
90047,Vile Parle,05:57
94003,Vile Parle,06:02
90051,Vile Parle,06:07
90057,Vile Parle,06:10
90059,Vile Parle,06:14
94005,Vile Parle,06:19
90045,ANDHERI,05:58
90047,ANDHERI,06:02
90049,ANDHERI,05:54
92013,ANDHERI,06:05
94003,ANDHERI,06:08
90051,ANDHERI,06:12
90053,ANDHERI,06:00
92229,ANDHERI,06:11
90057,ANDHERI,06:15
90059,ANDHERI,06:19
94005,ANDHERI,06:24
90045,Jogeshwari,06:01
90047,Jogeshwari,06:05
92013,Jogeshwari,06:09
94003,Jogeshwari,06:12
90051,Jogeshwari,06:15
90057,Jogeshwari,06:18
90059,Jogeshwari,06:22
94005,Jogeshwari,06:27
90045,Ram Mandir,06:04
90047,Ram Mandir,06:08
92013,Ram Mandir,06:12
94003,Ram Mandir,06:15
90051,Ram Mandir,06:18
90057,Ram Mandir,06:21
90059,Ram Mandir,06:25
94005,Ram Mandir,06:30
90045,Goregaon,06:06
90047,Goregaon,06:13
92013,Goregaon,06:14
94003,Goregaon,06:17
90051,Goregaon,06:20
90057,Goregaon,06:23
90059,Goregaon,06:27
94005,Goregaon,06:32
90045,Malad,06:10
92013,Malad,06:18
94003,Malad,06:21
90051,Malad,06:24
90057,Malad,06:27
90059,Malad,06:31
94005,Malad,06:36
90045,Kandivli,06:13
92013,Kandivli,06:21
94003,Kandivli,06:24
90051,Kandivli,06:27
90057,Kandivli,06:30
90059,Kandivli,06:34
94005,Kandivli,06:39
90043,BORIVALI,06:03
90045,BORIVALI,06:19
90049,BORIVALI,06:07
92011,BORIVALI,06:16
92013,BORIVALI,06:27
94003,BORIVALI,06:30
90051,BORIVALI,06:33
90053,BORIVALI,06:12
92229,BORIVALI,06:24
90057,BORIVALI,06:36
92015,BORIVALI,06:36
90059,BORIVALI,06:41
94005,BORIVALI,06:45
90043,Dahisar,06:09
90049,Dahisar,06:11
92011,Dahisar,06:21
92013,Dahisar,06:32
90053,Dahisar,06:17
92229,Dahisar,06:29
92015,Dahisar,06:41
90043,Mira Road,06:13
90049,Mira Road,06:16
92011,Mira Road,06:26
92013,Mira Road,06:37
90053,Mira Road,06:22
92229,Mira Road,06:33
92015,Mira Road,06:46
90043,Bhayandar,06:18
90049,Bhayandar,06:21
92011,Bhayandar,06:31
92013,Bhayandar,06:42
90053,Bhayandar,06:27
92229,Bhayandar,06:38
92015,Bhayandar,06:50
90043,Naigaon,06:24
90049,Naigaon,06:26
92011,Naigaon,06:37
92013,Naigaon,06:48
90053,Naigaon,06:33
92229,Naigaon,06:43
92015,Naigaon,06:56
90043,Vasai Road,06:31
90049,Vasai Road,06:31
92011,Vasai Road,06:42
92013,Vasai Road,06:53
90053,Vasai Road,06:38
92229,Vasai Road,06:50
92015,Vasai Road,07:01
90049,Nalla Sopara,06:36
92011,Nalla Sopara,06:47
92013,Nalla Sopara,06:58
90053,Nalla Sopara,06:43
92015,Nalla Sopara,07:06
90049,VIRAR,06:43
92011,VIRAR,06:56
92013,VIRAR,07:05
90053,VIRAR,06:53
92015,VIRAR,07:13
93007,CHURCHGATE,05:52
90071,CHURCHGATE,05:56
92213,CHURCHGATE,06:00
90077,CHURCHGATE,05:59
90079,CHURCHGATE,06:03
90083,CHURCHGATE,06:05
90087,CHURCHGATE,06:11
94111,CHURCHGATE,06:14
93007,Marine Lines,05:55
90071,Marine Lines,05:59
90077,Marine Lines,06:02
90079,Marine Lines,06:06
90083,Marine Lines,06:08
90087,Marine Lines,06:14
94111,Marine Lines,06:17
93007,Charni Road,05:58
90071,Charni Road,06:01
90077,Charni Road,06:04
90079,Charni Road,06:08
90083,Charni Road,06:10
90087,Charni Road,06:16
94111,Charni Road,06:19
93007,Grant Road,06:01
90071,Grant Road,06:04
90077,Grant Road,06:07
90079,Grant Road,06:11
90083,Grant Road,06:13
90087,Grant Road,06:19
94111,Grant Road,06:22
93007,M'BAI CENTRAL (L),06:05
90071,M'BAI CENTRAL (L),06:06
92213,M'BAI CENTRAL (L),06:10
90077,M'BAI CENTRAL (L),06:09
90079,M'BAI CENTRAL (L),06:13
90083,M'BAI CENTRAL (L),06:15
90087,M'BAI CENTRAL (L),06:21
94111,M'BAI CENTRAL (L),06:24
90069,Mahalakshmi,06:03
90071,Mahalakshmi,06:09
90077,Mahalakshmi,06:12
90079,Mahalakshmi,06:16
90085,Mahalakshmi,06:20
90087,Mahalakshmi,06:24
94111,Mahalakshmi,06:27
90069,Lower Parel,06:06
90071,Lower Parel,06:12
90077,Lower Parel,06:15
90079,Lower Parel,06:19
90085,Lower Parel,06:23
90087,Lower Parel,06:27
94111,Lower Parel,06:30
90069,Prabhadevi,06:09
90071,Prabhadevi,06:15
90077,Prabhadevi,06:18
90079,Prabhadevi,06:22
90085,Prabhadevi,06:26
90087,Prabhadevi,06:30
94111,Prabhadevi,06:33
93007,DADAR,06:13
90069,DADAR,06:11
90071,DADAR,06:17
92213,DADAR,06:17
90077,DADAR,06:20
90079,DADAR,06:24
90083,DADAR,06:22
90085,DADAR,06:28
90087,DADAR,06:32
94111,DADAR,06:35
90069,Matunga Road,06:13
90071,Matunga Road,06:19
90077,Matunga Road,06:22
90079,Matunga Road,06:26
90085,Matunga Road,06:30
90087,Matunga Road,06:34
94111,Matunga Road,06:37
90069,Mahim Jn.,06:16
90071,Mahim Jn.,06:22
90077,Mahim Jn.,06:25
90079,Mahim Jn.,06:29
90085,Mahim Jn.,06:33
90087,Mahim Jn.,06:37
94111,Mahim Jn.,06:40
90061,BANDRA,06:15
93007,BANDRA,06:18
90069,BANDRA,06:20
90071,BANDRA,06:26
92213,BANDRA,06:22
90077,BANDRA,06:29
90079,BANDRA,06:33
90083,BANDRA,06:27
90085,BANDRA,06:37
90087,BANDRA,06:41
94111,BANDRA,06:44
90061,Khar Road,06:18
90069,Khar Road,06:23
90071,Khar Road,06:29
90077,Khar Road,06:32
90079,Khar Road,06:36
90085,Khar Road,06:40
90087,Khar Road,06:44
94111,Khar Road,06:47
90061,Santa Cruz,06:20
90069,Santa Cruz,06:25
90071,Santa Cruz,06:31
90077,Santa Cruz,06:34
90079,Santa Cruz,06:38
90085,Santa Cruz,06:42
90087,Santa Cruz,06:46
94111,Santa Cruz,06:49
90061,Vile Parle,06:23
90069,Vile Parle,06:28
90071,Vile Parle,06:34
90077,Vile Parle,06:37
90079,Vile Parle,06:41
90085,Vile Parle,06:45
90087,Vile Parle,06:49
94111,Vile Parle,06:52
90061,ANDHERI,06:28
93007,ANDHERI,06:26
90069,ANDHERI,06:33
90071,ANDHERI,06:39
92213,ANDHERI,06:30
90077,ANDHERI,06:42
90079,ANDHERI,06:46
92019,ANDHERI,06:49
90083,ANDHERI,06:35
90085,ANDHERI,06:50
90087,ANDHERI,06:54
94111,ANDHERI,06:57
90061,Jogeshwari,06:31
90069,Jogeshwari,06:36
90071,Jogeshwari,06:42
90077,Jogeshwari,06:45
90079,Jogeshwari,06:49
92019,Jogeshwari,06:52
90085,Jogeshwari,06:53
90087,Jogeshwari,06:57
94111,Jogeshwari,07:00
90061,Ram Mandir,06:34
90069,Ram Mandir,06:39
90071,Ram Mandir,06:45
90077,Ram Mandir,06:48
90079,Ram Mandir,06:52
92019,Ram Mandir,06:55
90085,Ram Mandir,06:56
90087,Ram Mandir,07:00
94111,Ram Mandir,07:03
90061,Goregaon,06:36
90069,Goregaon,06:41
90071,Goregaon,06:47
90077,Goregaon,06:50
90079,Goregaon,06:54
92019,Goregaon,06:57
90085,Goregaon,07:01
90087,Goregaon,07:02
94111,Goregaon,07:05
90061,Malad,06:39
90069,Malad,06:45
90071,Malad,06:51
90077,Malad,06:54
90079,Malad,06:58
92019,Malad,07:01
90087,Malad,07:06
94111,Malad,07:09
90061,Kandivli,06:42
90069,Kandivli,06:48
90071,Kandivli,06:54
90077,Kandivli,06:57
90079,Kandivli,07:01
92019,Kandivli,07:04
90087,Kandivli,07:09
94111,Kandivli,07:12
90061,BORIVALI,06:49
93007,BORIVALI,06:39
90067,BORIVALI,06:51
90069,BORIVALI,06:55
90071,BORIVALI,07:00
92213,BORIVALI,06:42
92017,BORIVALI,07:04
90077,BORIVALI,07:04
90079,BORIVALI,07:08
92019,BORIVALI,07:10
90083,BORIVALI,06:47
90087,BORIVALI,07:16
94111,BORIVALI,07:19
90067,Dahisar,06:54
92213,Dahisar,06:47
92019,Dahisar,07:14
90067,Mira Road,06:59
92213,Mira Road,06:52
92019,Mira Road,07:19
93007,Bhayandar,06:47
90067,Bhayandar,07:04
92213,Bhayandar,06:57
92019,Bhayandar,07:24
94007,Bhayandar,07:27
90083,Bhayandar,06:55
90067,Naigaon,07:10
92213,Naigaon,07:02
93007,Vasai Road,06:54
90067,Vasai Road,07:15
92213,Vasai Road,07:08
92017,Vasai Road,07:25
90083,Vasai Road,07:03
90067,Nalla Sopara,07:20
92213,Nalla Sopara,07:13
93007,VIRAR,07:04
90067,VIRAR,07:27
92213,VIRAR,07:22
94007,VIRAR,07:52
90083,VIRAR,07:17
90091,CHURCHGATE,06:15
90093,CHURCHGATE,06:17
92021,CHURCHGATE,06:25
90097,CHURCHGATE,06:21
90101,CHURCHGATE,06:32
92027,CHURCHGATE,06:32
94009,CHURCHGATE,06:35
90105,CHURCHGATE,06:35
90107,CHURCHGATE,06:39
90109,CHURCHGATE,06:42
90111,CHURCHGATE,06:48
90091,Marine Lines,06:18
90093,Marine Lines,06:20
90097,Marine Lines,06:24
90101,Marine Lines,06:35
94009,Marine Lines,06:39
90105,Marine Lines,06:38
90107,Marine Lines,06:42
90109,Marine Lines,06:45
90111,Marine Lines,06:51
90091,Charni Road,06:20
90093,Charni Road,06:22
90097,Charni Road,06:26
90101,Charni Road,06:37
94009,Charni Road,06:41
90105,Charni Road,06:40
90107,Charni Road,06:44
90109,Charni Road,06:47
90111,Charni Road,06:53
90091,Grant Road,06:23
90093,Grant Road,06:25
90097,Grant Road,06:29
90101,Grant Road,06:40
94009,Grant Road,06:44
90105,Grant Road,06:43
90107,Grant Road,06:47
90109,Grant Road,06:50
90111,Grant Road,06:56
90091,M'BAI CENTRAL (L),06:25
90093,M'BAI CENTRAL (L),06:27
92021,M'BAI CENTRAL (L),06:33
90097,M'BAI CENTRAL (L),06:31
90101,M'BAI CENTRAL (L),06:42
92027,M'BAI CENTRAL (L),06:42
94009,M'BAI CENTRAL (L),06:46
90105,M'BAI CENTRAL (L),06:45
90107,M'BAI CENTRAL (L),06:49
90109,M'BAI CENTRAL (L),06:52
90111,M'BAI CENTRAL (L),06:58
90093,Mahalakshmi,06:30
90097,Mahalakshmi,06:34
94107,Mahalakshmi,06:39
90101,Mahalakshmi,06:45
94009,Mahalakshmi,06:49
90107,Mahalakshmi,06:52
94011,Mahalakshmi,06:57
90111,Mahalakshmi,07:01
90093,Lower Parel,06:33
90097,Lower Parel,06:37
94107,Lower Parel,06:42
90101,Lower Parel,06:48
94009,Lower Parel,06:52
90107,Lower Parel,06:55
94011,Lower Parel,07:00
90111,Lower Parel,07:04
90093,Prabhadevi,06:36
90097,Prabhadevi,06:40
94107,Prabhadevi,06:45
90101,Prabhadevi,06:51
94009,Prabhadevi,06:55
90107,Prabhadevi,06:58
94011,Prabhadevi,07:03
90111,Prabhadevi,07:07
90091,DADAR,06:33
90093,DADAR,06:38
92021,DADAR,06:40
90097,DADAR,06:43
94107,DADAR,06:47
90101,DADAR,06:53
92027,DADAR,06:49
94009,DADAR,06:57
90105,DADAR,06:53
90107,DADAR,07:00
94011,DADAR,07:05
90109,DADAR,07:00
90111,DADAR,07:09
90093,Matunga Road,06:40
90097,Matunga Road,06:45
94107,Matunga Road,06:49
90101,Matunga Road,06:55
94009,Matunga Road,06:59
90107,Matunga Road,07:02
94011,Matunga Road,07:07
90111,Matunga Road,07:11
90093,Mahim Jn.,06:43
90097,Mahim Jn.,06:48
94107,Mahim Jn.,06:52
90101,Mahim Jn.,06:58
94009,Mahim Jn.,07:02
90107,Mahim Jn.,07:05
94011,Mahim Jn.,07:10
90111,Mahim Jn.,07:14
90091,BANDRA,06:38
90093,BANDRA,06:47
92021,BANDRA,06:45
90097,BANDRA,06:52
94107,BANDRA,06:56
90101,BANDRA,07:02
92027,BANDRA,06:54
94009,BANDRA,07:06
90105,BANDRA,06:58
90107,BANDRA,07:09
94011,BANDRA,07:13
90109,BANDRA,07:06
90111,BANDRA,07:18
90093,Khar Road,06:50
90097,Khar Road,06:55
94107,Khar Road,06:59
90101,Khar Road,07:05
94009,Khar Road,07:09
90107,Khar Road,07:12
94011,Khar Road,07:16
90111,Khar Road,07:21
90093,Santa Cruz,06:52
90097,Santa Cruz,06:57
94107,Santa Cruz,07:01
90101,Santa Cruz,07:07
94009,Santa Cruz,07:12
90107,Santa Cruz,07:14
94011,Santa Cruz,07:19
90111,Santa Cruz,07:23
90093,Vile Parle,06:55
90097,Vile Parle,07:00
94107,Vile Parle,07:04
90101,Vile Parle,07:10
94009,Vile Parle,07:15
90107,Vile Parle,07:17
94011,Vile Parle,07:22
90111,Vile Parle,07:26
90091,ANDHERI,06:46
90093,ANDHERI,07:00
92021,ANDHERI,06:53
92023,ANDHERI,07:00
92025,ANDHERI,07:03
90097,ANDHERI,07:06
94107,ANDHERI,07:10
90101,ANDHERI,07:15
92027,ANDHERI,07:04
94009,ANDHERI,07:20
90105,ANDHERI,07:07
90107,ANDHERI,07:22
94011,ANDHERI,07:27
90109,ANDHERI,07:16
90111,ANDHERI,07:32
90093,Jogeshwari,07:03
92025,Jogeshwari,07:07
90097,Jogeshwari,07:10
94107,Jogeshwari,07:14
90101,Jogeshwari,07:18
94009,Jogeshwari,07:23
90107,Jogeshwari,07:25
94011,Jogeshwari,07:30
90111,Jogeshwari,07:35
90093,Ram Mandir,07:06
92025,Ram Mandir,07:10
90097,Ram Mandir,07:13
94107,Ram Mandir,07:17
90101,Ram Mandir,07:21
94009,Ram Mandir,07:26
90107,Ram Mandir,07:28
94011,Ram Mandir,07:33
90111,Ram Mandir,07:38
90093,Goregaon,07:08
92025,Goregaon,07:12
90097,Goregaon,07:15
94107,Goregaon,07:19
90101,Goregaon,07:23
94009,Goregaon,07:28
90107,Goregaon,07:32
94011,Goregaon,07:35
90111,Goregaon,07:40
90093,Malad,07:12
92025,Malad,07:16
90097,Malad,07:19
94107,Malad,07:23
90101,Malad,07:27
94009,Malad,07:32
94011,Malad,07:39
90111,Malad,07:44
90093,Kandivli,07:15
92025,Kandivli,07:19
90097,Kandivli,07:22
94107,Kandivli,07:26
90101,Kandivli,07:30
94009,Kandivli,07:35
94011,Kandivli,07:42
90111,Kandivli,07:47
90091,BORIVALI,06:59
90093,BORIVALI,07:22
92021,BORIVALI,07:05
92023,BORIVALI,07:15
92025,BORIVALI,07:25
90097,BORIVALI,07:30
94107,BORIVALI,07:34
90101,BORIVALI,07:37
92027,BORIVALI,07:18
94009,BORIVALI,07:41
90105,BORIVALI,07:21
94011,BORIVALI,07:47
90109,BORIVALI,07:31
90111,BORIVALI,07:54
90091,Dahisar,07:04
92025,Dahisar,07:31
90105,Dahisar,07:26
94011,Dahisar,07:51
90091,Mira Road,07:09
92025,Mira Road,07:36
90105,Mira Road,07:31
94011,Mira Road,07:56
90091,Bhayandar,07:14
92021,Bhayandar,07:13
92023,Bhayandar,07:24
92025,Bhayandar,07:41
92027,Bhayandar,07:28
90105,Bhayandar,07:36
94011,Bhayandar,08:01
90091,Naigaon,07:20
92025,Naigaon,07:47
90105,Naigaon,07:42
94011,Naigaon,08:06
90091,Vasai Road,07:25
92021,Vasai Road,07:21
92023,Vasai Road,07:34
92025,Vasai Road,07:52
92027,Vasai Road,07:37
90105,Vasai Road,07:47
94011,Vasai Road,08:11
90091,Nalla Sopara,07:30
92025,Nalla Sopara,07:58
90105,Nalla Sopara,07:52
94011,Nalla Sopara,08:16
90091,VIRAR,07:38
92021,VIRAR,07:32
92023,VIRAR,07:44
92025,VIRAR,08:07
92027,VIRAR,07:49
90105,VIRAR,07:59
94011,VIRAR,08:23
90113,CHURCHGATE,06:48
90115,CHURCHGATE,06:51
94123,CHURCHGATE,06:55
92029,CHURCHGATE,06:59
90121,CHURCHGATE,07:00
94135,CHURCHGATE,07:03
90125,CHURCHGATE,07:05
90127,CHURCHGATE,07:07
90129,CHURCHGATE,07:09
93009,CHURCHGATE,07:11
90131,CHURCHGATE,07:12
90113,Marine Lines,06:51
90115,Marine Lines,06:54
94123,Marine Lines,06:58
90121,Marine Lines,07:03
94135,Marine Lines,07:06
90125,Marine Lines,07:08
90127,Marine Lines,07:10
90129,Marine Lines,07:12
93009,Marine Lines,07:14
90131,Marine Lines,07:15
90113,Charni Road,06:53
90115,Charni Road,06:56
94123,Charni Road,07:00
90121,Charni Road,07:05
94135,Charni Road,07:08
90125,Charni Road,07:10
90127,Charni Road,07:12
90129,Charni Road,07:14
93009,Charni Road,07:17
90131,Charni Road,07:17
90113,Grant Road,06:56
90115,Grant Road,06:59
94123,Grant Road,07:03
90121,Grant Road,07:08
94135,Grant Road,07:11
90125,Grant Road,07:13
90127,Grant Road,07:15
90129,Grant Road,07:17
93009,Grant Road,07:20
90131,Grant Road,07:20
90113,M'BAI CENTRAL (L),06:58
90115,M'BAI CENTRAL (L),07:01
94123,M'BAI CENTRAL (L),07:05
92029,M'BAI CENTRAL (L),07:08
90121,M'BAI CENTRAL (L),07:10
94135,M'BAI CENTRAL (L),07:13
90125,M'BAI CENTRAL (L),07:15
90127,M'BAI CENTRAL (L),07:17
90129,M'BAI CENTRAL (L),07:19
93009,M'BAI CENTRAL (L),07:22
90131,M'BAI CENTRAL (L),07:22
90115,Mahalakshmi,07:04
94123,Mahalakshmi,07:08
90121,Mahalakshmi,07:13
90125,Mahalakshmi,07:18
90129,Mahalakshmi,07:22
90131,Mahalakshmi,07:25
90115,Lower Parel,07:07
94123,Lower Parel,07:11
90121,Lower Parel,07:16
90125,Lower Parel,07:21
90129,Lower Parel,07:25
90131,Lower Parel,07:28
90115,Prabhadevi,07:10
94123,Prabhadevi,07:14
90121,Prabhadevi,07:19
90125,Prabhadevi,07:24
90129,Prabhadevi,07:28
90131,Prabhadevi,07:31
90113,DADAR,07:05
90115,DADAR,07:12
94123,DADAR,07:16
92029,DADAR,07:15
90121,DADAR,07:21
94135,DADAR,07:20
90125,DADAR,07:26
90127,DADAR,07:24
90129,DADAR,07:30
93009,DADAR,07:29
90131,DADAR,07:33
90115,Matunga Road,07:14
94123,Matunga Road,07:18
90121,Matunga Road,07:24
90125,Matunga Road,07:29
90129,Matunga Road,07:33
90131,Matunga Road,07:36
90115,Mahim Jn.,07:17
94123,Mahim Jn.,07:21
90121,Mahim Jn.,07:27
90125,Mahim Jn.,07:32
90129,Mahim Jn.,07:36
90131,Mahim Jn.,07:39
90113,BANDRA,07:10
90115,BANDRA,07:21
94123,BANDRA,07:25
92029,BANDRA,07:20
90121,BANDRA,07:31
94135,BANDRA,07:25
90125,BANDRA,07:36
90127,BANDRA,07:30
90129,BANDRA,07:40
93009,BANDRA,07:35
90131,BANDRA,07:43
90115,Khar Road,07:24
94123,Khar Road,07:28
90121,Khar Road,07:34
90125,Khar Road,07:39
90129,Khar Road,07:43
90131,Khar Road,07:46
90115,Santa Cruz,07:26
94123,Santa Cruz,07:30
90121,Santa Cruz,07:36
90125,Santa Cruz,07:41
90129,Santa Cruz,07:45
90131,Santa Cruz,07:48
90115,Vile Parle,07:29
94123,Vile Parle,07:33
90121,Vile Parle,07:39
90125,Vile Parle,07:44
90129,Vile Parle,07:48
90131,Vile Parle,07:51
90113,ANDHERI,07:19
90115,ANDHERI,07:34
94123,ANDHERI,07:39
92029,ANDHERI,07:28
92033,ANDHERI,07:41
90121,ANDHERI,07:45
94135,ANDHERI,07:33
90125,ANDHERI,07:49
90127,ANDHERI,07:38
90129,ANDHERI,07:53
93009,ANDHERI,07:45
90131,ANDHERI,07:54
90115,Jogeshwari,07:37
94123,Jogeshwari,07:42
92033,Jogeshwari,07:45
90121,Jogeshwari,07:49
90125,Jogeshwari,07:53
90129,Jogeshwari,07:57
90131,Jogeshwari,07:58
90115,Ram Mandir,07:40
94123,Ram Mandir,07:45
92033,Ram Mandir,07:48
90121,Ram Mandir,07:52
90125,Ram Mandir,07:56
90129,Ram Mandir,08:00
90131,Ram Mandir,08:01
90115,Goregaon,07:44
94123,Goregaon,07:47
92033,Goregaon,07:50
90121,Goregaon,07:54
90125,Goregaon,07:58
90129,Goregaon,08:02
90131,Goregaon,08:04
94123,Malad,07:51
92033,Malad,07:54
90121,Malad,07:58
90125,Malad,08:02
90129,Malad,08:06
94123,Kandivli,07:54
92033,Kandivli,07:57
90121,Kandivli,08:01
90125,Kandivli,08:05
90129,Kandivli,08:09
90113,BORIVALI,07:33
94109,BORIVALI,07:37
94123,BORIVALI,08:00
92029,BORIVALI,07:40
92031,BORIVALI,07:42
92033,BORIVALI,08:03
90121,BORIVALI,08:07
94135,BORIVALI,07:45
90125,BORIVALI,08:11
90127,BORIVALI,07:51
90129,BORIVALI,08:15
93009,BORIVALI,07:58
90113,Dahisar,07:37
92029,Dahisar,07:44
92031,Dahisar,07:47
92033,Dahisar,08:07
90121,Dahisar,08:12
90127,Dahisar,07:55
90113,Mira Road,07:42
92029,Mira Road,07:49
92031,Mira Road,07:51
92033,Mira Road,08:12
90121,Mira Road,08:17
90127,Mira Road,08:00
90113,Bhayandar,07:47
94109,Bhayandar,07:52
92029,Bhayandar,07:54
92031,Bhayandar,07:56
92033,Bhayandar,08:17
90121,Bhayandar,08:22
94135,Bhayandar,07:59
90127,Bhayandar,08:05
93009,Bhayandar,08:08
90113,Naigaon,07:53
92029,Naigaon,08:00
92031,Naigaon,08:02
92033,Naigaon,08:23
90121,Naigaon,08:28
90127,Naigaon,08:11
90113,Vasai Road,07:58
92029,Vasai Road,08:05
92031,Vasai Road,08:07
92033,Vasai Road,08:28
90121,Vasai Road,08:33
94135,Vasai Road,08:10
90127,Vasai Road,08:16
93009,Vasai Road,08:18
90113,Nalla Sopara,08:04
92029,Nalla Sopara,08:10
92031,Nalla Sopara,08:12
92033,Nalla Sopara,08:33
90121,Nalla Sopara,08:38
90127,Nalla Sopara,08:21
90113,VIRAR,08:12
92029,VIRAR,08:18
92031,VIRAR,08:19
92033,VIRAR,08:39
90121,VIRAR,08:45
94135,VIRAR,08:23
90127,VIRAR,08:28
93009,VIRAR,08:29
90133,CHURCHGATE,07:15
90135,CHURCHGATE,07:16
90139,CHURCHGATE,07:21
90143,CHURCHGATE,07:20
90147,CHURCHGATE,07:24
90149,CHURCHGATE,07:27
94013,CHURCHGATE,07:29
90151,CHURCHGATE,07:30
90153,CHURCHGATE,07:32
90155,CHURCHGATE,07:33
90157,CHURCHGATE,07:36
90133,Marine Lines,07:18
90135,Marine Lines,07:19
90139,Marine Lines,07:24
90147,Marine Lines,07:27
90149,Marine Lines,07:30
94013,Marine Lines,07:32
90151,Marine Lines,07:33
90153,Marine Lines,07:35
90155,Marine Lines,07:36
90157,Marine Lines,07:39
90133,Charni Road,07:20
90135,Charni Road,07:21
90139,Charni Road,07:26
90147,Charni Road,07:29
90149,Charni Road,07:32
94013,Charni Road,07:34
90151,Charni Road,07:35
90153,Charni Road,07:37
90155,Charni Road,07:38
90157,Charni Road,07:41
90133,Grant Road,07:23
90135,Grant Road,07:24
90139,Grant Road,07:29
90147,Grant Road,07:32
90149,Grant Road,07:35
94013,Grant Road,07:37
90151,Grant Road,07:38
90153,Grant Road,07:40
90155,Grant Road,07:41
90157,Grant Road,07:44
90133,M'BAI CENTRAL (L),07:25
90135,M'BAI CENTRAL (L),07:26
90139,M'BAI CENTRAL (L),07:31
90143,M'BAI CENTRAL (L),07:29
90147,M'BAI CENTRAL (L),07:34
90149,M'BAI CENTRAL (L),07:37
94013,M'BAI CENTRAL (L),07:39
90151,M'BAI CENTRAL (L),07:40
90153,M'BAI CENTRAL (L),07:42
90155,M'BAI CENTRAL (L),07:43
90157,M'BAI CENTRAL (L),07:46
90133,Mahalakshmi,07:28
90139,Mahalakshmi,07:34
90145,Mahalakshmi,07:38
90149,Mahalakshmi,07:41
90151,Mahalakshmi,07:44
90155,Mahalakshmi,07:47
90157,Mahalakshmi,07:50
90133,Lower Parel,07:31
90139,Lower Parel,07:37
90145,Lower Parel,07:41
90149,Lower Parel,07:44
90151,Lower Parel,07:47
90155,Lower Parel,07:50
90157,Lower Parel,07:53
90133,Prabhadevi,07:34
90139,Prabhadevi,07:40
90145,Prabhadevi,07:44
90149,Prabhadevi,07:47
90151,Prabhadevi,07:50
90155,Prabhadevi,07:53
90157,Prabhadevi,07:56
90133,DADAR,07:36
90135,DADAR,07:33
90139,DADAR,07:42
90143,DADAR,07:37
90145,DADAR,07:46
90147,DADAR,07:41
90149,DADAR,07:49
94013,DADAR,07:46
90151,DADAR,07:52
90153,DADAR,07:49
90155,DADAR,07:55
90157,DADAR,07:58
90133,Matunga Road,07:39
90139,Matunga Road,07:45
90145,Matunga Road,07:49
90149,Matunga Road,07:52
90151,Matunga Road,07:54
90155,Matunga Road,07:57
90157,Matunga Road,08:00
90133,Mahim Jn.,07:42
90139,Mahim Jn.,07:48
90145,Mahim Jn.,07:52
90149,Mahim Jn.,07:55
90151,Mahim Jn.,07:57
90155,Mahim Jn.,08:00
90157,Mahim Jn.,08:03
90133,BANDRA,07:46
90135,BANDRA,07:39
90139,BANDRA,07:52
90141,BANDRA,07:54
90143,BANDRA,07:44
90145,BANDRA,07:57
90147,BANDRA,07:47
90149,BANDRA,08:00
94013,BANDRA,07:52
90151,BANDRA,08:02
90153,BANDRA,07:55
90155,BANDRA,08:05
90157,BANDRA,08:07
90133,Khar Road,07:49
90139,Khar Road,07:55
90141,Khar Road,07:58
90145,Khar Road,08:01
90149,Khar Road,08:03
90151,Khar Road,08:05
90157,Khar Road,08:10
90133,Santa Cruz,07:51
90139,Santa Cruz,07:57
90141,Santa Cruz,08:00
90145,Santa Cruz,08:03
90149,Santa Cruz,08:05
90151,Santa Cruz,08:07
90157,Santa Cruz,08:12
90133,Vile Parle,07:54
90139,Vile Parle,08:00
90141,Vile Parle,08:03
90145,Vile Parle,08:06
90149,Vile Parle,08:08
90151,Vile Parle,08:10
90157,Vile Parle,08:15
90135,ANDHERI,07:48
90139,ANDHERI,08:05
90141,ANDHERI,08:08
90145,ANDHERI,08:11
90147,ANDHERI,07:58
90149,ANDHERI,08:12
94013,ANDHERI,08:00
90151,ANDHERI,08:14
90153,ANDHERI,08:03
92037,ANDHERI,08:16
90157,ANDHERI,08:21
90139,Jogeshwari,08:08
90141,Jogeshwari,08:11
90145,Jogeshwari,08:14
90149,Jogeshwari,08:16
90151,Jogeshwari,08:17
92037,Jogeshwari,08:20
90157,Jogeshwari,08:25
90139,Ram Mandir,08:11
90141,Ram Mandir,08:14
90145,Ram Mandir,08:17
90149,Ram Mandir,08:19
90151,Ram Mandir,08:20
92037,Ram Mandir,08:23
90157,Ram Mandir,08:28
90139,Goregaon,08:13
90141,Goregaon,08:16
90143,Goregaon,08:00
90145,Goregaon,08:19
90149,Goregaon,08:23
90151,Goregaon,08:22
92037,Goregaon,08:25
90157,Goregaon,08:31
90139,Malad,08:17
90141,Malad,08:20
90145,Malad,08:23
90151,Malad,08:26
92037,Malad,08:29
90139,Kandivli,08:20
90141,Kandivli,08:23
90145,Kandivli,08:26
90151,Kandivli,08:29
92037,Kandivli,08:32
90135,BORIVALI,08:02
92035,BORIVALI,08:10
90139,BORIVALI,08:25
90141,BORIVALI,08:30
90145,BORIVALI,08:33
90147,BORIVALI,08:12
94013,BORIVALI,08:16
90151,BORIVALI,08:36
90153,BORIVALI,08:18
92037,BORIVALI,08:38
92035,Dahisar,08:16
90153,Dahisar,08:22
92037,Dahisar,08:42
92035,Mira Road,08:21
90153,Mira Road,08:27
92037,Mira Road,08:47
92035,Bhayandar,08:26
90147,Bhayandar,08:22
90153,Bhayandar,08:32
92037,Bhayandar,08:52
92035,Naigaon,08:32
90153,Naigaon,08:38
92037,Naigaon,08:58
90135,Vasai Road,08:26
92035,Vasai Road,08:37
90147,Vasai Road,08:31
90153,Vasai Road,08:43
92037,Vasai Road,09:02
92035,Nalla Sopara,08:42
90153,Nalla Sopara,08:48
92037,Nalla Sopara,09:07
92035,VIRAR,08:50
90147,VIRAR,08:44
90153,VIRAR,08:57
92037,VIRAR,09:13
94015,CHURCHGATE,07:36
90161,CHURCHGATE,07:39
90163,CHURCHGATE,07:42
93011,CHURCHGATE,07:42
90165,CHURCHGATE,07:45
90167,CHURCHGATE,07:45
90169,CHURCHGATE,07:48
90171,CHURCHGATE,07:50
90173,CHURCHGATE,07:51
90175,CHURCHGATE,07:54
94017,CHURCHGATE,07:54
90179,CHURCHGATE,07:57
94015,Marine Lines,07:39
90161,Marine Lines,07:42
90163,Marine Lines,07:45
93011,Marine Lines,07:45
90165,Marine Lines,07:48
90167,Marine Lines,07:48
90169,Marine Lines,07:51
90173,Marine Lines,07:54
90175,Marine Lines,07:57
94017,Marine Lines,07:57
90179,Marine Lines,08:00
94015,Charni Road,07:41
90161,Charni Road,07:44
90163,Charni Road,07:47
93011,Charni Road,07:47
90165,Charni Road,07:50
90167,Charni Road,07:50
90169,Charni Road,07:53
90173,Charni Road,07:56
90175,Charni Road,07:59
94017,Charni Road,07:59
90179,Charni Road,08:02
94015,Grant Road,07:44
90161,Grant Road,07:47
90163,Grant Road,07:50
93011,Grant Road,07:50
90165,Grant Road,07:53
90167,Grant Road,07:53
90169,Grant Road,07:56
90173,Grant Road,07:59
90175,Grant Road,08:02
94017,Grant Road,08:02
90179,Grant Road,08:05
94015,M'BAI CENTRAL (L),07:46
90161,M'BAI CENTRAL (L),07:49
90163,M'BAI CENTRAL (L),07:52
93011,M'BAI CENTRAL (L),07:52
90165,M'BAI CENTRAL (L),07:55
90167,M'BAI CENTRAL (L),07:55
90169,M'BAI CENTRAL (L),07:58
90171,M'BAI CENTRAL (L),07:58
90173,M'BAI CENTRAL (L),08:01
90175,M'BAI CENTRAL (L),08:04
94017,M'BAI CENTRAL (L),08:04
90179,M'BAI CENTRAL (L),08:07
90161,Mahalakshmi,07:53
90163,Mahalakshmi,07:56
90165,Mahalakshmi,07:59
90169,Mahalakshmi,08:02
90173,Mahalakshmi,08:05
90175,Mahalakshmi,08:08
90179,Mahalakshmi,08:11
90161,Lower Parel,07:56
90163,Lower Parel,07:59
90165,Lower Parel,08:02
90169,Lower Parel,08:05
90173,Lower Parel,08:08
90175,Lower Parel,08:11
90179,Lower Parel,08:14
90161,Prabhadevi,07:59
90163,Prabhadevi,08:02
90165,Prabhadevi,08:05
90169,Prabhadevi,08:08
90173,Prabhadevi,08:11
90175,Prabhadevi,08:14
90179,Prabhadevi,08:17
94015,DADAR,07:53
90161,DADAR,08:01
90163,DADAR,08:04
93011,DADAR,07:59
90165,DADAR,08:07
90167,DADAR,08:02
90169,DADAR,08:10
90171,DADAR,08:05
90173,DADAR,08:13
90175,DADAR,08:16
94017,DADAR,08:11
90179,DADAR,08:19
90161,Matunga Road,08:03
90163,Matunga Road,08:06
90165,Matunga Road,08:09
90169,Matunga Road,08:12
90173,Matunga Road,08:15
90175,Matunga Road,08:18
90179,Matunga Road,08:21
90161,Mahim Jn.,08:06
90163,Mahim Jn.,08:09
90165,Mahim Jn.,08:12
90169,Mahim Jn.,08:15
90173,Mahim Jn.,08:18
90175,Mahim Jn.,08:21
90179,Mahim Jn.,08:24
94015,BANDRA,07:59
90161,BANDRA,08:10
90163,BANDRA,08:13
93011,BANDRA,08:04
90165,BANDRA,08:16
90167,BANDRA,08:07
90169,BANDRA,08:19
90171,BANDRA,08:11
90173,BANDRA,08:22
90175,BANDRA,08:25
94017,BANDRA,08:16
90179,BANDRA,08:28
90161,Khar Road,08:13
90163,Khar Road,08:16
90165,Khar Road,08:19
90169,Khar Road,08:23
90173,Khar Road,08:25
90175,Khar Road,08:28
90179,Khar Road,08:31
90161,Santa Cruz,08:15
90163,Santa Cruz,08:18
90165,Santa Cruz,08:21
90169,Santa Cruz,08:25
90173,Santa Cruz,08:27
90175,Santa Cruz,08:30
90179,Santa Cruz,08:33
90161,Vile Parle,08:18
90163,Vile Parle,08:21
90165,Vile Parle,08:24
90169,Vile Parle,08:28
90173,Vile Parle,08:30
90175,Vile Parle,08:33
90179,Vile Parle,08:36
94015,ANDHERI,08:07
90161,ANDHERI,08:23
90163,ANDHERI,08:26
93011,ANDHERI,08:12
90167,ANDHERI,08:16
90169,ANDHERI,08:33
90171,ANDHERI,08:19
90173,ANDHERI,08:35
90175,ANDHERI,08:39
94017,ANDHERI,08:24
90179,ANDHERI,08:41
92043,ANDHERI,08:27
90161,Jogeshwari,08:26
90163,Jogeshwari,08:29
90169,Jogeshwari,08:36
90173,Jogeshwari,08:39
90179,Jogeshwari,08:44
90161,Ram Mandir,08:29
90163,Ram Mandir,08:32
90169,Ram Mandir,08:39
90173,Ram Mandir,08:42
90179,Ram Mandir,08:47
90161,Goregaon,08:31
90163,Goregaon,08:34
90169,Goregaon,08:41
90173,Goregaon,08:46
90179,Goregaon,08:49
90161,Malad,08:35
90163,Malad,08:38
90169,Malad,08:45
90179,Malad,08:53
90161,Kandivli,08:38
90163,Kandivli,08:41
90169,Kandivli,08:48
90179,Kandivli,08:56
94015,BORIVALI,08:21
92039,BORIVALI,08:25
92041,BORIVALI,08:30
90161,BORIVALI,08:43
90163,BORIVALI,08:47
93011,BORIVALI,08:25
90167,BORIVALI,08:28
90169,BORIVALI,08:54
90171,BORIVALI,08:35
94017,BORIVALI,08:40
90179,BORIVALI,09:02
92043,BORIVALI,08:43
94015,Dahisar,08:25
92041,Dahisar,08:35
90161,Dahisar,08:48
90167,Dahisar,08:33
94017,Dahisar,08:44
92043,Dahisar,08:47
94015,Mira Road,08:30
92041,Mira Road,08:40
90161,Mira Road,08:53
90167,Mira Road,08:38
94017,Mira Road,08:49
92043,Mira Road,08:52
94015,Bhayandar,08:35
92039,Bhayandar,08:39
92041,Bhayandar,08:45
90161,Bhayandar,08:58
93011,Bhayandar,08:39
90167,Bhayandar,08:43
94017,Bhayandar,08:53
92043,Bhayandar,08:57
94015,Naigaon,08:41
92041,Naigaon,08:51
90161,Naigaon,09:04
90167,Naigaon,08:49
94017,Naigaon,08:59
92043,Naigaon,09:03
94015,Vasai Road,08:46
92041,Vasai Road,08:57
90161,Vasai Road,09:08
93011,Vasai Road,08:49
90167,Vasai Road,08:54
94017,Vasai Road,09:04
92043,Vasai Road,09:08
94015,Nalla Sopara,08:51
90161,Nalla Sopara,09:13
90167,Nalla Sopara,08:59
94017,Nalla Sopara,09:09
92043,Nalla Sopara,09:13
94015,VIRAR,08:58
90161,VIRAR,09:20
93011,VIRAR,09:01
90167,VIRAR,09:05
94017,VIRAR,09:15
92043,VIRAR,09:19
90181,CHURCHGATE,08:00
90183,CHURCHGATE,08:03
92047,CHURCHGATE,08:05
90187,CHURCHGATE,08:06
90189,CHURCHGATE,08:08
90191,CHURCHGATE,08:10
90193,CHURCHGATE,08:11
90197,CHURCHGATE,08:15
90199,CHURCHGATE,08:18
90183,Marine Lines,08:06
90187,Marine Lines,08:09
90191,Marine Lines,08:13
90197,Marine Lines,08:18
90199,Marine Lines,08:21
90183,Charni Road,08:08
90187,Charni Road,08:11
90191,Charni Road,08:15
90197,Charni Road,08:20
90199,Charni Road,08:23
90183,Grant Road,08:11
90187,Grant Road,08:14
90191,Grant Road,08:18
90197,Grant Road,08:23
90199,Grant Road,08:26
90181,M'BAI CENTRAL (L),08:08
90183,M'BAI CENTRAL (L),08:13
92047,M'BAI CENTRAL (L),08:13
90187,M'BAI CENTRAL (L),08:16
90189,M'BAI CENTRAL (L),08:16
90191,M'BAI CENTRAL (L),08:20
90193,M'BAI CENTRAL (L),08:19
90197,M'BAI CENTRAL (L),08:25
90199,M'BAI CENTRAL (L),08:28
90183,Mahalakshmi,08:16
90187,Mahalakshmi,08:19
90191,Mahalakshmi,08:23
90197,Mahalakshmi,08:28
90199,Mahalakshmi,08:31
90183,Lower Parel,08:19
90187,Lower Parel,08:22
90191,Lower Parel,08:26
90197,Lower Parel,08:31
90199,Lower Parel,08:34
90183,Prabhadevi,08:22
90187,Prabhadevi,08:25
90191,Prabhadevi,08:29
90197,Prabhadevi,08:34
90199,Prabhadevi,08:37
90181,DADAR,08:15
90183,DADAR,08:24
92047,DADAR,08:20
90187,DADAR,08:27
90189,DADAR,08:24
90191,DADAR,08:31
90193,DADAR,08:27
92049,DADAR,08:30
90197,DADAR,08:36
90199,DADAR,08:39
90183,Matunga Road,08:26
90187,Matunga Road,08:29
90191,Matunga Road,08:33
90197,Matunga Road,08:38
90199,Matunga Road,08:41
90183,Mahim Jn.,08:29
90187,Mahim Jn.,08:32
90191,Mahim Jn.,08:36
90197,Mahim Jn.,08:41
90199,Mahim Jn.,08:44
90181,BANDRA,08:21
90183,BANDRA,08:33
92047,BANDRA,08:26
90187,BANDRA,08:36
90189,BANDRA,08:30
90191,BANDRA,08:40
90193,BANDRA,08:33
92049,BANDRA,08:37
90195,BANDRA,08:41
90197,BANDRA,08:45
90199,BANDRA,08:48
90183,Khar Road,08:36
90187,Khar Road,08:39
90191,Khar Road,08:43
90195,Khar Road,08:46
90197,Khar Road,08:49
90199,Khar Road,08:51
90183,Santa Cruz,08:38
90187,Santa Cruz,08:41
90191,Santa Cruz,08:45
90195,Santa Cruz,08:48
90197,Santa Cruz,08:51
90199,Santa Cruz,08:54
90183,Vile Parle,08:41
90187,Vile Parle,08:44
90191,Vile Parle,08:48
90195,Vile Parle,08:51
90197,Vile Parle,08:54
90199,Vile Parle,08:57
90183,ANDHERI,08:45
92047,ANDHERI,08:35
90187,ANDHERI,08:50
90189,ANDHERI,08:38
90191,ANDHERI,08:53
90193,ANDHERI,08:41
92049,ANDHERI,08:45
92051,ANDHERI,08:52
90195,ANDHERI,08:55
90197,ANDHERI,08:59
90199,ANDHERI,09:02
90183,Jogeshwari,08:48
90187,Jogeshwari,08:53
90195,Jogeshwari,08:58
90197,Jogeshwari,09:03
90199,Jogeshwari,09:06
90183,Ram Mandir,08:51
90187,Ram Mandir,08:56
90195,Ram Mandir,09:01
90197,Ram Mandir,09:06
90199,Ram Mandir,09:09
90181,Goregaon,08:38
90183,Goregaon,08:53
90187,Goregaon,08:58
90195,Goregaon,09:03
90197,Goregaon,09:08
90199,Goregaon,09:13
90183,Malad,08:57
90187,Malad,09:02
90195,Malad,09:07
90197,Malad,09:12
90183,Kandivli,09:00
90187,Kandivli,09:05
90195,Kandivli,09:10
90197,Kandivli,09:15
90183,BORIVALI,09:05
90185,BORIVALI,09:06
92045,BORIVALI,09:10
92047,BORIVALI,08:49
90187,BORIVALI,09:11
90189,BORIVALI,08:53
90193,BORIVALI,08:57
92049,BORIVALI,09:02
92051,BORIVALI,09:06
90195,BORIVALI,09:15
90197,BORIVALI,09:22
90185,Dahisar,09:09
92045,Dahisar,09:14
92047,Dahisar,08:53
90189,Dahisar,08:57
92051,Dahisar,09:10
90195,Dahisar,09:19
90185,Mira Road,09:14
92045,Mira Road,09:19
92047,Mira Road,08:58
90189,Mira Road,09:02
92051,Mira Road,09:15
90195,Mira Road,09:24
90185,Bhayandar,09:19
92045,Bhayandar,09:24
92047,Bhayandar,09:03
90189,Bhayandar,09:07
92049,Bhayandar,09:12
92051,Bhayandar,09:20
90195,Bhayandar,09:31
90185,Naigaon,09:25
92047,Naigaon,09:09
90189,Naigaon,09:13
92051,Naigaon,09:26
90185,Vasai Road,09:30
92047,Vasai Road,09:14
90189,Vasai Road,09:18
92049,Vasai Road,09:23
92051,Vasai Road,09:32
90185,Nalla Sopara,09:35
92047,Nalla Sopara,09:19
90189,Nalla Sopara,09:24
92051,Nalla Sopara,09:37
90185,VIRAR,09:41
92047,VIRAR,09:28
93013,VIRAR,09:30
90189,VIRAR,09:33
92049,VIRAR,09:36
92051,VIRAR,09:44
90201,CHURCHGATE,08:20
90203,CHURCHGATE,08:23
90205,CHURCHGATE,08:27
94113,CHURCHGATE,08:27
90209,CHURCHGATE,08:32
92231,CHURCHGATE,08:32
90213,CHURCHGATE,08:35
90215,CHURCHGATE,08:35
90217,CHURCHGATE,08:39
90219,CHURCHGATE,08:38
90223,CHURCHGATE,08:43
90201,Marine Lines,08:23
90203,Marine Lines,08:26
90205,Marine Lines,08:30
94113,Marine Lines,08:30
90209,Marine Lines,08:35
90215,Marine Lines,08:38
90219,Marine Lines,08:41
90201,Charni Road,08:26
90203,Charni Road,08:28
90205,Charni Road,08:32
94113,Charni Road,08:32
90209,Charni Road,08:37
90215,Charni Road,08:40
90219,Charni Road,08:43
90201,Grant Road,08:29
90203,Grant Road,08:31
90205,Grant Road,08:35
94113,Grant Road,08:35
90209,Grant Road,08:40
90215,Grant Road,08:43
90219,Grant Road,08:46
90201,M'BAI CENTRAL (L),08:31
90203,M'BAI CENTRAL (L),08:33
90205,M'BAI CENTRAL (L),08:37
94113,M'BAI CENTRAL (L),08:37
90209,M'BAI CENTRAL (L),08:42
92231,M'BAI CENTRAL (L),08:40
90213,M'BAI CENTRAL (L),08:43
90215,M'BAI CENTRAL (L),08:45
90217,M'BAI CENTRAL (L),08:47
90219,M'BAI CENTRAL (L),08:48
90223,M'BAI CENTRAL (L),08:51
90203,Mahalakshmi,08:36
90205,Mahalakshmi,08:40
90209,Mahalakshmi,08:45
90215,Mahalakshmi,08:48
90219,Mahalakshmi,08:51
90203,Lower Parel,08:39
90205,Lower Parel,08:43
90209,Lower Parel,08:48
90215,Lower Parel,08:51
90219,Lower Parel,08:54
90203,Prabhadevi,08:42
90205,Prabhadevi,08:46
90209,Prabhadevi,08:51
90215,Prabhadevi,08:54
90219,Prabhadevi,08:57
90201,DADAR,08:39
90203,DADAR,08:44
90205,DADAR,08:48
94113,DADAR,08:44
90209,DADAR,08:53
92231,DADAR,08:47
90213,DADAR,08:50
90215,DADAR,08:56
90217,DADAR,08:54
90219,DADAR,08:59
90223,DADAR,08:58
90203,Matunga Road,08:46
90205,Matunga Road,08:50
90209,Matunga Road,08:56
90215,Matunga Road,08:58
90219,Matunga Road,09:01
90203,Mahim Jn.,08:49
90205,Mahim Jn.,08:53
90209,Mahim Jn.,08:59
90215,Mahim Jn.,09:01
90219,Mahim Jn.,09:04
90201,BANDRA,08:45
90203,BANDRA,08:53
90205,BANDRA,08:57
94113,BANDRA,08:49
90209,BANDRA,09:03
92231,BANDRA,08:52
90213,BANDRA,08:55
90215,BANDRA,09:05
90217,BANDRA,08:59
90219,BANDRA,09:08
90221,BANDRA,09:12
90223,BANDRA,09:03
90203,Khar Road,08:56
90205,Khar Road,09:00
90209,Khar Road,09:07
90215,Khar Road,09:08
90219,Khar Road,09:11
90221,Khar Road,09:15
90203,Santa Cruz,08:58
90205,Santa Cruz,09:02
90209,Santa Cruz,09:10
90215,Santa Cruz,09:11
90219,Santa Cruz,09:14
90221,Santa Cruz,09:18
90203,Vile Parle,09:01
90205,Vile Parle,09:05
90209,Vile Parle,09:13
90215,Vile Parle,09:14
90219,Vile Parle,09:17
90221,Vile Parle,09:21
90201,ANDHERI,08:55
90203,ANDHERI,09:06
90205,ANDHERI,09:10
94113,ANDHERI,08:58
90209,ANDHERI,09:18
92231,ANDHERI,09:01
90213,ANDHERI,09:05
92053,ANDHERI,09:17
90215,ANDHERI,09:20
90217,ANDHERI,09:09
90219,ANDHERI,09:22
90221,ANDHERI,09:26
92057,ANDHERI,09:29
90203,Jogeshwari,09:09
90205,Jogeshwari,09:13
90209,Jogeshwari,09:22
92053,Jogeshwari,09:21
90215,Jogeshwari,09:24
90219,Jogeshwari,09:26
90221,Jogeshwari,09:30
92057,Jogeshwari,09:33
90203,Ram Mandir,09:12
90205,Ram Mandir,09:16
90209,Ram Mandir,09:25
92053,Ram Mandir,09:24
90215,Ram Mandir,09:27
90219,Ram Mandir,09:29
90221,Ram Mandir,09:33
92057,Ram Mandir,09:36
90203,Goregaon,09:14
90205,Goregaon,09:18
90209,Goregaon,09:29
92053,Goregaon,09:26
90215,Goregaon,09:29
90219,Goregaon,09:34
90221,Goregaon,09:35
90223,Goregaon,09:20
92057,Goregaon,09:38
90203,Malad,09:18
90205,Malad,09:22
92053,Malad,09:30
90215,Malad,09:33
90221,Malad,09:39
92057,Malad,09:42
90203,Kandivli,09:21
90205,Kandivli,09:25
92053,Kandivli,09:33
90215,Kandivli,09:36
90221,Kandivli,09:42
92057,Kandivli,09:45
90201,BORIVALI,09:09
90203,BORIVALI,09:28
90205,BORIVALI,09:33
94113,BORIVALI,09:13
92231,BORIVALI,09:17
90213,BORIVALI,09:20
92053,BORIVALI,09:37
90215,BORIVALI,09:43
90217,BORIVALI,09:24
92055,BORIVALI,09:27
90221,BORIVALI,09:49
92057,BORIVALI,09:50
90201,Dahisar,09:14
94113,Dahisar,09:18
90213,Dahisar,09:23
92053,Dahisar,09:41
90217,Dahisar,09:28
92055,Dahisar,09:31
92057,Dahisar,09:55
90201,Mira Road,09:19
94113,Mira Road,09:23
90213,Mira Road,09:28
92053,Mira Road,09:46
90217,Mira Road,09:33
92055,Mira Road,09:36
92057,Mira Road,10:00
90201,Bhayandar,09:24
94113,Bhayandar,09:28
90213,Bhayandar,09:33
92053,Bhayandar,09:51
90217,Bhayandar,09:38
92055,Bhayandar,09:41
92057,Bhayandar,10:05
90201,Naigaon,09:30
94113,Naigaon,09:34
90213,Naigaon,09:39
92053,Naigaon,09:57
90217,Naigaon,09:44
92055,Naigaon,09:46
92057,Naigaon,10:10
90201,Vasai Road,09:35
94113,Vasai Road,09:40
90213,Vasai Road,09:44
92053,Vasai Road,10:02
90217,Vasai Road,09:52
92055,Vasai Road,09:51
92057,Vasai Road,10:15
90201,Nalla Sopara,09:40
94113,Nalla Sopara,09:45
90213,Nalla Sopara,09:49
92053,Nalla Sopara,10:07
92055,Nalla Sopara,09:56
92057,Nalla Sopara,10:21
90201,VIRAR,09:48
94113,VIRAR,09:51
90213,VIRAR,09:57
92053,VIRAR,10:13
92055,VIRAR,10:01
92057,VIRAR,10:29
90225,CHURCHGATE,08:46
94019,CHURCHGATE,08:46
93015,CHURCHGATE,08:49
90227,CHURCHGATE,08:50
90229,CHURCHGATE,08:53
94021,CHURCHGATE,08:53
90231,CHURCHGATE,08:56
90233,CHURCHGATE,08:56
90235,CHURCHGATE,09:00
92215,CHURCHGATE,09:00
90241,CHURCHGATE,09:04
90243,CHURCHGATE,09:03
90245,CHURCHGATE,09:06
90247,CHURCHGATE,09:07
90225,Marine Lines,08:49
93015,Marine Lines,08:52
90227,Marine Lines,08:53
90229,Marine Lines,08:56
90231,Marine Lines,08:59
90235,Marine Lines,09:03
90241,Marine Lines,09:07
90247,Marine Lines,09:10
90225,Charni Road,08:51
93015,Charni Road,08:54
90227,Charni Road,08:55
90229,Charni Road,08:58
90231,Charni Road,09:01
90235,Charni Road,09:05
90241,Charni Road,09:09
90247,Charni Road,09:12
90225,Grant Road,08:54
93015,Grant Road,08:57
90227,Grant Road,08:58
90229,Grant Road,09:01
90231,Grant Road,09:04
90235,Grant Road,09:08
90241,Grant Road,09:12
90247,Grant Road,09:15
90225,M'BAI CENTRAL (L),08:56
94019,M'BAI CENTRAL (L),08:54
93015,M'BAI CENTRAL (L),08:59
90227,M'BAI CENTRAL (L),09:00
90229,M'BAI CENTRAL (L),09:03
94021,M'BAI CENTRAL (L),09:02
90231,M'BAI CENTRAL (L),09:06
90233,M'BAI CENTRAL (L),09:05
90235,M'BAI CENTRAL (L),09:10
92215,M'BAI CENTRAL (L),09:08
90241,M'BAI CENTRAL (L),09:14
90243,M'BAI CENTRAL (L),09:11
90245,M'BAI CENTRAL (L),09:14
90247,M'BAI CENTRAL (L),09:17
90225,Mahalakshmi,08:59
90227,Mahalakshmi,09:03
90229,Mahalakshmi,09:06
90231,Mahalakshmi,09:09
90235,Mahalakshmi,09:13
90241,Mahalakshmi,09:17
90247,Mahalakshmi,09:20
90225,Lower Parel,09:02
90227,Lower Parel,09:06
90229,Lower Parel,09:09
90231,Lower Parel,09:12
90235,Lower Parel,09:16
90241,Lower Parel,09:20
90247,Lower Parel,09:23
90225,Prabhadevi,09:05
90227,Prabhadevi,09:09
90229,Prabhadevi,09:12
90231,Prabhadevi,09:15
90235,Prabhadevi,09:19
90241,Prabhadevi,09:23
90247,Prabhadevi,09:26
90225,DADAR,09:07
94019,DADAR,09:01
93015,DADAR,09:06
90227,DADAR,09:11
90229,DADAR,09:14
94021,DADAR,09:09
90231,DADAR,09:17
90233,DADAR,09:12
90235,DADAR,09:21
92215,DADAR,09:15
90241,DADAR,09:25
90243,DADAR,09:18
90245,DADAR,09:21
90247,DADAR,09:28
90225,Matunga Road,09:09
90227,Matunga Road,09:13
90229,Matunga Road,09:16
90231,Matunga Road,09:19
90235,Matunga Road,09:23
90241,Matunga Road,09:27
90247,Matunga Road,09:30
90225,Mahim Jn.,09:12
90227,Mahim Jn.,09:16
90229,Mahim Jn.,09:19
90231,Mahim Jn.,09:22
90235,Mahim Jn.,09:26
90241,Mahim Jn.,09:30
90247,Mahim Jn.,09:33
90225,BANDRA,09:16
94019,BANDRA,09:06
93015,BANDRA,09:11
90227,BANDRA,09:20
90229,BANDRA,09:23
94021,BANDRA,09:14
90231,BANDRA,09:26
90233,BANDRA,09:17
90235,BANDRA,09:30
92215,BANDRA,09:20
90241,BANDRA,09:34
90243,BANDRA,09:23
90245,BANDRA,09:26
90247,BANDRA,09:37
90225,Khar Road,09:20
90227,Khar Road,09:23
90229,Khar Road,09:26
90231,Khar Road,09:29
90235,Khar Road,09:33
90241,Khar Road,09:37
90247,Khar Road,09:40
90225,Santa Cruz,09:23
90227,Santa Cruz,09:26
90229,Santa Cruz,09:29
90231,Santa Cruz,09:32
90235,Santa Cruz,09:36
90241,Santa Cruz,09:40
90247,Santa Cruz,09:43
90225,Vile Parle,09:26
90227,Vile Parle,09:29
90229,Vile Parle,09:32
90231,Vile Parle,09:35
90235,Vile Parle,09:39
90241,Vile Parle,09:43
90247,Vile Parle,09:46
90225,ANDHERI,09:32
94019,ANDHERI,09:15
93015,ANDHERI,09:19
90227,ANDHERI,09:34
90229,ANDHERI,09:37
94021,ANDHERI,09:22
90231,ANDHERI,09:41
90233,ANDHERI,09:26
90235,ANDHERI,09:45
92215,ANDHERI,09:29
90241,ANDHERI,09:47
90243,ANDHERI,09:32
90247,ANDHERI,09:50
90225,Jogeshwari,09:36
90229,Jogeshwari,09:41
90231,Jogeshwari,09:45
90241,Jogeshwari,09:50
90247,Jogeshwari,09:54
90225,Ram Mandir,09:39
90229,Ram Mandir,09:44
90231,Ram Mandir,09:48
90241,Ram Mandir,09:53
90247,Ram Mandir,09:57
90225,Goregaon,09:41
90229,Goregaon,09:46
90231,Goregaon,09:52
90241,Goregaon,09:55
90245,Goregaon,09:42
90247,Goregaon,10:01
90225,Malad,09:45
90229,Malad,09:50
90241,Malad,09:59
90225,Kandivli,09:48
90229,Kandivli,09:53
90241,Kandivli,10:02
90225,BORIVALI,09:55
94019,BORIVALI,09:30
93015,BORIVALI,09:32
90229,BORIVALI,10:00
94021,BORIVALI,09:36
90233,BORIVALI,09:40
90237,BORIVALI,09:46
92215,BORIVALI,09:43
90243,BORIVALI,09:45
94021,Dahisar,09:40
90233,Dahisar,09:46
90237,Dahisar,09:51
90243,Dahisar,09:49
94021,Mira Road,09:45
90233,Mira Road,09:51
90237,Mira Road,09:56
90243,Mira Road,09:54
93015,Bhayandar,09:46
94021,Bhayandar,09:50
90233,Bhayandar,09:56
90237,Bhayandar,10:03
90243,Bhayandar,09:59
94021,Naigaon,09:56
90233,Naigaon,10:02
90243,Naigaon,10:05
93015,Vasai Road,09:57
94021,Vasai Road,10:01
90233,Vasai Road,10:07
90243,Vasai Road,10:10
94021,Nalla Sopara,10:06
90233,Nalla Sopara,10:12
90243,Nalla Sopara,10:16
93015,VIRAR,10:07
94021,VIRAR,10:12
90233,VIRAR,10:20
90243,VIRAR,10:24
92211,CHURCHGATE,09:09
90251,CHURCHGATE,09:11
94125,CHURCHGATE,09:14
90255,CHURCHGATE,09:13
92065,CHURCHGATE,09:19
90257,CHURCHGATE,09:19
94023,CHURCHGATE,09:23
90259,CHURCHGATE,09:22
94025,CHURCHGATE,09:27
90263,CHURCHGATE,09:25
90265,CHURCHGATE,09:28
90251,Marine Lines,09:14
94125,Marine Lines,09:17
90257,Marine Lines,09:22
94023,Marine Lines,09:26
90259,Marine Lines,09:25
90263,Marine Lines,09:28
90265,Marine Lines,09:31
90251,Charni Road,09:16
94125,Charni Road,09:19
90257,Charni Road,09:24
94023,Charni Road,09:28
90259,Charni Road,09:27
90263,Charni Road,09:30
90265,Charni Road,09:33
90251,Grant Road,09:19
94125,Grant Road,09:22
90257,Grant Road,09:27
94023,Grant Road,09:31
90259,Grant Road,09:30
90263,Grant Road,09:33
90265,Grant Road,09:36
92211,M'BAI CENTRAL (L),09:17
90251,M'BAI CENTRAL (L),09:21
94125,M'BAI CENTRAL (L),09:24
90255,M'BAI CENTRAL (L),09:20
92065,M'BAI CENTRAL (L),09:27
90257,M'BAI CENTRAL (L),09:29
94023,M'BAI CENTRAL (L),09:33
90259,M'BAI CENTRAL (L),09:32
94025,M'BAI CENTRAL (L),09:35
90263,M'BAI CENTRAL (L),09:35
90265,M'BAI CENTRAL (L),09:38
90251,Mahalakshmi,09:24
94125,Mahalakshmi,09:27
90257,Mahalakshmi,09:32
90259,Mahalakshmi,09:35
90263,Mahalakshmi,09:38
90265,Mahalakshmi,09:41
90251,Lower Parel,09:27
94125,Lower Parel,09:30
90257,Lower Parel,09:35
90259,Lower Parel,09:38
90263,Lower Parel,09:41
90265,Lower Parel,09:44
90251,Prabhadevi,09:30
94125,Prabhadevi,09:33
90257,Prabhadevi,09:38
90259,Prabhadevi,09:41
90263,Prabhadevi,09:44
90265,Prabhadevi,09:47
92211,DADAR,09:24
90251,DADAR,09:32
94125,DADAR,09:35
90255,DADAR,09:27
92065,DADAR,09:36
90257,DADAR,09:40
94023,DADAR,09:40
90259,DADAR,09:43
94025,DADAR,09:43
90263,DADAR,09:46
90265,DADAR,09:49
90251,Matunga Road,09:34
94125,Matunga Road,09:37
90257,Matunga Road,09:42
90259,Matunga Road,09:45
90263,Matunga Road,09:48
90265,Matunga Road,09:51
90251,Mahim Jn.,09:37
94125,Mahim Jn.,09:40
90257,Mahim Jn.,09:45
90259,Mahim Jn.,09:48
90263,Mahim Jn.,09:51
90265,Mahim Jn.,09:54
92211,BANDRA,09:29
90251,BANDRA,09:41
94125,BANDRA,09:44
90255,BANDRA,09:32
92065,BANDRA,09:42
90257,BANDRA,09:49
94023,BANDRA,09:45
90259,BANDRA,09:52
94025,BANDRA,09:48
90263,BANDRA,09:55
90265,BANDRA,09:58
90251,Khar Road,09:44
94125,Khar Road,09:47
90257,Khar Road,09:52
90259,Khar Road,09:55
90263,Khar Road,09:58
90265,Khar Road,10:01
90251,Santa Cruz,09:47
94125,Santa Cruz,09:50
90257,Santa Cruz,09:55
90259,Santa Cruz,09:58
90263,Santa Cruz,10:01
90265,Santa Cruz,10:03
90251,Vile Parle,09:50
94125,Vile Parle,09:53
90257,Vile Parle,09:58
90259,Vile Parle,10:01
90263,Vile Parle,10:04
90265,Vile Parle,10:06
92211,ANDHERI,09:38
90251,ANDHERI,09:54
94125,ANDHERI,09:57
90255,ANDHERI,09:41
92065,ANDHERI,09:49
92067,ANDHERI,09:59
90257,ANDHERI,10:03
94023,ANDHERI,09:54
90259,ANDHERI,10:05
94025,ANDHERI,09:57
90265,ANDHERI,10:12
90251,Jogeshwari,09:57
94125,Jogeshwari,10:01
92067,Jogeshwari,10:04
90257,Jogeshwari,10:06
90259,Jogeshwari,10:08
90265,Jogeshwari,10:15
90251,Ram Mandir,10:00
94125,Ram Mandir,10:04
92067,Ram Mandir,10:07
90257,Ram Mandir,10:09
90259,Ram Mandir,10:11
90265,Ram Mandir,10:18
90251,Goregaon,10:02
94125,Goregaon,10:07
92067,Goregaon,10:09
90257,Goregaon,10:11
90259,Goregaon,10:15
90265,Goregaon,10:20
90251,Malad,10:06
92067,Malad,10:13
90257,Malad,10:15
90265,Malad,10:24
90251,Kandivli,10:09
92067,Kandivli,10:16
90257,Kandivli,10:18
90265,Kandivli,10:27
92211,BORIVALI,09:52
92059,BORIVALI,10:00
92061,BORIVALI,10:08
90255,BORIVALI,09:55
92063,BORIVALI,10:19
92065,BORIVALI,10:04
92067,BORIVALI,10:23
90257,BORIVALI,10:25
94023,BORIVALI,10:07
94025,BORIVALI,10:11
90265,BORIVALI,10:33
92211,Dahisar,09:56
92061,Dahisar,10:13
92063,Dahisar,10:23
92065,Dahisar,10:08
92067,Dahisar,10:27
94023,Dahisar,10:11
92211,Mira Road,10:01
92061,Mira Road,10:18
92063,Mira Road,10:28
92065,Mira Road,10:13
92067,Mira Road,10:32
94023,Mira Road,10:16
92211,Bhayandar,10:06
92059,Bhayandar,10:14
92061,Bhayandar,10:23
92063,Bhayandar,10:33
92065,Bhayandar,10:18
92067,Bhayandar,10:37
94023,Bhayandar,10:21
92211,Naigaon,10:11
92061,Naigaon,10:29
92063,Naigaon,10:39
92065,Naigaon,10:23
92067,Naigaon,10:43
94023,Naigaon,10:26
92211,Vasai Road,10:18
92061,Vasai Road,10:34
92063,Vasai Road,10:44
92065,Vasai Road,10:28
92067,Vasai Road,10:48
94023,Vasai Road,10:31
92211,Nalla Sopara,10:25
92061,Nalla Sopara,10:39
92065,Nalla Sopara,10:33
92067,Nalla Sopara,10:53
94023,Nalla Sopara,10:36
92061,VIRAR,10:47
92065,VIRAR,10:39
92067,VIRAR,11:01
94023,VIRAR,10:44
94027,CHURCHGATE,09:30
90269,CHURCHGATE,09:31
90271,CHURCHGATE,09:33
90273,CHURCHGATE,09:34
90275,CHURCHGATE,09:36
90277,CHURCHGATE,09:38
90279,CHURCHGATE,09:41
90281,CHURCHGATE,09:44
90283,CHURCHGATE,09:44
90285,CHURCHGATE,09:47
90287,CHURCHGATE,09:48
90269,Marine Lines,09:34
90273,Marine Lines,09:37
90275,Marine Lines,09:39
90277,Marine Lines,09:41
90279,Marine Lines,09:44
90281,Marine Lines,09:47
90285,Marine Lines,09:50
90269,Charni Road,09:36
90273,Charni Road,09:39
90275,Charni Road,09:41
90277,Charni Road,09:43
90279,Charni Road,09:46
90281,Charni Road,09:49
90285,Charni Road,09:52
90269,Grant Road,09:39
90273,Grant Road,09:42
90275,Grant Road,09:44
90277,Grant Road,09:46
90279,Grant Road,09:49
90281,Grant Road,09:52
90285,Grant Road,09:55
94027,M'BAI CENTRAL (L),09:38
90269,M'BAI CENTRAL (L),09:41
90271,M'BAI CENTRAL (L),09:41
90273,M'BAI CENTRAL (L),09:44
90275,M'BAI CENTRAL (L),09:46
90277,M'BAI CENTRAL (L),09:48
90279,M'BAI CENTRAL (L),09:51
90281,M'BAI CENTRAL (L),09:54
90283,M'BAI CENTRAL (L),09:52
90285,M'BAI CENTRAL (L),09:57
90287,M'BAI CENTRAL (L),09:56
90269,Mahalakshmi,09:44
90273,Mahalakshmi,09:47
90277,Mahalakshmi,09:51
90279,Mahalakshmi,09:54
90281,Mahalakshmi,09:57
90285,Mahalakshmi,10:00
90269,Lower Parel,09:47
90273,Lower Parel,09:50
90277,Lower Parel,09:54
90279,Lower Parel,09:57
90281,Lower Parel,10:00
90285,Lower Parel,10:03
90269,Prabhadevi,09:50
90273,Prabhadevi,09:53
90277,Prabhadevi,09:57
90279,Prabhadevi,10:00
90281,Prabhadevi,10:03
90285,Prabhadevi,10:06
94027,DADAR,09:45
90269,DADAR,09:52
90271,DADAR,09:48
90273,DADAR,09:55
90275,DADAR,09:53
92069,DADAR,09:55
90277,DADAR,09:59
90279,DADAR,10:02
90281,DADAR,10:05
90283,DADAR,09:59
90285,DADAR,10:09
90287,DADAR,10:03
90269,Matunga Road,09:54
90273,Matunga Road,09:57
90277,Matunga Road,10:01
90279,Matunga Road,10:04
90281,Matunga Road,10:07
90285,Matunga Road,10:11
90269,Mahim Jn.,09:57
90273,Mahim Jn.,10:00
90277,Mahim Jn.,10:04
90279,Mahim Jn.,10:07
90281,Mahim Jn.,10:10
90285,Mahim Jn.,10:14
94027,BANDRA,09:50
90269,BANDRA,10:01
90271,BANDRA,09:53
90273,BANDRA,10:04
90275,BANDRA,09:58
92069,BANDRA,10:01
90277,BANDRA,10:08
90279,BANDRA,10:11
90281,BANDRA,10:14
90283,BANDRA,10:05
90285,BANDRA,10:18
90287,BANDRA,10:09
90269,Khar Road,10:04
90273,Khar Road,10:07
90277,Khar Road,10:11
90279,Khar Road,10:14
90281,Khar Road,10:17
90285,Khar Road,10:21
90269,Santa Cruz,10:06
90273,Santa Cruz,10:09
90277,Santa Cruz,10:13
90279,Santa Cruz,10:16
90281,Santa Cruz,10:20
90285,Santa Cruz,10:24
90269,Vile Parle,10:09
90273,Vile Parle,10:12
90277,Vile Parle,10:16
90279,Vile Parle,10:19
90281,Vile Parle,10:23
90285,Vile Parle,10:27
94027,ANDHERI,10:00
90269,ANDHERI,10:14
90271,ANDHERI,10:03
90273,ANDHERI,10:17
90275,ANDHERI,10:06
92069,ANDHERI,10:09
90277,ANDHERI,10:21
90279,ANDHERI,10:25
92071,ANDHERI,10:13
90281,ANDHERI,10:28
90283,ANDHERI,10:16
90285,ANDHERI,10:32
90287,ANDHERI,10:19
90269,Jogeshwari,10:18
90273,Jogeshwari,10:20
90277,Jogeshwari,10:24
90281,Jogeshwari,10:31
90285,Jogeshwari,10:35
90269,Ram Mandir,10:21
90273,Ram Mandir,10:23
90277,Ram Mandir,10:27
90281,Ram Mandir,10:34
90285,Ram Mandir,10:38
90269,Goregaon,10:25
90273,Goregaon,10:25
90277,Goregaon,10:29
90281,Goregaon,10:36
90285,Goregaon,10:40
90273,Malad,10:29
90277,Malad,10:33
90281,Malad,10:40
90285,Malad,10:44
90273,Kandivli,10:32
90277,Kandivli,10:36
90281,Kandivli,10:43
90285,Kandivli,10:47
94027,BORIVALI,10:15
90271,BORIVALI,10:17
90273,BORIVALI,10:38
90275,BORIVALI,10:21
92069,BORIVALI,10:24
93017,BORIVALI,10:26
90277,BORIVALI,10:42
92071,BORIVALI,10:27
90281,BORIVALI,10:49
90283,BORIVALI,10:31
90285,BORIVALI,10:53
90287,BORIVALI,10:33
90273,Dahisar,10:43
90275,Dahisar,10:25
92069,Dahisar,10:28
92071,Dahisar,10:32
90287,Dahisar,10:37
90273,Mira Road,10:48
90275,Mira Road,10:30
92069,Mira Road,10:33
92071,Mira Road,10:37
90287,Mira Road,10:42
94027,Bhayandar,10:29
90273,Bhayandar,10:55
90275,Bhayandar,10:34
92069,Bhayandar,10:38
93017,Bhayandar,10:41
90275A,Bhayandar,10:41
92071,Bhayandar,10:42
90287,Bhayandar,10:47
90275,Naigaon,10:40
92069,Naigaon,10:44
90275A,Naigaon,10:48
92071,Naigaon,10:48
90287,Naigaon,10:53
94027,Vasai Road,10:40
90275,Vasai Road,10:45
92069,Vasai Road,10:50
93017,Vasai Road,10:53
90275A,Vasai Road,10:54
92071,Vasai Road,10:54
90287,Vasai Road,10:58
90275,Nalla Sopara,10:50
92069,Nalla Sopara,10:55
90275A,Nalla Sopara,10:59
92071,Nalla Sopara,11:00
90287,Nalla Sopara,11:04
94027,VIRAR,10:52
90275,VIRAR,10:57
92069,VIRAR,11:05
93017,VIRAR,11:05
90275A,VIRAR,11:10
90287,VIRAR,11:11
90289,CHURCHGATE,09:50
90291,CHURCHGATE,09:53
90293,CHURCHGATE,09:56
94137,CHURCHGATE,09:56
90297,CHURCHGATE,10:00
90299,CHURCHGATE,10:03
93203,CHURCHGATE,10:03
90301,CHURCHGATE,10:06
90303,CHURCHGATE,10:08
90305,CHURCHGATE,10:10
90307,CHURCHGATE,10:11
90289,Marine Lines,09:53
90291,Marine Lines,09:56
90293,Marine Lines,09:59
90297,Marine Lines,10:03
90299,Marine Lines,10:06
90301,Marine Lines,10:09
90305,Marine Lines,10:13
90289,Charni Road,09:55
90291,Charni Road,09:58
90293,Charni Road,10:01
90297,Charni Road,10:05
90299,Charni Road,10:08
90301,Charni Road,10:11
90305,Charni Road,10:15
90289,Grant Road,09:58
90291,Grant Road,10:01
90293,Grant Road,10:04
90297,Grant Road,10:08
90299,Grant Road,10:11
90301,Grant Road,10:14
90305,Grant Road,10:18
90289,M'BAI CENTRAL (L),10:00
90291,M'BAI CENTRAL (L),10:03
90293,M'BAI CENTRAL (L),10:06
94137,M'BAI CENTRAL (L),10:04
90297,M'BAI CENTRAL (L),10:10
90299,M'BAI CENTRAL (L),10:13
93203,M'BAI CENTRAL (L),10:13
90301,M'BAI CENTRAL (L),10:16
90303,M'BAI CENTRAL (L),10:16
90305,M'BAI CENTRAL (L),10:20
90307,M'BAI CENTRAL (L),10:19
90289,Mahalakshmi,10:03
90291,Mahalakshmi,10:06
90293,Mahalakshmi,10:09
90297,Mahalakshmi,10:13
90299,Mahalakshmi,10:16
90301,Mahalakshmi,10:19
90305,Mahalakshmi,10:23
90289,Lower Parel,10:06
90291,Lower Parel,10:09
90293,Lower Parel,10:12
90297,Lower Parel,10:16
90299,Lower Parel,10:19
90301,Lower Parel,10:22
90305,Lower Parel,10:26
90289,Prabhadevi,10:09
90291,Prabhadevi,10:12
90293,Prabhadevi,10:15
90297,Prabhadevi,10:19
90299,Prabhadevi,10:22
90301,Prabhadevi,10:25
90305,Prabhadevi,10:29
90289,DADAR,10:12
90291,DADAR,10:15
90293,DADAR,10:18
94137,DADAR,10:11
90297,DADAR,10:21
92073,DADAR,10:13
90299,DADAR,10:24
93203,DADAR,10:20
90301,DADAR,10:27
90303,DADAR,10:23
90305,DADAR,10:31
90307,DADAR,10:26
90289,Matunga Road,10:14
90291,Matunga Road,10:17
90293,Matunga Road,10:20
90297,Matunga Road,10:23
90299,Matunga Road,10:26
90301,Matunga Road,10:29
90305,Matunga Road,10:33
90289,Mahim Jn.,10:17
90291,Mahim Jn.,10:20
90293,Mahim Jn.,10:23
90297,Mahim Jn.,10:26
90299,Mahim Jn.,10:29
90301,Mahim Jn.,10:32
90305,Mahim Jn.,10:36
90289,BANDRA,10:22
90291,BANDRA,10:24
90293,BANDRA,10:27
94137,BANDRA,10:16
90297,BANDRA,10:30
92073,BANDRA,10:20
90299,BANDRA,10:33
93203,BANDRA,10:25
90301,BANDRA,10:36
90303,BANDRA,10:28
90305,BANDRA,10:40
90307,BANDRA,10:32
90289,Khar Road,10:26
90291,Khar Road,10:27
90293,Khar Road,10:30
90297,Khar Road,10:33
90299,Khar Road,10:36
90301,Khar Road,10:39
90305,Khar Road,10:43
90289,Santa Cruz,10:28
90291,Santa Cruz,10:29
90293,Santa Cruz,10:33
90297,Santa Cruz,10:36
90299,Santa Cruz,10:39
90301,Santa Cruz,10:42
90305,Santa Cruz,10:45
90289,Vile Parle,10:31
90291,Vile Parle,10:32
90293,Vile Parle,10:36
90297,Vile Parle,10:39
90299,Vile Parle,10:42
90301,Vile Parle,10:45
90305,Vile Parle,10:48
90289,ANDHERI,10:36
90291,ANDHERI,10:37
94137,ANDHERI,10:26
90297,ANDHERI,10:44
92073,ANDHERI,10:30
90299,ANDHERI,10:47
93203,ANDHERI,10:33
92075,ANDHERI,10:37
90301,ANDHERI,10:50
90303,ANDHERI,10:41
90305,ANDHERI,10:54
90307,ANDHERI,10:44
90289,Jogeshwari,10:40
90291,Jogeshwari,10:40
90297,Jogeshwari,10:47
90299,Jogeshwari,10:51
90301,Jogeshwari,10:54
90305,Jogeshwari,10:57
90289,Ram Mandir,10:43
90291,Ram Mandir,10:43
90297,Ram Mandir,10:50
90299,Ram Mandir,10:54
90301,Ram Mandir,10:57
90305,Ram Mandir,11:00
90289,Goregaon,10:47
90291,Goregaon,10:45
90297,Goregaon,10:52
90299,Goregaon,10:57
90301,Goregaon,10:59
90305,Goregaon,11:02
90291,Malad,10:49
90297,Malad,10:56
90301,Malad,11:03
90305,Malad,11:06
90307,Malad,10:54
90291,Kandivli,10:52
90297,Kandivli,10:59
90301,Kandivli,11:06
90305,Kandivli,11:09
90291,BORIVALI,10:57
94137,BORIVALI,10:42
90297,BORIVALI,11:05
92073,BORIVALI,10:44
93203,BORIVALI,10:47
92075,BORIVALI,10:51
90301,BORIVALI,11:12
90303,BORIVALI,10:57
92077,BORIVALI,11:00
90305,BORIVALI,11:15
92073,Dahisar,10:48
92075,Dahisar,10:55
92077,Dahisar,11:04
92073,Mira Road,10:53
92075,Mira Road,11:00
92077,Mira Road,11:09
92073,Bhayandar,10:58
93203,Bhayandar,11:01
92075,Bhayandar,11:05
92077,Bhayandar,11:14
92073,Naigaon,11:04
92075,Naigaon,11:11
92077,Naigaon,11:20
92073,Vasai Road,11:09
93203,Vasai Road,11:13
92075,Vasai Road,11:16
92077,Vasai Road,11:25
92073,Nalla Sopara,11:14
92075,Nalla Sopara,11:21
92077,Nalla Sopara,11:30
92073,VIRAR,11:21
93203,VIRAR,11:25
92075,VIRAR,11:28
92077,VIRAR,11:37
90309,CHURCHGATE,10:13
90311,CHURCHGATE,10:17
90313,CHURCHGATE,10:17
90315,CHURCHGATE,10:20
94029,CHURCHGATE,10:24
92233,CHURCHGATE,10:24
90321,CHURCHGATE,10:27
90323,CHURCHGATE,10:29
90325,CHURCHGATE,10:30
94031,CHURCHGATE,10:32
90329,CHURCHGATE,10:33
94033,CHURCHGATE,10:36
90309,Marine Lines,10:16
90311,Marine Lines,10:20
90315,Marine Lines,10:23
94029,Marine Lines,10:27
90321,Marine Lines,10:30
90325,Marine Lines,10:33
90329,Marine Lines,10:36
90309,Charni Road,10:18
90311,Charni Road,10:22
90315,Charni Road,10:25
94029,Charni Road,10:29
90321,Charni Road,10:32
90325,Charni Road,10:35
90329,Charni Road,10:38
90309,Grant Road,10:21
90311,Grant Road,10:25
90315,Grant Road,10:28
94029,Grant Road,10:32
90321,Grant Road,10:35
90325,Grant Road,10:38
90329,Grant Road,10:41
90309,M'BAI CENTRAL (L),10:23
90311,M'BAI CENTRAL (L),10:27
90313,M'BAI CENTRAL (L),10:27
90315,M'BAI CENTRAL (L),10:30
94029,M'BAI CENTRAL (L),10:34
92233,M'BAI CENTRAL (L),10:35
90321,M'BAI CENTRAL (L),10:37
90323,M'BAI CENTRAL (L),10:39
90325,M'BAI CENTRAL (L),10:40
94031,M'BAI CENTRAL (L),10:42
90329,M'BAI CENTRAL (L),10:43
94033,M'BAI CENTRAL (L),10:46
90309,Mahalakshmi,10:26
90311,Mahalakshmi,10:30
90315,Mahalakshmi,10:33
94029,Mahalakshmi,10:37
90321,Mahalakshmi,10:40
90325,Mahalakshmi,10:43
90329,Mahalakshmi,10:46
90309,Lower Parel,10:29
90311,Lower Parel,10:33
90315,Lower Parel,10:36
94029,Lower Parel,10:40
90321,Lower Parel,10:43
90325,Lower Parel,10:46
90329,Lower Parel,10:49
90309,Prabhadevi,10:32
90311,Prabhadevi,10:36
90315,Prabhadevi,10:39
94029,Prabhadevi,10:43
90321,Prabhadevi,10:46
90325,Prabhadevi,10:49
90329,Prabhadevi,10:52
90309,DADAR,10:34
90311,DADAR,10:38
90313,DADAR,10:34
90315,DADAR,10:41
94029,DADAR,10:45
92233,DADAR,10:43
90321,DADAR,10:48
90323,DADAR,10:46
90325,DADAR,10:51
94031,DADAR,10:49
90329,DADAR,10:54
94033,DADAR,10:53
90309,Matunga Road,10:36
90311,Matunga Road,10:40
90315,Matunga Road,10:43
94029,Matunga Road,10:47
90321,Matunga Road,10:50
90325,Matunga Road,10:53
90329,Matunga Road,10:56
90309,Mahim Jn.,10:39
90311,Mahim Jn.,10:43
90315,Mahim Jn.,10:46
94029,Mahim Jn.,10:50
90321,Mahim Jn.,10:53
90325,Mahim Jn.,10:56
90329,Mahim Jn.,10:59
90309,BANDRA,10:43
90311,BANDRA,10:47
90313,BANDRA,10:40
90315,BANDRA,10:50
94029,BANDRA,10:54
92233,BANDRA,10:48
90321,BANDRA,10:57
90323,BANDRA,10:51
90325,BANDRA,11:00
94031,BANDRA,10:54
90329,BANDRA,11:03
94033,BANDRA,10:58
90309,Khar Road,10:46
90311,Khar Road,10:50
90315,Khar Road,10:53
94029,Khar Road,10:57
90321,Khar Road,11:00
90325,Khar Road,11:03
90329,Khar Road,11:06
90309,Santa Cruz,10:49
90311,Santa Cruz,10:53
90315,Santa Cruz,10:56
94029,Santa Cruz,11:00
90321,Santa Cruz,11:03
90325,Santa Cruz,11:05
90329,Santa Cruz,11:08
90309,Vile Parle,10:52
90311,Vile Parle,10:56
90315,Vile Parle,10:59
94029,Vile Parle,11:03
90321,Vile Parle,11:06
90325,Vile Parle,11:08
90329,Vile Parle,11:11
92079,ANDHERI,10:48
90309,ANDHERI,10:56
90311,ANDHERI,11:00
90313,ANDHERI,10:51
90315,ANDHERI,11:03
92081,ANDHERI,11:05
94029,ANDHERI,11:09
92233,ANDHERI,10:57
90321,ANDHERI,11:12
90323,ANDHERI,11:00
90325,ANDHERI,11:14
94031,ANDHERI,11:03
90329,ANDHERI,11:16
94033,ANDHERI,11:07
90309,Jogeshwari,10:59
90311,Jogeshwari,11:03
90315,Jogeshwari,11:06
92081,Jogeshwari,11:09
94029,Jogeshwari,11:12
90321,Jogeshwari,11:15
90329,Jogeshwari,11:19
90309,Ram Mandir,11:02
90311,Ram Mandir,11:06
90315,Ram Mandir,11:09
92081,Ram Mandir,11:12
94029,Ram Mandir,11:15
90321,Ram Mandir,11:18
90329,Ram Mandir,11:22
90309,Goregaon,11:06
90311,Goregaon,11:08
90315,Goregaon,11:11
92081,Goregaon,11:14
94029,Goregaon,11:17
90321,Goregaon,11:20
90329,Goregaon,11:24
90311,Malad,11:12
90315,Malad,11:15
92081,Malad,11:18
94029,Malad,11:21
90321,Malad,11:24
90329,Malad,11:28
90311,Kandivli,11:15
90315,Kandivli,11:18
92081,Kandivli,11:21
94029,Kandivli,11:24
90321,Kandivli,11:27
90329,Kandivli,11:31
92079,BORIVALI,11:03
90311,BORIVALI,11:22
90313,BORIVALI,11:06
90315,BORIVALI,11:25
92081,BORIVALI,11:27
94029,BORIVALI,11:31
92233,BORIVALI,11:12
92235,BORIVALI,11:17
90321,BORIVALI,11:34
90323,BORIVALI,11:15
94031,BORIVALI,11:18
90329,BORIVALI,11:38
94033,BORIVALI,11:21
90313,Dahisar,11:11
92081,Dahisar,11:30
92235,Dahisar,11:22
90323,Dahisar,11:19
94033,Dahisar,11:26
90313,Mira Road,11:16
92081,Mira Road,11:35
92235,Mira Road,11:27
90323,Mira Road,11:24
94033,Mira Road,11:31
92079,Bhayandar,11:15
90313,Bhayandar,11:21
92081,Bhayandar,11:40
92235,Bhayandar,11:32
90323,Bhayandar,11:29
94033,Bhayandar,11:38
90313,Naigaon,11:27
92081,Naigaon,11:46
92235,Naigaon,11:38
90323,Naigaon,11:34
92079,Vasai Road,11:26
90313,Vasai Road,11:32
92081,Vasai Road,11:51
92235,Vasai Road,11:44
90323,Vasai Road,11:39
92079,Nalla Sopara,11:31
90313,Nalla Sopara,11:38
92081,Nalla Sopara,11:56
92235,Nalla Sopara,11:49
90323,Nalla Sopara,11:44
92079,VIRAR,11:37
90313,VIRAR,11:44
92081,VIRAR,12:02
92235,VIRAR,11:56
90323,VIRAR,11:51
90333,CHURCHGATE,10:36
90337,CHURCHGATE,10:39
90339,CHURCHGATE,10:42
90341,CHURCHGATE,10:42
90343,CHURCHGATE,10:45
92217,CHURCHGATE,10:45
90347,CHURCHGATE,10:50
90349,CHURCHGATE,10:48
90351,CHURCHGATE,10:51
94035,CHURCHGATE,10:53
90353,CHURCHGATE,10:54
90355,CHURCHGATE,10:57
90333,Marine Lines,10:39
90337,Marine Lines,10:42
90341,Marine Lines,10:45
90343,Marine Lines,10:48
90349,Marine Lines,10:51
90351,Marine Lines,10:54
90353,Marine Lines,10:57
90333,Charni Road,10:41
90337,Charni Road,10:44
90341,Charni Road,10:47
90343,Charni Road,10:50
90349,Charni Road,10:53
90351,Charni Road,10:56
90353,Charni Road,10:59
90333,Grant Road,10:44
90337,Grant Road,10:47
90341,Grant Road,10:50
90343,Grant Road,10:53
90349,Grant Road,10:56
90351,Grant Road,10:59
90353,Grant Road,11:02
90333,M'BAI CENTRAL (L),10:46
90337,M'BAI CENTRAL (L),10:49
90339,M'BAI CENTRAL (L),10:52
90341,M'BAI CENTRAL (L),10:52
90343,M'BAI CENTRAL (L),10:55
92217,M'BAI CENTRAL (L),10:55
90347,M'BAI CENTRAL (L),10:59
90349,M'BAI CENTRAL (L),10:58
90351,M'BAI CENTRAL (L),11:01
94035,M'BAI CENTRAL (L),11:03
90353,M'BAI CENTRAL (L),11:04
90355,M'BAI CENTRAL (L),11:07
90333,Mahalakshmi,10:49
90341,Mahalakshmi,10:55
90343,Mahalakshmi,10:58
90349,Mahalakshmi,11:01
90351,Mahalakshmi,11:04
90353,Mahalakshmi,11:07
90333,Lower Parel,10:52
90341,Lower Parel,10:58
90343,Lower Parel,11:01
90349,Lower Parel,11:04
90351,Lower Parel,11:07
90353,Lower Parel,11:10
90333,Prabhadevi,10:55
90341,Prabhadevi,11:01
90343,Prabhadevi,11:04
90349,Prabhadevi,11:07
90351,Prabhadevi,11:10
90353,Prabhadevi,11:13
90333,DADAR,10:57
92083,DADAR,10:55
90339,DADAR,10:59
90341,DADAR,11:03
90343,DADAR,11:06
92217,DADAR,11:02
90347,DADAR,11:06
90349,DADAR,11:09
90351,DADAR,11:12
94035,DADAR,11:10
90353,DADAR,11:15
90355,DADAR,11:14
90333,Matunga Road,10:59
90341,Matunga Road,11:05
90343,Matunga Road,11:08
90349,Matunga Road,11:11
90351,Matunga Road,11:14
90353,Matunga Road,11:17
90333,Mahim Jn.,11:02
90341,Mahim Jn.,11:08
90343,Mahim Jn.,11:11
90349,Mahim Jn.,11:14
90351,Mahim Jn.,11:17
90353,Mahim Jn.,11:20
90333,BANDRA,11:06
92083,BANDRA,11:02
90339,BANDRA,11:05
90341,BANDRA,11:12
90343,BANDRA,11:15
92217,BANDRA,11:08
90347,BANDRA,11:12
90349,BANDRA,11:18
90351,BANDRA,11:21
94035,BANDRA,11:16
90353,BANDRA,11:24
90355,BANDRA,11:20
90333,Khar Road,11:09
90341,Khar Road,11:15
90343,Khar Road,11:18
90349,Khar Road,11:21
90351,Khar Road,11:24
90353,Khar Road,11:27
90333,Santa Cruz,11:11
90341,Santa Cruz,11:17
90343,Santa Cruz,11:21
90349,Santa Cruz,11:23
90351,Santa Cruz,11:26
90353,Santa Cruz,11:29
90333,Vile Parle,11:14
90341,Vile Parle,11:20
90343,Vile Parle,11:24
90349,Vile Parle,11:27
90351,Vile Parle,11:29
90353,Vile Parle,11:32
90333,ANDHERI,11:19
92083,ANDHERI,11:11
90339,ANDHERI,11:14
90341,ANDHERI,11:25
92217,ANDHERI,11:17
90347,ANDHERI,11:21
90349,ANDHERI,11:33
90351,ANDHERI,11:34
94035,ANDHERI,11:26
90353,ANDHERI,11:37
90355,ANDHERI,11:29
90333,Jogeshwari,11:22
90341,Jogeshwari,11:28
90349,Jogeshwari,11:36
90351,Jogeshwari,11:37
90353,Jogeshwari,11:40
90333,Ram Mandir,11:25
90341,Ram Mandir,11:31
90349,Ram Mandir,11:39
90351,Ram Mandir,11:40
90353,Ram Mandir,11:43
90333,Goregaon,11:27
90341,Goregaon,11:33
90349,Goregaon,11:41
90351,Goregaon,11:44
90353,Goregaon,11:45
90333,Malad,11:31
90339,Malad,11:21
90341,Malad,11:37
90349,Malad,11:45
90353,Malad,11:49
90333,Kandivli,11:34
90341,Kandivli,11:40
90349,Kandivli,11:48
90353,Kandivli,11:52
90333,BORIVALI,11:41
92083,BORIVALI,11:24
90341,BORIVALI,11:47
92217,BORIVALI,11:30
90347,BORIVALI,11:35
90349,BORIVALI,11:54
94035,BORIVALI,11:39
92085,BORIVALI,11:37
90353,BORIVALI,11:59
90355,BORIVALI,11:43
90333,Dahisar,11:46
92083,Dahisar,11:27
92217,Dahisar,11:34
90349,Dahisar,11:58
94035,Dahisar,11:42
92085,Dahisar,11:42
90355,Dahisar,11:47
90333,Mira Road,11:51
92083,Mira Road,11:31
92217,Mira Road,11:39
90349,Mira Road,12:03
94035,Mira Road,11:46
92085,Mira Road,11:47
90355,Mira Road,11:52
90333,Bhayandar,11:57
92083,Bhayandar,11:36
92217,Bhayandar,11:44
90349,Bhayandar,12:11
94035,Bhayandar,11:51
92085,Bhayandar,11:52
90355,Bhayandar,11:57
90333,Naigaon,12:03
92083,Naigaon,11:41
92217,Naigaon,11:50
94035,Naigaon,11:57
92085,Naigaon,11:58
90355,Naigaon,12:03
90333,Vasai Road,12:08
92083,Vasai Road,11:45
92217,Vasai Road,11:55
94035,Vasai Road,12:02
92085,Vasai Road,12:03
90355,Vasai Road,12:08
90333,Nalla Sopara,12:13
92083,Nalla Sopara,11:50
92217,Nalla Sopara,12:00
94035,Nalla Sopara,12:07
92085,Nalla Sopara,12:08
90355,Nalla Sopara,12:13
92083,VIRAR,11:57
92217,VIRAR,12:07
93021,VIRAR,12:00
94035,VIRAR,12:14
92085,VIRAR,12:16
90355,VIRAR,12:20
90357,CHURCHGATE,10:57
90359,CHURCHGATE,11:00
90361,CHURCHGATE,11:00
90363,CHURCHGATE,11:03
90365,CHURCHGATE,11:06
90371,CHURCHGATE,11:06
90373,CHURCHGATE,11:09
90375,CHURCHGATE,11:09
94127,CHURCHGATE,11:12
90379,CHURCHGATE,11:12
90381,CHURCHGATE,11:15
94037,CHURCHGATE,11:15
90357,Marine Lines,11:00
90359,Marine Lines,11:03
90361,Marine Lines,11:03
90363,Marine Lines,11:06
90365,Marine Lines,11:09
90371,Marine Lines,11:09
90373,Marine Lines,11:12
90375,Marine Lines,11:12
94127,Marine Lines,11:15
90379,Marine Lines,11:15
90381,Marine Lines,11:18
94037,Marine Lines,11:18
90357,Charni Road,11:02
90359,Charni Road,11:05
90361,Charni Road,11:05
90363,Charni Road,11:08
90365,Charni Road,11:11
90371,Charni Road,11:11
90373,Charni Road,11:14
90375,Charni Road,11:14
94127,Charni Road,11:17
90379,Charni Road,11:17
90381,Charni Road,11:20
94037,Charni Road,11:20
90357,Grant Road,11:05
90359,Grant Road,11:08
90361,Grant Road,11:08
90363,Grant Road,11:11
90365,Grant Road,11:14
90371,Grant Road,11:14
90373,Grant Road,11:17
90375,Grant Road,11:17
94127,Grant Road,11:20
90379,Grant Road,11:20
90381,Grant Road,11:23
94037,Grant Road,11:23
90357,M'BAI CENTRAL (L),11:07
90359,M'BAI CENTRAL (L),11:10
90361,M'BAI CENTRAL (L),11:10
90363,M'BAI CENTRAL (L),11:13
90365,M'BAI CENTRAL (L),11:16
90371,M'BAI CENTRAL (L),11:16
90373,M'BAI CENTRAL (L),11:19
90375,M'BAI CENTRAL (L),11:19
94127,M'BAI CENTRAL (L),11:22
90379,M'BAI CENTRAL (L),11:22
90381,M'BAI CENTRAL (L),11:25
94037,M'BAI CENTRAL (L),11:25
90357,Mahalakshmi,11:10
90363,Mahalakshmi,11:16
90371,Mahalakshmi,11:19
90373,Mahalakshmi,11:22
90381,Mahalakshmi,11:28
90357,Lower Parel,11:13
90363,Lower Parel,11:19
90371,Lower Parel,11:22
90373,Lower Parel,11:25
90381,Lower Parel,11:31
90357,Prabhadevi,11:16
90363,Prabhadevi,11:22
90371,Prabhadevi,11:25
90373,Prabhadevi,11:28
90381,Prabhadevi,11:34
90357,DADAR,11:19
90361,DADAR,11:17
90363,DADAR,11:24
90365,DADAR,11:23
90371,DADAR,11:27
90373,DADAR,11:30
90375,DADAR,11:26
90379,DADAR,11:29
90381,DADAR,11:36
94037,DADAR,11:32
90357,Matunga Road,11:21
90363,Matunga Road,11:26
90371,Matunga Road,11:29
90373,Matunga Road,11:32
90381,Matunga Road,11:38
90357,Mahim Jn.,11:24
90363,Mahim Jn.,11:29
90371,Mahim Jn.,11:32
90373,Mahim Jn.,11:35
90381,Mahim Jn.,11:41
90357,BANDRA,11:28
90361,BANDRA,11:23
90363,BANDRA,11:33
90365,BANDRA,11:28
90371,BANDRA,11:36
90373,BANDRA,11:39
90375,BANDRA,11:31
90379,BANDRA,11:34
90381,BANDRA,11:45
94037,BANDRA,11:38
90357,Khar Road,11:31
90363,Khar Road,11:36
90371,Khar Road,11:39
90373,Khar Road,11:42
90381,Khar Road,11:48
90357,Santa Cruz,11:33
90363,Santa Cruz,11:38
90371,Santa Cruz,11:41
90373,Santa Cruz,11:44
90381,Santa Cruz,11:50
90357,Vile Parle,11:36
90363,Vile Parle,11:41
90371,Vile Parle,11:44
90373,Vile Parle,11:47
90381,Vile Parle,11:53
90357,ANDHERI,11:41
90361,ANDHERI,11:32
90363,ANDHERI,11:46
90365,ANDHERI,11:37
90371,ANDHERI,11:48
90373,ANDHERI,11:53
90375,ANDHERI,11:40
90379,ANDHERI,11:43
90381,ANDHERI,11:59
94037,ANDHERI,11:47
90357,Jogeshwari,11:44
90363,Jogeshwari,11:49
90371,Jogeshwari,11:52
90373,Jogeshwari,11:56
90381,Jogeshwari,12:03
90357,Ram Mandir,11:47
90363,Ram Mandir,11:52
90371,Ram Mandir,11:55
90373,Ram Mandir,11:59
90381,Ram Mandir,12:06
90357,Goregaon,11:49
90363,Goregaon,11:54
90371,Goregaon,11:58
90373,Goregaon,12:01
90381,Goregaon,12:08
90357,Malad,11:53
90361,Malad,11:39
90363,Malad,11:58
90373,Malad,12:05
90381,Malad,12:12
90357,Kandivli,11:56
90363,Kandivli,12:01
90373,Kandivli,12:08
90381,Kandivli,12:15
90357,BORIVALI,12:03
90363,BORIVALI,12:07
90365,BORIVALI,11:51
90369,BORIVALI,12:08
90373,BORIVALI,12:15
90375,BORIVALI,11:55
90379,BORIVALI,11:59
90381,BORIVALI,12:21
92087,BORIVALI,12:21
94037,BORIVALI,12:01
90365,Dahisar,11:56
90369,Dahisar,12:12
90375,Dahisar,11:59
92087,Dahisar,12:26
94037,Dahisar,12:05
90365,Mira Road,12:01
90369,Mira Road,12:17
90375,Mira Road,12:04
92087,Mira Road,12:31
94037,Mira Road,12:10
90365,Bhayandar,12:06
90369,Bhayandar,12:22
90375,Bhayandar,12:09
92087,Bhayandar,12:36
94037,Bhayandar,12:15
90365,Naigaon,12:12
90369,Naigaon,12:28
90375,Naigaon,12:15
92087,Naigaon,12:42
94037,Naigaon,12:21
90365,Vasai Road,12:17
90369,Vasai Road,12:33
90375,Vasai Road,12:21
92087,Vasai Road,12:47
94037,Vasai Road,12:26
90365,Nalla Sopara,12:22
90369,Nalla Sopara,12:38
90375,Nalla Sopara,12:27
92087,Nalla Sopara,12:52
94037,Nalla Sopara,12:31
93023,VIRAR,12:20
90365,VIRAR,12:30
90369,VIRAR,12:45
90375,VIRAR,12:35
92087,VIRAR,12:59
94037,VIRAR,12:38
90385,CHURCHGATE,11:18
90387,CHURCHGATE,11:21
90389,CHURCHGATE,11:21
90391,CHURCHGATE,11:24
90393,CHURCHGATE,11:24
92091,CHURCHGATE,11:27
90395,CHURCHGATE,11:27
94115,CHURCHGATE,11:30
90401,CHURCHGATE,11:33
90403,CHURCHGATE,11:33
90405,CHURCHGATE,11:38
90407,CHURCHGATE,11:38
90385,Marine Lines,11:21
90387,Marine Lines,11:24
90389,Marine Lines,11:24
90391,Marine Lines,11:27
90393,Marine Lines,11:27
90395,Marine Lines,11:30
94115,Marine Lines,11:33
90401,Marine Lines,11:36
90403,Marine Lines,11:36
90405,Marine Lines,11:41
90407,Marine Lines,11:41
90385,Charni Road,11:23
90387,Charni Road,11:26
90389,Charni Road,11:26
90391,Charni Road,11:29
90393,Charni Road,11:29
90395,Charni Road,11:32
94115,Charni Road,11:35
90401,Charni Road,11:38
90403,Charni Road,11:38
90405,Charni Road,11:43
90407,Charni Road,11:43
90385,Grant Road,11:26
90387,Grant Road,11:29
90389,Grant Road,11:29
90391,Grant Road,11:32
90393,Grant Road,11:32
90395,Grant Road,11:35
94115,Grant Road,11:38
90401,Grant Road,11:41
90403,Grant Road,11:41
90405,Grant Road,11:46
90407,Grant Road,11:46
90385,M'BAI CENTRAL (L),11:28
90387,M'BAI CENTRAL (L),11:31
90389,M'BAI CENTRAL (L),11:31
90391,M'BAI CENTRAL (L),11:34
90393,M'BAI CENTRAL (L),11:34
92091,M'BAI CENTRAL (L),11:37
90395,M'BAI CENTRAL (L),11:37
94115,M'BAI CENTRAL (L),11:40
90401,M'BAI CENTRAL (L),11:43
90403,M'BAI CENTRAL (L),11:43
90405,M'BAI CENTRAL (L),11:48
90407,M'BAI CENTRAL (L),11:48
90385,Mahalakshmi,11:31
90393,Mahalakshmi,11:37
90401,Mahalakshmi,11:46
90407,Mahalakshmi,11:51
90385,Lower Parel,11:34
90393,Lower Parel,11:40
90401,Lower Parel,11:49
90407,Lower Parel,11:54
90385,Prabhadevi,11:37
90393,Prabhadevi,11:43
90401,Prabhadevi,11:52
90407,Prabhadevi,11:57
90385,DADAR,11:39
90387,DADAR,11:38
90391,DADAR,11:41
90393,DADAR,11:45
92091,DADAR,11:44
94115,DADAR,11:47
90401,DADAR,11:54
90403,DADAR,11:50
90405,DADAR,11:55
90407,DADAR,11:59
90385,Matunga Road,11:41
90393,Matunga Road,11:47
90401,Matunga Road,11:56
90407,Matunga Road,12:01
90385,Mahim Jn.,11:44
90393,Mahim Jn.,11:50
90401,Mahim Jn.,11:59
90407,Mahim Jn.,12:04
90385,BANDRA,11:48
90387,BANDRA,11:44
90391,BANDRA,11:47
90393,BANDRA,11:54
92091,BANDRA,11:50
94115,BANDRA,11:53
90399,BANDRA,11:57
90401,BANDRA,12:03
90403,BANDRA,11:56
90405,BANDRA,12:01
90407,BANDRA,12:08
90385,Khar Road,11:52
90393,Khar Road,11:57
90399,Khar Road,12:01
90401,Khar Road,12:06
90407,Khar Road,12:11
90385,Santa Cruz,11:55
90393,Santa Cruz,11:59
90399,Santa Cruz,12:03
90401,Santa Cruz,12:08
90407,Santa Cruz,12:13
90385,Vile Parle,11:58
90393,Vile Parle,12:02
90399,Vile Parle,12:06
90401,Vile Parle,12:11
90407,Vile Parle,12:16
90385,ANDHERI,12:02
90387,ANDHERI,11:54
90391,ANDHERI,11:57
92089,ANDHERI,12:01
90393,ANDHERI,12:07
92091,ANDHERI,12:00
94115,ANDHERI,12:03
90399,ANDHERI,12:11
90401,ANDHERI,12:16
90403,ANDHERI,12:06
90405,ANDHERI,12:10
92093,ANDHERI,12:18
90407,ANDHERI,12:22
90385,Jogeshwari,12:06
92089,Jogeshwari,12:06
90393,Jogeshwari,12:10
90399,Jogeshwari,12:14
90401,Jogeshwari,12:19
92093,Jogeshwari,12:22
90407,Jogeshwari,12:25
90385,Ram Mandir,12:09
92089,Ram Mandir,12:09
90393,Ram Mandir,12:13
90399,Ram Mandir,12:17
90401,Ram Mandir,12:22
92093,Ram Mandir,12:25
90407,Ram Mandir,12:28
90385,Goregaon,12:13
92089,Goregaon,12:11
90393,Goregaon,12:15
90399,Goregaon,12:19
90401,Goregaon,12:24
92093,Goregaon,12:27
90407,Goregaon,12:30
90391,Malad,12:09
92089,Malad,12:15
90393,Malad,12:19
90399,Malad,12:23
90401,Malad,12:28
92093,Malad,12:31
90407,Malad,12:34
92089,Kandivli,12:18
90393,Kandivli,12:22
90399,Kandivli,12:26
90401,Kandivli,12:31
92093,Kandivli,12:34
90407,Kandivli,12:37
90387,BORIVALI,12:10
92089,BORIVALI,12:24
90393,BORIVALI,12:29
92091,BORIVALI,12:13
94115,BORIVALI,12:16
90399,BORIVALI,12:32
90401,BORIVALI,12:37
90403,BORIVALI,12:20
90405,BORIVALI,12:23
92093,BORIVALI,12:39
90407,BORIVALI,12:43
92089,Dahisar,12:29
92091,Dahisar,12:16
94115,Dahisar,12:20
90399,Dahisar,12:37
90403,Dahisar,12:24
90405,Dahisar,12:27
92093,Dahisar,12:43
90407,Dahisar,12:47
92089,Mira Road,12:34
92091,Mira Road,12:21
94115,Mira Road,12:25
90399,Mira Road,12:42
90403,Mira Road,12:28
90405,Mira Road,12:31
92093,Mira Road,12:48
90407,Mira Road,12:52
92089,Bhayandar,12:39
92091,Bhayandar,12:26
94115,Bhayandar,12:31
90399,Bhayandar,12:50
90403,Bhayandar,12:33
90405,Bhayandar,12:36
92093,Bhayandar,12:53
90407,Bhayandar,12:57
92089,Naigaon,12:45
92091,Naigaon,12:32
90403,Naigaon,12:38
90405,Naigaon,12:42
92093,Naigaon,12:59
90407,Naigaon,13:03
92089,Vasai Road,12:51
92091,Vasai Road,12:36
90403,Vasai Road,12:43
90405,Vasai Road,12:49
92093,Vasai Road,13:04
90407,Vasai Road,13:08
92089,Nalla Sopara,12:56
92091,Nalla Sopara,12:41
90403,Nalla Sopara,12:49
92093,Nalla Sopara,13:09
90407,Nalla Sopara,13:13
92089,VIRAR,13:03
92091,VIRAR,12:48
92093,VIRAR,13:15
90407,VIRAR,13:20
90409,CHURCHGATE,11:41
90411,CHURCHGATE,11:44
94039,CHURCHGATE,11:48
90413,CHURCHGATE,11:49
94139,CHURCHGATE,11:51
90417,CHURCHGATE,11:52
90419,CHURCHGATE,11:56
90421,CHURCHGATE,12:00
90423,CHURCHGATE,12:02
90425,CHURCHGATE,12:06
90427,CHURCHGATE,12:05
92099,CHURCHGATE,12:09
90409,Marine Lines,11:44
90411,Marine Lines,11:47
94039,Marine Lines,11:51
90413,Marine Lines,11:52
94139,Marine Lines,11:54
90417,Marine Lines,11:55
90419,Marine Lines,11:59
90421,Marine Lines,12:03
90423,Marine Lines,12:05
90425,Marine Lines,12:09
90427,Marine Lines,12:08
90409,Charni Road,11:46
90411,Charni Road,11:49
94039,Charni Road,11:53
90413,Charni Road,11:54
94139,Charni Road,11:56
90417,Charni Road,11:57
90419,Charni Road,12:01
90421,Charni Road,12:05
90423,Charni Road,12:07
90425,Charni Road,12:11
90427,Charni Road,12:10
90409,Grant Road,11:49
90411,Grant Road,11:52
94039,Grant Road,11:56
90413,Grant Road,11:57
94139,Grant Road,11:59
90417,Grant Road,12:00
90419,Grant Road,12:04
90421,Grant Road,12:08
90423,Grant Road,12:10
90425,Grant Road,12:14
90427,Grant Road,12:13
90409,M'BAI CENTRAL (L),11:51
90411,M'BAI CENTRAL (L),11:54
94039,M'BAI CENTRAL (L),11:58
90413,M'BAI CENTRAL (L),11:59
94139,M'BAI CENTRAL (L),12:01
90417,M'BAI CENTRAL (L),12:02
90419,M'BAI CENTRAL (L),12:06
90421,M'BAI CENTRAL (L),12:10
90423,M'BAI CENTRAL (L),12:12
90425,M'BAI CENTRAL (L),12:16
90427,M'BAI CENTRAL (L),12:15
92099,M'BAI CENTRAL (L),12:19
90409,Mahalakshmi,11:54
90411,Mahalakshmi,11:57
90413,Mahalakshmi,12:02
90417,Mahalakshmi,12:05
90419,Mahalakshmi,12:09
90423,Mahalakshmi,12:15
90427,Mahalakshmi,12:18
90409,Lower Parel,11:57
90411,Lower Parel,12:00
90413,Lower Parel,12:05
90417,Lower Parel,12:08
90419,Lower Parel,12:12
90423,Lower Parel,12:18
90427,Lower Parel,12:21
90409,Prabhadevi,12:00
90411,Prabhadevi,12:03
90413,Prabhadevi,12:08
90417,Prabhadevi,12:11
90419,Prabhadevi,12:15
90423,Prabhadevi,12:21
90427,Prabhadevi,12:24
90409,DADAR,12:02
90411,DADAR,12:05
94039,DADAR,12:05
90413,DADAR,12:10
92095,DADAR,12:00
94139,DADAR,12:10
90417,DADAR,12:13
90419,DADAR,12:17
90421,DADAR,12:17
90423,DADAR,12:23
90425,DADAR,12:23
90427,DADAR,12:26
92099,DADAR,12:26
90409,Matunga Road,12:04
90411,Matunga Road,12:07
90413,Matunga Road,12:12
90417,Matunga Road,12:15
90419,Matunga Road,12:19
90423,Matunga Road,12:25
90427,Matunga Road,12:28
90409,Mahim Jn.,12:07
90411,Mahim Jn.,12:10
90413,Mahim Jn.,12:15
90417,Mahim Jn.,12:18
90419,Mahim Jn.,12:22
90423,Mahim Jn.,12:28
90427,Mahim Jn.,12:31
90409,BANDRA,12:11
90411,BANDRA,12:14
94039,BANDRA,12:10
90413,BANDRA,12:19
94139,BANDRA,12:17
90417,BANDRA,12:22
90419,BANDRA,12:26
90421,BANDRA,12:22
90423,BANDRA,12:32
90425,BANDRA,12:28
90427,BANDRA,12:35
92099,BANDRA,12:32
90409,Khar Road,12:14
90411,Khar Road,12:17
90413,Khar Road,12:22
90417,Khar Road,12:25
90419,Khar Road,12:29
90423,Khar Road,12:35
90427,Khar Road,12:38
90409,Santa Cruz,12:16
90411,Santa Cruz,12:19
90413,Santa Cruz,12:24
90417,Santa Cruz,12:27
90419,Santa Cruz,12:31
90423,Santa Cruz,12:37
90427,Santa Cruz,12:40
90409,Vile Parle,12:19
90411,Vile Parle,12:22
90413,Vile Parle,12:27
90417,Vile Parle,12:30
90419,Vile Parle,12:34
90423,Vile Parle,12:40
90427,Vile Parle,12:43
90409,ANDHERI,12:25
90411,ANDHERI,12:28
94039,ANDHERI,12:18
90413,ANDHERI,12:32
92095,ANDHERI,12:14
94139,ANDHERI,12:25
92097,ANDHERI,12:35
90417,ANDHERI,12:35
90419,ANDHERI,12:39
90421,ANDHERI,12:30
90423,ANDHERI,12:45
90425,ANDHERI,12:36
90427,ANDHERI,12:48
92099,ANDHERI,12:40
90409,Jogeshwari,12:28
90411,Jogeshwari,12:31
90413,Jogeshwari,12:36
92097,Jogeshwari,12:40
90417,Jogeshwari,12:39
90419,Jogeshwari,12:42
90423,Jogeshwari,12:49
90427,Jogeshwari,12:52
90409,Ram Mandir,12:31
90411,Ram Mandir,12:34
90413,Ram Mandir,12:39
92097,Ram Mandir,12:43
90417,Ram Mandir,12:42
90419,Ram Mandir,12:45
90423,Ram Mandir,12:52
90427,Ram Mandir,12:55
90409,Goregaon,12:33
90411,Goregaon,12:36
90413,Goregaon,12:41
92097,Goregaon,12:45
90417,Goregaon,12:45
90419,Goregaon,12:47
90423,Goregaon,12:54
90427,Goregaon,12:57
90409,Malad,12:37
90411,Malad,12:40
90413,Malad,12:45
94139,Malad,12:36
92097,Malad,12:49
90419,Malad,12:51
90423,Malad,12:58
90427,Malad,13:01
90409,Kandivli,12:40
90411,Kandivli,12:43
90413,Kandivli,12:48
92097,Kandivli,12:52
90419,Kandivli,12:54
90423,Kandivli,13:01
90427,Kandivli,13:04
90409,BORIVALI,12:46
90411,BORIVALI,12:49
94039,BORIVALI,12:28
90413,BORIVALI,12:55
92097,BORIVALI,12:58
90419,BORIVALI,13:00
90421,BORIVALI,12:46
90423,BORIVALI,13:07
90425,BORIVALI,12:50
90427,BORIVALI,13:10
92099,BORIVALI,12:54
94039,Dahisar,12:33
92095,Dahisar,12:29
92097,Dahisar,13:02
90421,Dahisar,12:51
90425,Dahisar,12:54
92099,Dahisar,12:59
94039,Mira Road,12:38
92097,Mira Road,13:07
90421,Mira Road,12:56
90425,Mira Road,12:59
92099,Mira Road,13:04
94039,Bhayandar,12:43
92095,Bhayandar,12:34
92097,Bhayandar,13:13
90421,Bhayandar,13:01
90425,Bhayandar,13:07
92099,Bhayandar,13:09
94039,Naigaon,12:49
92097,Naigaon,13:19
90421,Naigaon,13:07
92099,Naigaon,13:15
94039,Vasai Road,12:53
92095,Vasai Road,12:49
92097,Vasai Road,13:24
90421,Vasai Road,13:13
92099,Vasai Road,13:20
94039,Nalla Sopara,12:59
92097,Nalla Sopara,13:29
90421,Nalla Sopara,13:18
92099,Nalla Sopara,13:25
94039,VIRAR,13:08
92095,VIRAR,12:59
92097,VIRAR,13:35
93025,VIRAR,13:20
90421,VIRAR,13:25
92099,VIRAR,13:33
90431,CHURCHGATE,12:08
90433,CHURCHGATE,12:11
90435,CHURCHGATE,12:13
90437,CHURCHGATE,12:16
94041,CHURCHGATE,12:16
90441,CHURCHGATE,12:19
90443,CHURCHGATE,12:20
90445,CHURCHGATE,12:22
90447,CHURCHGATE,12:26
90449,CHURCHGATE,12:29
94043,CHURCHGATE,12:29
90453,CHURCHGATE,12:33
94045,CHURCHGATE,12:34
90431,Marine Lines,12:11
90433,Marine Lines,12:14
90435,Marine Lines,12:16
90437,Marine Lines,12:19
94041,Marine Lines,12:19
90441,Marine Lines,12:22
90443,Marine Lines,12:23
90445,Marine Lines,12:25
90447,Marine Lines,12:29
90449,Marine Lines,12:32
94043,Marine Lines,12:32
90453,Marine Lines,12:36
94045,Marine Lines,12:37
90431,Charni Road,12:13
90433,Charni Road,12:16
90435,Charni Road,12:18
90437,Charni Road,12:21
94041,Charni Road,12:21
90441,Charni Road,12:24
90443,Charni Road,12:25
90445,Charni Road,12:27
90447,Charni Road,12:31
90449,Charni Road,12:34
94043,Charni Road,12:34
90453,Charni Road,12:38
94045,Charni Road,12:39
90431,Grant Road,12:16
90433,Grant Road,12:19
90435,Grant Road,12:21
90437,Grant Road,12:24
94041,Grant Road,12:24
90441,Grant Road,12:27
90443,Grant Road,12:28
90445,Grant Road,12:30
90447,Grant Road,12:34
90449,Grant Road,12:37
94043,Grant Road,12:37
90453,Grant Road,12:41
94045,Grant Road,12:42
90431,M'BAI CENTRAL (L),12:18
90433,M'BAI CENTRAL (L),12:21
90435,M'BAI CENTRAL (L),12:23
90437,M'BAI CENTRAL (L),12:26
94041,M'BAI CENTRAL (L),12:26
90441,M'BAI CENTRAL (L),12:29
90443,M'BAI CENTRAL (L),12:30
90445,M'BAI CENTRAL (L),12:32
90447,M'BAI CENTRAL (L),12:36
90449,M'BAI CENTRAL (L),12:39
94043,M'BAI CENTRAL (L),12:39
90453,M'BAI CENTRAL (L),12:43
94045,M'BAI CENTRAL (L),12:44
90431,Mahalakshmi,12:21
90433,Mahalakshmi,12:24
90437,Mahalakshmi,12:29
90441,Mahalakshmi,12:32
90445,Mahalakshmi,12:35
90447,Mahalakshmi,12:39
90449,Mahalakshmi,12:42
90453,Mahalakshmi,12:46
90431,Lower Parel,12:24
90433,Lower Parel,12:27
90437,Lower Parel,12:32
90441,Lower Parel,12:35
90445,Lower Parel,12:38
90447,Lower Parel,12:42
90449,Lower Parel,12:45
90453,Lower Parel,12:49
90431,Prabhadevi,12:27
90433,Prabhadevi,12:30
90437,Prabhadevi,12:35
90441,Prabhadevi,12:38
90445,Prabhadevi,12:41
90447,Prabhadevi,12:45
90449,Prabhadevi,12:48
90453,Prabhadevi,12:52
90431,DADAR,12:29
90433,DADAR,12:32
90435,DADAR,12:30
90437,DADAR,12:37
94041,DADAR,12:33
90441,DADAR,12:40
90443,DADAR,12:37
90445,DADAR,12:43
90447,DADAR,12:47
90449,DADAR,12:50
94043,DADAR,12:46
90453,DADAR,12:54
94045,DADAR,12:51
90431,Matunga Road,12:31
90433,Matunga Road,12:34
90437,Matunga Road,12:39
90441,Matunga Road,12:42
90445,Matunga Road,12:45
90447,Matunga Road,12:49
90449,Matunga Road,12:52
90453,Matunga Road,12:56
90431,Mahim Jn.,12:34
90433,Mahim Jn.,12:37
90437,Mahim Jn.,12:42
90441,Mahim Jn.,12:45
90445,Mahim Jn.,12:48
90447,Mahim Jn.,12:52
90449,Mahim Jn.,12:55
90453,Mahim Jn.,12:59
90431,BANDRA,12:38
90433,BANDRA,12:41
90435,BANDRA,12:35
90437,BANDRA,12:46
94041,BANDRA,12:38
90441,BANDRA,12:49
90443,BANDRA,12:43
90445,BANDRA,12:52
90447,BANDRA,12:56
90449,BANDRA,12:59
94043,BANDRA,12:52
90453,BANDRA,13:03
94045,BANDRA,12:57
90431,Khar Road,12:41
90433,Khar Road,12:44
90437,Khar Road,12:49
90441,Khar Road,12:52
90445,Khar Road,12:55
90447,Khar Road,12:59
90449,Khar Road,13:02
90453,Khar Road,13:06
90431,Santa Cruz,12:43
90433,Santa Cruz,12:47
90437,Santa Cruz,12:51
90441,Santa Cruz,12:54
90445,Santa Cruz,12:58
90447,Santa Cruz,13:02
90449,Santa Cruz,13:05
90453,Santa Cruz,13:09
90431,Vile Parle,12:46
90433,Vile Parle,12:50
90437,Vile Parle,12:54
90441,Vile Parle,12:57
90445,Vile Parle,13:01
90447,Vile Parle,13:05
90449,Vile Parle,13:08
90453,Vile Parle,13:12
92103,ANDHERI,12:51
90431,ANDHERI,12:52
90433,ANDHERI,12:55
90435,ANDHERI,12:43
90437,ANDHERI,12:59
94041,ANDHERI,12:46
90441,ANDHERI,13:02
90443,ANDHERI,12:52
90445,ANDHERI,13:06
90447,ANDHERI,13:10
90449,ANDHERI,13:13
94043,ANDHERI,13:03
90453,ANDHERI,13:17
94045,ANDHERI,13:07
92103,Jogeshwari,12:55
90431,Jogeshwari,12:56
90433,Jogeshwari,12:59
90437,Jogeshwari,13:02
90441,Jogeshwari,13:05
90445,Jogeshwari,13:09
90447,Jogeshwari,13:13
90449,Jogeshwari,13:16
90453,Jogeshwari,13:20
92103,Ram Mandir,12:58
90431,Ram Mandir,12:59
90433,Ram Mandir,13:02
90437,Ram Mandir,13:05
90441,Ram Mandir,13:08
90445,Ram Mandir,13:12
90447,Ram Mandir,13:16
90449,Ram Mandir,13:19
90453,Ram Mandir,13:23
92103,Goregaon,13:00
90431,Goregaon,13:03
90433,Goregaon,13:04
90437,Goregaon,13:07
90441,Goregaon,13:10
90445,Goregaon,13:14
90447,Goregaon,13:18
90449,Goregaon,13:21
90453,Goregaon,13:25
92103,Malad,13:04
90433,Malad,13:08
90437,Malad,13:11
90441,Malad,13:14
90445,Malad,13:18
90447,Malad,13:22
90449,Malad,13:25
90453,Malad,13:29
92103,Kandivli,13:07
90433,Kandivli,13:11
90437,Kandivli,13:14
90441,Kandivli,13:17
90445,Kandivli,13:21
90447,Kandivli,13:25
90449,Kandivli,13:28
90453,Kandivli,13:32
92101,BORIVALI,13:01
92103,BORIVALI,13:13
90433,BORIVALI,13:17
90435,BORIVALI,12:58
90437,BORIVALI,13:21
94041,BORIVALI,13:01
90441,BORIVALI,13:24
90443,BORIVALI,13:05
90445,BORIVALI,13:27
90447,BORIVALI,13:32
90449,BORIVALI,13:34
94043,BORIVALI,13:18
90453,BORIVALI,13:38
94045,BORIVALI,13:21
92101,Dahisar,13:07
92103,Dahisar,13:17
90443,Dahisar,13:09
90449,Dahisar,13:38
94045,Dahisar,13:27
92101,Mira Road,13:12
92103,Mira Road,13:22
90443,Mira Road,13:13
90449,Mira Road,13:43
94045,Mira Road,13:32
92101,Bhayandar,13:17
92103,Bhayandar,13:27
94041,Bhayandar,13:09
90443,Bhayandar,13:18
90449,Bhayandar,13:48
94043,Bhayandar,13:27
94045,Bhayandar,13:37
92101,Naigaon,13:23
92103,Naigaon,13:33
90443,Naigaon,13:24
90449,Naigaon,13:54
94045,Naigaon,13:43
92101,Vasai Road,13:28
92103,Vasai Road,13:38
94041,Vasai Road,13:17
90443,Vasai Road,13:32
90449,Vasai Road,13:59
94043,Vasai Road,13:36
94045,Vasai Road,13:48
92101,Nalla Sopara,13:33
92103,Nalla Sopara,13:43
90449,Nalla Sopara,14:04
94045,Nalla Sopara,13:53
92101,VIRAR,13:40
92103,VIRAR,13:51
94041,VIRAR,13:27
90449,VIRAR,14:10
94043,VIRAR,13:46
94045,VIRAR,13:59
90459,CHURCHGATE,12:37
90461,CHURCHGATE,12:41
90463,CHURCHGATE,12:41
94047,CHURCHGATE,12:45
90465,CHURCHGATE,12:48
90467,CHURCHGATE,12:54
92105,CHURCHGATE,12:54
90471,CHURCHGATE,12:58
90473,CHURCHGATE,13:02
92107,CHURCHGATE,13:03
90475,CHURCHGATE,13:05
90459,Marine Lines,12:40
90461,Marine Lines,12:44
90463,Marine Lines,12:44
94047,Marine Lines,12:48
90465,Marine Lines,12:51
90467,Marine Lines,12:57
90471,Marine Lines,13:01
90473,Marine Lines,13:05
90475,Marine Lines,13:08
90459,Charni Road,12:42
90461,Charni Road,12:46
90463,Charni Road,12:46
94047,Charni Road,12:50
90465,Charni Road,12:53
90467,Charni Road,12:59
90471,Charni Road,13:03
90473,Charni Road,13:07
90475,Charni Road,13:10
90459,Grant Road,12:45
90461,Grant Road,12:49
90463,Grant Road,12:49
94047,Grant Road,12:53
90465,Grant Road,12:56
90467,Grant Road,13:02
90471,Grant Road,13:06
90473,Grant Road,13:10
90475,Grant Road,13:13
90459,M'BAI CENTRAL (L),12:47
90461,M'BAI CENTRAL (L),12:51
90463,M'BAI CENTRAL (L),12:51
94047,M'BAI CENTRAL (L),12:55
90465,M'BAI CENTRAL (L),12:58
90467,M'BAI CENTRAL (L),13:04
92105,M'BAI CENTRAL (L),13:02
90471,M'BAI CENTRAL (L),13:08
90473,M'BAI CENTRAL (L),13:12
92107,M'BAI CENTRAL (L),13:11
90475,M'BAI CENTRAL (L),13:15
90459,Mahalakshmi,12:50
90461,Mahalakshmi,12:54
94047,Mahalakshmi,12:58
90465,Mahalakshmi,13:01
90467,Mahalakshmi,13:07
90471,Mahalakshmi,13:11
90473,Mahalakshmi,13:15
90475,Mahalakshmi,13:18
90459,Lower Parel,12:53
90461,Lower Parel,12:57
94047,Lower Parel,13:01
90465,Lower Parel,13:04
90467,Lower Parel,13:10
90471,Lower Parel,13:14
90473,Lower Parel,13:18
90475,Lower Parel,13:21
90459,Prabhadevi,12:56
90461,Prabhadevi,13:00
94047,Prabhadevi,13:04
90465,Prabhadevi,13:07
90467,Prabhadevi,13:13
90471,Prabhadevi,13:17
90473,Prabhadevi,13:21
90475,Prabhadevi,13:24
90459,DADAR,12:58
90461,DADAR,13:02
90463,DADAR,12:58
94047,DADAR,13:06
90465,DADAR,13:09
90467,DADAR,13:15
92105,DADAR,13:09
90469,DADAR,13:12
90471,DADAR,13:19
90473,DADAR,13:23
92107,DADAR,13:18
92109,DADAR,13:23
90475,DADAR,13:26
90459,Matunga Road,13:00
90461,Matunga Road,13:04
94047,Matunga Road,13:08
90465,Matunga Road,13:11
90467,Matunga Road,13:17
90471,Matunga Road,13:21
90473,Matunga Road,13:25
90475,Matunga Road,13:28
90459,Mahim Jn.,13:03
90461,Mahim Jn.,13:07
94047,Mahim Jn.,13:11
90465,Mahim Jn.,13:14
90467,Mahim Jn.,13:20
90471,Mahim Jn.,13:24
90473,Mahim Jn.,13:28
90475,Mahim Jn.,13:31
90465A,BANDRA,13:05
90459,BANDRA,13:07
90461,BANDRA,13:11
90463,BANDRA,13:04
94047,BANDRA,13:15
90465,BANDRA,13:18
90467,BANDRA,13:24
92105,BANDRA,13:14
90469,BANDRA,13:19
90471,BANDRA,13:28
90473,BANDRA,13:32
92107,BANDRA,13:23
92109,BANDRA,13:29
90475,BANDRA,13:35
90465A,Khar Road,13:09
90459,Khar Road,13:10
90461,Khar Road,13:14
94047,Khar Road,13:18
90465,Khar Road,13:21
90467,Khar Road,13:27
90471,Khar Road,13:31
90473,Khar Road,13:35
90475,Khar Road,13:38
90465A,Santa Cruz,13:12
90459,Santa Cruz,13:13
90461,Santa Cruz,13:17
94047,Santa Cruz,13:21
90465,Santa Cruz,13:24
90467,Santa Cruz,13:30
90471,Santa Cruz,13:33
90473,Santa Cruz,13:37
90475,Santa Cruz,13:40
90465A,Vile Parle,13:15
90459,Vile Parle,13:16
90461,Vile Parle,13:20
94047,Vile Parle,13:24
90465,Vile Parle,13:27
90467,Vile Parle,13:33
90471,Vile Parle,13:36
90473,Vile Parle,13:40
90475,Vile Parle,13:43
90465A,ANDHERI,13:20
90459,ANDHERI,13:22
90461,ANDHERI,13:25
90463,ANDHERI,13:13
94047,ANDHERI,13:29
90465,ANDHERI,13:33
92237,ANDHERI,13:35
90467,ANDHERI,13:38
92105,ANDHERI,13:24
90469,ANDHERI,13:28
90471,ANDHERI,13:41
90473,ANDHERI,13:45
92107,ANDHERI,13:32
92109,ANDHERI,13:37
90475,ANDHERI,13:48
90465A,Jogeshwari,13:23
90459,Jogeshwari,13:26
90461,Jogeshwari,13:28
94047,Jogeshwari,13:32
90465,Jogeshwari,13:36
92237,Jogeshwari,13:39
90467,Jogeshwari,13:41
90471,Jogeshwari,13:44
90473,Jogeshwari,13:48
90475,Jogeshwari,13:51
90465A,Ram Mandir,13:26
90459,Ram Mandir,13:29
90461,Ram Mandir,13:31
94047,Ram Mandir,13:35
90465,Ram Mandir,13:39
92237,Ram Mandir,13:42
90467,Ram Mandir,13:44
90471,Ram Mandir,13:47
90473,Ram Mandir,13:51
90475,Ram Mandir,13:54
90465A,Goregaon,13:28
90459,Goregaon,13:33
90461,Goregaon,13:33
94047,Goregaon,13:37
90465,Goregaon,13:41
92237,Goregaon,13:44
90467,Goregaon,13:46
90471,Goregaon,13:49
90473,Goregaon,13:53
90475,Goregaon,13:56
90465A,Malad,13:32
90461,Malad,13:37
94047,Malad,13:41
90465,Malad,13:45
92237,Malad,13:48
90467,Malad,13:50
90471,Malad,13:53
90473,Malad,13:57
90475,Malad,14:00
90465A,Kandivli,13:35
90461,Kandivli,13:40
94047,Kandivli,13:44
90465,Kandivli,13:48
92237,Kandivli,13:51
90467,Kandivli,13:53
90471,Kandivli,13:56
90473,Kandivli,14:00
90475,Kandivli,14:03
90465A,BORIVALI,13:40
90461,BORIVALI,13:46
90463,BORIVALI,13:28
94047,BORIVALI,13:50
90465,BORIVALI,13:54
92237,BORIVALI,13:56
90467,BORIVALI,13:59
92105,BORIVALI,13:41
90469,BORIVALI,13:45
90471,BORIVALI,14:03
90473,BORIVALI,14:07
92107,BORIVALI,13:49
92109,BORIVALI,13:52
90475,BORIVALI,14:10
90465A,Dahisar,13:44
90463,Dahisar,13:32
92237,Dahisar,14:00
92105,Dahisar,13:45
90469,Dahisar,13:52
92109,Dahisar,13:58
90465A,Mira Road,13:49
90463,Mira Road,13:37
92237,Mira Road,14:05
92105,Mira Road,13:50
90469,Mira Road,13:57
92109,Mira Road,14:03
90465A,Bhayandar,13:55
90463,Bhayandar,13:42
92237,Bhayandar,14:11
92105,Bhayandar,13:55
90469,Bhayandar,14:02
92107,Bhayandar,14:01
92109,Bhayandar,14:08
90463,Naigaon,13:48
92105,Naigaon,14:00
90469,Naigaon,14:08
92109,Naigaon,14:14
90463,Vasai Road,13:53
92105,Vasai Road,14:05
90469,Vasai Road,14:13
92107,Vasai Road,14:09
92109,Vasai Road,14:19
90463,Nalla Sopara,13:58
92105,Nalla Sopara,14:11
90469,Nalla Sopara,14:18
92109,Nalla Sopara,14:24
90463,VIRAR,14:04
92105,VIRAR,14:20
90469,VIRAR,14:24
92107,VIRAR,14:21
92109,VIRAR,14:32
VR,CHURCHGATE,13:08
BVI,CHURCHGATE,13:12
BVI,CHURCHGATE,13:16
BSR,CHURCHGATE,13:16
BYR,CHURCHGATE,13:19
VR,CHURCHGATE,13:20
GMN,CHURCHGATE,13:23
BVI,CHURCHGATE,13:27
BVI,CHURCHGATE,13:32
BVI,CHURCHGATE,13:32
BVI,CHURCHGATE,13:38
VR,Marine Lines,13:11
BVI,Marine Lines,13:15
BVI,Marine Lines,13:19
BSR,Marine Lines,13:19
BYR,Marine Lines,13:22
VR,Marine Lines,13:23
GMN,Marine Lines,13:26
BVI,Marine Lines,13:30
BVI,Marine Lines,13:35
BVI,Marine Lines,13:35
BVI,Marine Lines,13:41
VR,Charni Road,13:13
BVI,Charni Road,13:17
BVI,Charni Road,13:21
BSR,Charni Road,13:21
BYR,Charni Road,13:24
VR,Charni Road,13:25
GMN,Charni Road,13:28
BVI,Charni Road,13:32
BVI,Charni Road,13:37
BVI,Charni Road,13:37
BVI,Charni Road,13:43
VR,Grant Road,13:16
BVI,Grant Road,13:20
BVI,Grant Road,13:24
BSR,Grant Road,13:24
BYR,Grant Road,13:27
VR,Grant Road,13:28
GMN,Grant Road,13:31
BVI,Grant Road,13:35
BVI,Grant Road,13:40
BVI,Grant Road,13:40
BVI,Grant Road,13:46
VR,M'BAI CENTRAL (L),13:18
BVI,M'BAI CENTRAL (L),13:22
BVI,M'BAI CENTRAL (L),13:26
BSR,M'BAI CENTRAL (L),13:26
BYR,M'BAI CENTRAL (L),13:29
VR,M'BAI CENTRAL (L),13:30
GMN,M'BAI CENTRAL (L),13:33
BVI,M'BAI CENTRAL (L),13:37
BVI,M'BAI CENTRAL (L),13:42
BVI,M'BAI CENTRAL (L),13:42
BVI,M'BAI CENTRAL (L),13:48
VR,Mahalakshmi,13:21
BVI,Mahalakshmi,13:25
BVI,Mahalakshmi,13:29
BYR,Mahalakshmi,13:32
GMN,Mahalakshmi,13:36
BVI,Mahalakshmi,13:40
BVI,Mahalakshmi,13:45
BVI,Mahalakshmi,13:51
VR,Lower Parel,13:24
BVI,Lower Parel,13:28
BVI,Lower Parel,13:32
BYR,Lower Parel,13:35
GMN,Lower Parel,13:39
BVI,Lower Parel,13:43
BVI,Lower Parel,13:48
BVI,Lower Parel,13:54
VR,Prabhadevi,13:27
BVI,Prabhadevi,13:31
BVI,Prabhadevi,13:35
BYR,Prabhadevi,13:38
GMN,Prabhadevi,13:42
BVI,Prabhadevi,13:46
BVI,Prabhadevi,13:51
BVI,Prabhadevi,13:57
VR,DADAR,13:29
BVI,DADAR,13:33
BVI,DADAR,13:37
BSR,DADAR,13:33
BYR,DADAR,13:40
VR,DADAR,13:37
GMN,DADAR,13:44
VR,DADAR,13:40
BVI,DADAR,13:48
BVI,DADAR,13:53
BVI,DADAR,13:49
BVI,DADAR,13:59
VR,Matunga Road,13:31
BVI,Matunga Road,13:35
BVI,Matunga Road,13:39
BYR,Matunga Road,13:42
GMN,Matunga Road,13:46
BVI,Matunga Road,13:50
BVI,Matunga Road,13:55
BVI,Matunga Road,14:01
VR,Mahim Jn.,13:34
BVI,Mahim Jn.,13:38
BVI,Mahim Jn.,13:42
BYR,Mahim Jn.,13:45
GMN,Mahim Jn.,13:49
BVI,Mahim Jn.,13:53
BVI,Mahim Jn.,13:58
BVI,Mahim Jn.,14:04
VR,BANDRA,13:38
BVI,BANDRA,13:42
BVI,BANDRA,13:46
BSR,BANDRA,13:38
BYR,BANDRA,13:49
VR,BANDRA,13:42
GMN,BANDRA,13:53
VR,BANDRA,13:47
BVI,BANDRA,13:57
BVI,BANDRA,14:02
BVI,BANDRA,13:55
BVI,BANDRA,14:08
VR,Khar Road,13:41
BVI,Khar Road,13:45
BVI,Khar Road,13:49
BYR,Khar Road,13:52
GMN,Khar Road,13:56
BVI,Khar Road,14:00
BVI,Khar Road,14:05
BVI,Khar Road,14:11
VR,Santa Cruz,13:44
BVI,Santa Cruz,13:48
BVI,Santa Cruz,13:52
BYR,Santa Cruz,13:55
GMN,Santa Cruz,13:59
BVI,Santa Cruz,14:03
BVI,Santa Cruz,14:08
BVI,Santa Cruz,14:13
VR,Vile Parle,13:47
BVI,Vile Parle,13:51
BVI,Vile Parle,13:55
BYR,Vile Parle,13:58
GMN,Vile Parle,14:02
BVI,Vile Parle,14:06
BVI,Vile Parle,14:11
BVI,Vile Parle,14:16
VR,ANDHERI,13:52
BVI,ANDHERI,13:56
BVI,ANDHERI,14:00
BSR,ANDHERI,13:46
BYR,ANDHERI,14:03
VR,ANDHERI,13:50
GMN,ANDHERI,14:06
VR,ANDHERI,13:55
VR,ANDHERI,14:00
BVI,ANDHERI,14:10
VR,ANDHERI,14:13
BVI,ANDHERI,14:16
BVI,ANDHERI,14:06
BVI,ANDHERI,14:20
VR,Jogeshwari,13:55
BVI,Jogeshwari,13:59
BVI,Jogeshwari,14:03
BYR,Jogeshwari,14:06
GMN,Jogeshwari,14:09
BVI,Jogeshwari,14:13
VR,Jogeshwari,14:17
BVI,Jogeshwari,14:20
BVI,Jogeshwari,14:10
BVI,Jogeshwari,14:23
VR,Ram Mandir,13:58
BVI,Ram Mandir,14:02
BVI,Ram Mandir,14:06
BYR,Ram Mandir,14:09
GMN,Ram Mandir,14:12
BVI,Ram Mandir,14:16
VR,Ram Mandir,14:20
BVI,Ram Mandir,14:23
BVI,Ram Mandir,14:26
VR,Goregaon,14:00
BVI,Goregaon,14:04
BVI,Goregaon,14:08
BYR,Goregaon,14:11
GMN,Goregaon,14:16
BVI,Goregaon,14:18
VR,Goregaon,14:22
BVI,Goregaon,14:25
BVI,Goregaon,14:15
BVI,Goregaon,14:28
VR,Malad,14:04
BVI,Malad,14:08
BVI,Malad,14:12
BYR,Malad,14:15
BVI,Malad,14:22
VR,Malad,14:26
BVI,Malad,14:29
BVI,Malad,14:19
BVI,Malad,14:32
VR,Kandivli,14:07
BVI,Kandivli,14:11
BVI,Kandivli,14:15
BYR,Kandivli,14:18
BVI,Kandivli,14:25
VR,Kandivli,14:29
BVI,Kandivli,14:32
BVI,Kandivli,14:22
BVI,Kandivli,14:35
VR,BORIVALI,14:13
BVI,BORIVALI,14:18
BVI,BORIVALI,14:21
BSR,BORIVALI,14:01
BYR,BORIVALI,14:24
VR,BORIVALI,14:05
VR,BORIVALI,14:07
BVI,BORIVALI,14:32
VR,BORIVALI,14:35
BVI,BORIVALI,14:38
BVI,BORIVALI,14:28
BVI,BORIVALI,14:41
VR,Dahisar,14:18
BSR,Dahisar,14:06
BYR,Dahisar,14:28
VR,Dahisar,14:11
VR,Dahisar,14:20
VR,Dahisar,14:40
VR,Mira Road,14:23
BSR,Mira Road,14:11
BYR,Mira Road,14:33
VR,Mira Road,14:16
VR,Mira Road,14:45
VR,Bhayandar,14:28
BSR,Bhayandar,14:16
BYR,Bhayandar,14:40
VR,Bhayandar,14:20
VR,Bhayandar,14:15
VR,Bhayandar,14:26
VR,Bhayandar,14:50
VR,Naigaon,14:34
BSR,Naigaon,14:22
VR,Naigaon,14:26
VR,Naigaon,14:56
VR,Vasai Road,14:40
BSR,Vasai Road,14:27
VR,Vasai Road,14:31
VR,Vasai Road,14:24
VR,Vasai Road,14:33
VR,Vasai Road,15:01
VR,Nalla Sopara,14:45
VR,Nalla Sopara,14:36
VR,Nalla Sopara,14:30
VR,Nalla Sopara,15:06
VR,VIRAR,14:52
VR,VIRAR,14:44
VR,VIRAR,14:37
VR,VIRAR,14:42
VR,VIRAR,15:12
90501,CHURCHGATE,13:38
90501A,CHURCHGATE,13:41
90505,CHURCHGATE,13:45
90507,CHURCHGATE,13:48
92219,CHURCHGATE,13:49
94117,CHURCHGATE,13:52
94051,CHURCHGATE,13:53
90513,CHURCHGATE,13:58
90517,CHURCHGATE,14:02
90519,CHURCHGATE,14:02
90521,CHURCHGATE,14:05
90501,Marine Lines,13:41
90501A,Marine Lines,13:44
90505,Marine Lines,13:48
90507,Marine Lines,13:51
94117,Marine Lines,13:55
94051,Marine Lines,13:56
90513,Marine Lines,14:01
90517,Marine Lines,14:05
90519,Marine Lines,14:05
90521,Marine Lines,14:08
90501,Charni Road,13:43
90501A,Charni Road,13:46
90505,Charni Road,13:50
90507,Charni Road,13:53
94117,Charni Road,13:57
94051,Charni Road,13:59
90513,Charni Road,14:03
90517,Charni Road,14:07
90519,Charni Road,14:07
90521,Charni Road,14:10
90501,Grant Road,13:46
90501A,Grant Road,13:49
90505,Grant Road,13:53
90507,Grant Road,13:56
94117,Grant Road,14:00
94051,Grant Road,14:01
90513,Grant Road,14:06
90517,Grant Road,14:10
90519,Grant Road,14:10
90521,Grant Road,14:13
90501,M'BAI CENTRAL (L),13:48
90501A,M'BAI CENTRAL (L),13:51
90505,M'BAI CENTRAL (L),13:55
90507,M'BAI CENTRAL (L),13:58
92219,M'BAI CENTRAL (L),14:00
94117,M'BAI CENTRAL (L),14:02
94051,M'BAI CENTRAL (L),14:04
90513,M'BAI CENTRAL (L),14:08
90517,M'BAI CENTRAL (L),14:12
90519,M'BAI CENTRAL (L),14:12
90521,M'BAI CENTRAL (L),14:15
90501A,Mahalakshmi,13:54
90505,Mahalakshmi,13:58
90507,Mahalakshmi,14:01
94117,Mahalakshmi,14:05
90513,Mahalakshmi,14:11
90517,Mahalakshmi,14:15
90501A,Lower Parel,13:57
90505,Lower Parel,14:01
90507,Lower Parel,14:04
94117,Lower Parel,14:08
90513,Lower Parel,14:14
90517,Lower Parel,14:18
90501A,Prabhadevi,14:00
90505,Prabhadevi,14:04
90507,Prabhadevi,14:07
94117,Prabhadevi,14:11
90513,Prabhadevi,14:17
90517,Prabhadevi,14:21
90501,DADAR,13:55
90501A,DADAR,14:02
90503,DADAR,14:00
90505,DADAR,14:06
90507,DADAR,14:09
92219,DADAR,14:08
94117,DADAR,14:13
94051,DADAR,14:12
90513,DADAR,14:19
92119,DADAR,14:17
90517,DADAR,14:23
90519,DADAR,14:20
90521,DADAR,14:22
90501A,Matunga Road,14:04
90505,Matunga Road,14:08
90507,Matunga Road,14:11
94117,Matunga Road,14:15
90513,Matunga Road,14:21
90517,Matunga Road,14:25
90501A,Mahim Jn.,14:07
90505,Mahim Jn.,14:11
90507,Mahim Jn.,14:14
94117,Mahim Jn.,14:18
90513,Mahim Jn.,14:24
90517,Mahim Jn.,14:28
90501,BANDRA,14:01
90501A,BANDRA,14:12
90503,BANDRA,14:06
90505,BANDRA,14:15
90507,BANDRA,14:18
92219,BANDRA,14:13
94117,BANDRA,14:22
94051,BANDRA,14:18
90513,BANDRA,14:28
92119,BANDRA,14:23
90517,BANDRA,14:32
90519,BANDRA,14:26
90521,BANDRA,14:30
90505,Khar Road,14:18
90507,Khar Road,14:22
94117,Khar Road,14:25
90513,Khar Road,14:31
90517,Khar Road,14:35
90505,Santa Cruz,14:20
90507,Santa Cruz,14:24
94117,Santa Cruz,14:28
90513,Santa Cruz,14:34
90517,Santa Cruz,14:38
90505,Vile Parle,14:23
90507,Vile Parle,14:27
94117,Vile Parle,14:31
90513,Vile Parle,14:37
90517,Vile Parle,14:41
90501,ANDHERI,14:09
90503,ANDHERI,14:14
90505,ANDHERI,14:28
90507,ANDHERI,14:32
92219,ANDHERI,14:21
94117,ANDHERI,14:36
94051,ANDHERI,14:28
92117,ANDHERI,14:24
90513,ANDHERI,14:43
92119,ANDHERI,14:32
90517,ANDHERI,14:47
90519,ANDHERI,14:35
90521,ANDHERI,14:39
90505,Jogeshwari,14:31
90507,Jogeshwari,14:35
94117,Jogeshwari,14:39
90513,Jogeshwari,14:46
90517,Jogeshwari,14:51
90521,Jogeshwari,14:43
90505,Ram Mandir,14:34
90507,Ram Mandir,14:38
94117,Ram Mandir,14:42
90513,Ram Mandir,14:49
90517,Ram Mandir,14:54
90505,Goregaon,14:36
90507,Goregaon,14:40
94117,Goregaon,14:44
90513,Goregaon,14:51
90517,Goregaon,14:59
90521,Goregaon,14:48
90505,Malad,14:40
90507,Malad,14:44
94117,Malad,14:48
90513,Malad,14:55
90521,Malad,14:52
90505,Kandivli,14:43
90507,Kandivli,14:47
94117,Kandivli,14:51
90513,Kandivli,14:58
90521,Kandivli,14:55
90501,BORIVALI,14:22
90503,BORIVALI,14:28
90505,BORIVALI,14:50
90507,BORIVALI,14:54
92219,BORIVALI,14:35
94117,BORIVALI,14:56
94051,BORIVALI,14:41
92117,BORIVALI,14:38
90513,BORIVALI,15:04
92119,BORIVALI,14:46
90519,BORIVALI,14:49
90521,BORIVALI,15:01
90501,Dahisar,14:26
90503,Dahisar,14:32
94117,Dahisar,15:01
92117,Dahisar,14:44
92119,Dahisar,14:49
90519,Dahisar,14:53
90501,Mira Road,14:31
90503,Mira Road,14:37
94117,Mira Road,15:07
92117,Mira Road,14:49
92119,Mira Road,14:54
90519,Mira Road,14:58
90501,Bhayandar,14:36
90503,Bhayandar,14:42
94117,Bhayandar,15:12
94051,Bhayandar,14:50
92117,Bhayandar,14:54
92119,Bhayandar,14:59
90519,Bhayandar,15:03
90501,Naigaon,14:42
90503,Naigaon,14:48
94117,Naigaon,15:18
92117,Naigaon,15:00
92119,Naigaon,15:05
90519,Naigaon,15:09
90501,Vasai Road,14:47
90503,Vasai Road,14:54
94117,Vasai Road,15:23
94051,Vasai Road,14:58
92117,Vasai Road,15:06
92119,Vasai Road,15:10
90519,Vasai Road,15:14
90501,Nalla Sopara,14:53
90503,Nalla Sopara,15:00
94117,Nalla Sopara,15:29
92119,Nalla Sopara,15:15
90519,Nalla Sopara,15:19
90501,VIRAR,15:00
90503,VIRAR,15:07
94117,VIRAR,15:36
94051,VIRAR,15:08
93027,VIRAR,15:00
92119,VIRAR,15:21
90519,VIRAR,15:25
90523,CHURCHGATE,14:10
90525,CHURCHGATE,14:08
90527,CHURCHGATE,14:13
94053,CHURCHGATE,14:15
90531,CHURCHGATE,14:17
90533,CHURCHGATE,14:20
90535,CHURCHGATE,14:24
90537,CHURCHGATE,14:27
90539,CHURCHGATE,14:30
90541,CHURCHGATE,14:33
90523,Marine Lines,14:13
90525,Marine Lines,14:11
90527,Marine Lines,14:16
94053,Marine Lines,14:18
90531,Marine Lines,14:20
90533,Marine Lines,14:23
90535,Marine Lines,14:27
90537,Marine Lines,14:30
90539,Marine Lines,14:33
90541,Marine Lines,14:36
90523,Charni Road,14:15
90525,Charni Road,14:13
90527,Charni Road,14:18
94053,Charni Road,14:20
90531,Charni Road,14:22
90533,Charni Road,14:25
90535,Charni Road,14:29
90537,Charni Road,14:32
90539,Charni Road,14:35
90541,Charni Road,14:38
90523,Grant Road,14:18
90525,Grant Road,14:16
90527,Grant Road,14:21
94053,Grant Road,14:23
90531,Grant Road,14:25
90533,Grant Road,14:28
90535,Grant Road,14:32
90537,Grant Road,14:35
90539,Grant Road,14:38
90541,Grant Road,14:41
90523,M'BAI CENTRAL (L),14:20
90525,M'BAI CENTRAL (L),14:18
90527,M'BAI CENTRAL (L),14:23
94053,M'BAI CENTRAL (L),14:25
90531,M'BAI CENTRAL (L),14:27
90533,M'BAI CENTRAL (L),14:30
90535,M'BAI CENTRAL (L),14:34
90537,M'BAI CENTRAL (L),14:37
90539,M'BAI CENTRAL (L),14:40
90541,M'BAI CENTRAL (L),14:45
90525,Mahalakshmi,14:21
90527,Mahalakshmi,14:26
90531,Mahalakshmi,14:30
90533,Mahalakshmi,14:33
90535,Mahalakshmi,14:37
90537,Mahalakshmi,14:40
90539,Mahalakshmi,14:43
90525,Lower Parel,14:24
90527,Lower Parel,14:29
90531,Lower Parel,14:33
90533,Lower Parel,14:36
90535,Lower Parel,14:40
90537,Lower Parel,14:43
90539,Lower Parel,14:46
90525,Prabhadevi,14:27
90527,Prabhadevi,14:32
90531,Prabhadevi,14:36
90533,Prabhadevi,14:39
90535,Prabhadevi,14:43
90537,Prabhadevi,14:46
90539,Prabhadevi,14:49
90523,DADAR,14:27
90525,DADAR,14:29
90527,DADAR,14:34
94053,DADAR,14:32
90531,DADAR,14:38
90533,DADAR,14:41
92125,DADAR,14:50
90535,DADAR,14:45
90537,DADAR,14:48
90539,DADAR,14:51
90541,DADAR,14:54
90525,Matunga Road,14:31
90527,Matunga Road,14:36
90531,Matunga Road,14:40
90533,Matunga Road,14:43
90535,Matunga Road,14:47
90537,Matunga Road,14:50
90539,Matunga Road,14:53
90525,Mahim Jn.,14:34
90527,Mahim Jn.,14:39
90531,Mahim Jn.,14:43
90533,Mahim Jn.,14:46
90535,Mahim Jn.,14:50
90537,Mahim Jn.,14:54
90539,Mahim Jn.,14:57
90523,BANDRA,14:33
90525,BANDRA,14:38
90527,BANDRA,14:43
94053,BANDRA,14:38
90531,BANDRA,14:47
90533,BANDRA,14:50
92125,BANDRA,14:57
90535,BANDRA,14:54
90537,BANDRA,14:57
90539,BANDRA,15:00
90541,BANDRA,15:00
90525,Khar Road,14:41
90527,Khar Road,14:46
90531,Khar Road,14:50
90533,Khar Road,14:53
90535,Khar Road,14:57
90537,Khar Road,15:00
90539,Khar Road,15:03
90525,Santa Cruz,14:44
90527,Santa Cruz,14:49
90531,Santa Cruz,14:53
90533,Santa Cruz,14:56
90535,Santa Cruz,15:00
90537,Santa Cruz,15:03
90539,Santa Cruz,15:06
90525,Vile Parle,14:47
90527,Vile Parle,14:52
90531,Vile Parle,14:56
90533,Vile Parle,14:59
90535,Vile Parle,15:03
90537,Vile Parle,15:06
90539,Vile Parle,15:09
90523,ANDHERI,14:42
90525,ANDHERI,14:51
92121,ANDHERI,14:54
90527,ANDHERI,14:57
94053,ANDHERI,14:46
90531,ANDHERI,15:01
90533,ANDHERI,15:05
92123,ANDHERI,14:50
92125,ANDHERI,15:06
90535,ANDHERI,15:08
90537,ANDHERI,15:11
90539,ANDHERI,15:14
90541,ANDHERI,15:09
90525,Jogeshwari,14:54
92121,Jogeshwari,14:58
90527,Jogeshwari,15:01
90531,Jogeshwari,15:05
90535,Jogeshwari,15:12
90537,Jogeshwari,15:15
90539,Jogeshwari,15:18
90525,Ram Mandir,14:57
92121,Ram Mandir,15:01
90527,Ram Mandir,15:04
90531,Ram Mandir,15:08
90535,Ram Mandir,15:15
90537,Ram Mandir,15:18
90539,Ram Mandir,15:21
90525,Goregaon,14:59
92121,Goregaon,15:03
90527,Goregaon,15:06
90531,Goregaon,15:10
90535,Goregaon,15:17
90537,Goregaon,15:20
90539,Goregaon,15:23
90525,Malad,15:03
92121,Malad,15:07
90527,Malad,15:10
90531,Malad,15:14
90535,Malad,15:21
90537,Malad,15:24
90539,Malad,15:27
90525,Kandivli,15:06
92121,Kandivli,15:10
90527,Kandivli,15:13
90531,Kandivli,15:17
90535,Kandivli,15:24
90537,Kandivli,15:27
90539,Kandivli,15:30
90523,BORIVALI,14:53
90525,BORIVALI,15:12
92121,BORIVALI,15:16
90527,BORIVALI,15:18
94053,BORIVALI,14:59
90531,BORIVALI,15:23
92123,BORIVALI,15:05
92125,BORIVALI,15:17
92127,BORIVALI,15:23
90535,BORIVALI,15:30
90537,BORIVALI,15:33
90539,BORIVALI,15:37
90541,BORIVALI,15:20
90523,Dahisar,14:57
92121,Dahisar,15:22
94053,Dahisar,15:05
92123,Dahisar,15:09
90537,Dahisar,15:38
90541,Dahisar,15:24
90523,Mira Road,15:02
92121,Mira Road,15:27
94053,Mira Road,15:10
92123,Mira Road,15:14
90537,Mira Road,15:43
90541,Mira Road,15:29
90523,Bhayandar,15:07
92121,Bhayandar,15:32
94053,Bhayandar,15:17
92123,Bhayandar,15:19
92125,Bhayandar,15:27
92127,Bhayandar,15:35
90537,Bhayandar,15:50
90541,Bhayandar,15:34
90523,Naigaon,15:13
92121,Naigaon,15:38
92123,Naigaon,15:24
90541,Naigaon,15:39
90523,Vasai Road,15:18
92121,Vasai Road,15:45
92123,Vasai Road,15:29
92125,Vasai Road,15:35
92127,Vasai Road,15:48
90541,Vasai Road,15:43
90523,Nalla Sopara,15:23
92123,Nalla Sopara,15:34
90541,Nalla Sopara,15:49
90523,VIRAR,15:32
92123,VIRAR,15:41
93029,VIRAR,15:45
92125,VIRAR,15:47
92127,VIRAR,16:00
90541,VIRAR,15:56
90543,CHURCHGATE,14:33
90547,CHURCHGATE,14:40
90549,CHURCHGATE,14:37
90551,CHURCHGATE,14:41
90555,CHURCHGATE,14:45
90557,CHURCHGATE,14:49
90559,CHURCHGATE,14:50
90561,CHURCHGATE,14:53
94055,CHURCHGATE,14:53
90565,CHURCHGATE,14:57
90567,CHURCHGATE,14:58
90571,CHURCHGATE,15:00
90543,Marine Lines,14:36
90547,Marine Lines,14:43
90549,Marine Lines,14:40
90551,Marine Lines,14:44
90555,Marine Lines,14:48
90557,Marine Lines,14:52
90559,Marine Lines,14:53
90561,Marine Lines,14:56
94055,Marine Lines,14:56
90565,Marine Lines,15:00
90567,Marine Lines,15:01
90571,Marine Lines,15:03
90543,Charni Road,14:38
90547,Charni Road,14:45
90549,Charni Road,14:42
90551,Charni Road,14:46
90555,Charni Road,14:50
90557,Charni Road,14:54
90559,Charni Road,14:55
90561,Charni Road,14:58
94055,Charni Road,14:58
90565,Charni Road,15:02
90567,Charni Road,15:03
90571,Charni Road,15:05
90543,Grant Road,14:41
90547,Grant Road,14:48
90549,Grant Road,14:45
90551,Grant Road,14:49
90555,Grant Road,14:53
90557,Grant Road,14:57
90559,Grant Road,14:58
90561,Grant Road,15:01
94055,Grant Road,15:01
90565,Grant Road,15:05
90567,Grant Road,15:06
90571,Grant Road,15:08
90543,M'BAI CENTRAL (L),14:43
90547,M'BAI CENTRAL (L),14:50
90549,M'BAI CENTRAL (L),14:47
90551,M'BAI CENTRAL (L),14:51
90555,M'BAI CENTRAL (L),14:55
90557,M'BAI CENTRAL (L),14:59
90559,M'BAI CENTRAL (L),15:00
90561,M'BAI CENTRAL (L),15:03
94055,M'BAI CENTRAL (L),15:03
90565,M'BAI CENTRAL (L),15:07
90567,M'BAI CENTRAL (L),15:08
90571,M'BAI CENTRAL (L),15:10
90543,Mahalakshmi,14:46
90549,Mahalakshmi,14:50
90551,Mahalakshmi,14:54
90555,Mahalakshmi,14:58
90557,Mahalakshmi,15:02
90561,Mahalakshmi,15:06
90565,Mahalakshmi,15:10
90571,Mahalakshmi,15:13
90543,Lower Parel,14:49
90549,Lower Parel,14:53
90551,Lower Parel,14:57
90555,Lower Parel,15:01
90557,Lower Parel,15:05
90561,Lower Parel,15:09
90565,Lower Parel,15:13
90571,Lower Parel,15:16
90543,Prabhadevi,14:52
90549,Prabhadevi,14:56
90551,Prabhadevi,15:00
90555,Prabhadevi,15:04
90557,Prabhadevi,15:08
90561,Prabhadevi,15:12
90565,Prabhadevi,15:16
90571,Prabhadevi,15:19
90543,DADAR,14:54
90547,DADAR,14:58
90549,DADAR,14:58
90551,DADAR,15:02
90555,DADAR,15:06
90557,DADAR,15:10
90559,DADAR,15:07
90561,DADAR,15:14
94055,DADAR,15:10
90565,DADAR,15:18
90567,DADAR,15:15
90571,DADAR,15:21
90543,Matunga Road,14:56
90549,Matunga Road,15:00
90551,Matunga Road,15:04
90555,Matunga Road,15:08
90557,Matunga Road,15:12
90561,Matunga Road,15:16
90565,Matunga Road,15:20
90571,Matunga Road,15:23
90543,Mahim Jn.,14:59
90549,Mahim Jn.,15:03
90551,Mahim Jn.,15:07
90555,Mahim Jn.,15:11
90557,Mahim Jn.,15:15
90561,Mahim Jn.,15:19
90565,Mahim Jn.,15:23
90571,Mahim Jn.,15:26
90543,BANDRA,15:03
90547,BANDRA,15:05
90549,BANDRA,15:07
90551,BANDRA,15:11
90555,BANDRA,15:15
90557,BANDRA,15:19
90559,BANDRA,15:13
90561,BANDRA,15:23
94055,BANDRA,15:16
90565,BANDRA,15:27
90567,BANDRA,15:20
90571,BANDRA,15:30
90543,Khar Road,15:06
90549,Khar Road,15:10
90551,Khar Road,15:14
90555,Khar Road,15:18
90557,Khar Road,15:22
90561,Khar Road,15:26
90565,Khar Road,15:30
90571,Khar Road,15:33
90543,Santa Cruz,15:09
90549,Santa Cruz,15:13
90551,Santa Cruz,15:16
90555,Santa Cruz,15:21
90557,Santa Cruz,15:25
90561,Santa Cruz,15:29
90565,Santa Cruz,15:33
90571,Santa Cruz,15:35
90543,Vile Parle,15:12
90549,Vile Parle,15:16
90551,Vile Parle,15:19
90555,Vile Parle,15:24
90557,Vile Parle,15:28
90561,Vile Parle,15:32
90565,Vile Parle,15:36
90571,Vile Parle,15:38
90543,ANDHERI,15:17
90547,ANDHERI,15:16
90549,ANDHERI,15:21
90551,ANDHERI,15:24
90553,ANDHERI,15:27
90555,ANDHERI,15:29
90557,ANDHERI,15:34
90559,ANDHERI,15:21
90561,ANDHERI,15:37
94055,ANDHERI,15:24
90565,ANDHERI,15:42
90567,ANDHERI,15:28
90571,ANDHERI,15:43
90543,Jogeshwari,15:20
90549,Jogeshwari,15:24
90551,Jogeshwari,15:27
90553,Jogeshwari,15:31
90555,Jogeshwari,15:33
90557,Jogeshwari,15:37
90561,Jogeshwari,15:40
90565,Jogeshwari,15:46
90571,Jogeshwari,15:48
90543,Ram Mandir,15:23
90549,Ram Mandir,15:27
90551,Ram Mandir,15:30
90553,Ram Mandir,15:34
90555,Ram Mandir,15:36
90557,Ram Mandir,15:40
90561,Ram Mandir,15:43
90565,Ram Mandir,15:49
90571,Ram Mandir,15:51
90543,Goregaon,15:25
90549,Goregaon,15:29
90551,Goregaon,15:32
90553,Goregaon,15:36
90555,Goregaon,15:40
90557,Goregaon,15:42
90561,Goregaon,15:45
90565,Goregaon,15:53
90571,Goregaon,15:53
90543,Malad,15:29
90549,Malad,15:33
90551,Malad,15:36
90553,Malad,15:40
90557,Malad,15:46
90561,Malad,15:49
90571,Malad,15:57
90543,Kandivli,15:32
90549,Kandivli,15:36
90551,Kandivli,15:39
90553,Kandivli,15:43
90557,Kandivli,15:49
90561,Kandivli,15:52
90571,Kandivli,16:00
90543,BORIVALI,15:38
90547,BORIVALI,15:27
90549,BORIVALI,15:43
90551,BORIVALI,15:47
90553,BORIVALI,15:49
90557,BORIVALI,15:55
90559,BORIVALI,15:35
90561,BORIVALI,15:58
94055,BORIVALI,15:38
90567,BORIVALI,15:41
94057,BORIVALI,15:44
90569,BORIVALI,16:00
90571,BORIVALI,16:06
90547,Dahisar,15:33
90553,Dahisar,15:54
94055,Dahisar,15:42
90567,Dahisar,15:45
94057,Dahisar,15:50
90569,Dahisar,16:04
90547,Mira Road,15:38
90553,Mira Road,15:58
94055,Mira Road,15:46
90567,Mira Road,15:50
94057,Mira Road,15:55
90569,Mira Road,16:09
90547,Bhayandar,15:43
90553,Bhayandar,16:04
94055,Bhayandar,15:51
90567,Bhayandar,15:55
94057,Bhayandar,16:00
90569,Bhayandar,16:14
90547,Naigaon,15:48
94055,Naigaon,15:57
90567,Naigaon,16:00
94057,Naigaon,16:06
90569,Naigaon,16:20
90547,Vasai Road,15:53
94055,Vasai Road,16:01
90567,Vasai Road,16:05
94057,Vasai Road,16:11
90569,Vasai Road,16:26
90547,Nalla Sopara,15:58
94055,Nalla Sopara,16:06
90567,Nalla Sopara,16:12
94057,Nalla Sopara,16:16
90547,VIRAR,16:05
94055,VIRAR,16:15
90567,VIRAR,16:19
94057,VIRAR,16:25
94059,CHURCHGATE,15:05
94061,CHURCHGATE,15:07
90577,CHURCHGATE,15:10
90579,CHURCHGATE,15:12
90581,CHURCHGATE,15:13
90583,CHURCHGATE,15:16
93031,CHURCHGATE,15:18
90587,CHURCHGATE,15:19
92131,CHURCHGATE,15:21
90589,CHURCHGATE,15:22
94063,CHURCHGATE,15:26
90593,CHURCHGATE,15:26
94059,Marine Lines,15:08
94061,Marine Lines,15:10
90577,Marine Lines,15:13
90579,Marine Lines,15:15
90581,Marine Lines,15:16
90583,Marine Lines,15:19
93031,Marine Lines,15:21
90587,Marine Lines,15:22
90589,Marine Lines,15:25
94063,Marine Lines,15:29
90593,Marine Lines,15:29
94059,Charni Road,15:10
94061,Charni Road,15:12
90577,Charni Road,15:15
90579,Charni Road,15:17
90581,Charni Road,15:18
90583,Charni Road,15:21
93031,Charni Road,15:23
90587,Charni Road,15:24
90589,Charni Road,15:27
94063,Charni Road,15:31
90593,Charni Road,15:31
94059,Grant Road,15:13
94061,Grant Road,15:15
90577,Grant Road,15:18
90579,Grant Road,15:20
90581,Grant Road,15:21
90583,Grant Road,15:24
93031,Grant Road,15:26
90587,Grant Road,15:27
90589,Grant Road,15:30
94063,Grant Road,15:34
90593,Grant Road,15:34
94059,M'BAI CENTRAL (L),15:15
94061,M'BAI CENTRAL (L),15:17
90577,M'BAI CENTRAL (L),15:20
90579,M'BAI CENTRAL (L),15:22
90581,M'BAI CENTRAL (L),15:23
90583,M'BAI CENTRAL (L),15:26
93031,M'BAI CENTRAL (L),15:28
90587,M'BAI CENTRAL (L),15:29
92131,M'BAI CENTRAL (L),15:31
90589,M'BAI CENTRAL (L),15:32
94063,M'BAI CENTRAL (L),15:36
90593,M'BAI CENTRAL (L),15:36
94059,Mahalakshmi,15:18
90577,Mahalakshmi,15:23
90581,Mahalakshmi,15:26
90583,Mahalakshmi,15:29
90587,Mahalakshmi,15:32
90589,Mahalakshmi,15:35
90593,Mahalakshmi,15:39
94059,Lower Parel,15:21
90577,Lower Parel,15:26
90581,Lower Parel,15:29
90583,Lower Parel,15:32
90587,Lower Parel,15:35
90589,Lower Parel,15:38
90593,Lower Parel,15:42
94059,Prabhadevi,15:24
90577,Prabhadevi,15:29
90581,Prabhadevi,15:32
90583,Prabhadevi,15:35
90587,Prabhadevi,15:38
90589,Prabhadevi,15:41
90593,Prabhadevi,15:45
94059,DADAR,15:27
94061,DADAR,15:24
92129,DADAR,15:25
90577,DADAR,15:31
90579,DADAR,15:29
90581,DADAR,15:34
90583,DADAR,15:37
93031,DADAR,15:35
90587,DADAR,15:40
92131,DADAR,15:38
90589,DADAR,15:43
94063,DADAR,15:44
90593,DADAR,15:47
94059,Matunga Road,15:30
90577,Matunga Road,15:33
90581,Matunga Road,15:36
90583,Matunga Road,15:39
90587,Matunga Road,15:42
90589,Matunga Road,15:45
90593,Matunga Road,15:49
94059,Mahim Jn.,15:33
90577,Mahim Jn.,15:36
90581,Mahim Jn.,15:39
90583,Mahim Jn.,15:42
90587,Mahim Jn.,15:45
90589,Mahim Jn.,15:48
90593,Mahim Jn.,15:52
90573,BANDRA,15:35
94059,BANDRA,15:38
94061,BANDRA,15:30
92129,BANDRA,15:33
90577,BANDRA,15:41
90579,BANDRA,15:36
90581,BANDRA,15:43
90583,BANDRA,15:46
93031,BANDRA,15:40
90587,BANDRA,15:49
92131,BANDRA,15:43
90589,BANDRA,15:52
94063,BANDRA,15:49
90593,BANDRA,15:56
90573,Khar Road,15:38
94059,Khar Road,15:41
90577,Khar Road,15:45
90581,Khar Road,15:46
90583,Khar Road,15:49
90587,Khar Road,15:52
90589,Khar Road,15:55
90593,Khar Road,15:59
90573,Santa Cruz,15:40
94059,Santa Cruz,15:43
90577,Santa Cruz,15:47
90581,Santa Cruz,15:49
90583,Santa Cruz,15:51
90587,Santa Cruz,15:54
90589,Santa Cruz,15:57
90593,Santa Cruz,16:01
90573,Vile Parle,15:43
94059,Vile Parle,15:46
90577,Vile Parle,15:50
90581,Vile Parle,15:52
90583,Vile Parle,15:54
90587,Vile Parle,15:57
90589,Vile Parle,16:00
90593,Vile Parle,16:04
90573,ANDHERI,15:48
94059,ANDHERI,15:51
94061,ANDHERI,15:39
92129,ANDHERI,15:42
90577,ANDHERI,15:55
90579,ANDHERI,15:45
90581,ANDHERI,15:58
90583,ANDHERI,15:59
93031,ANDHERI,15:48
90587,ANDHERI,16:02
92131,ANDHERI,15:51
90589,ANDHERI,16:05
94063,ANDHERI,15:57
90593,ANDHERI,16:10
92133,ANDHERI,16:10
90573,Jogeshwari,15:52
94059,Jogeshwari,15:55
90577,Jogeshwari,15:59
90581,Jogeshwari,16:02
90583,Jogeshwari,16:02
90587,Jogeshwari,16:05
90589,Jogeshwari,16:08
90593,Jogeshwari,16:14
92133,Jogeshwari,16:15
90573,Ram Mandir,15:55
94059,Ram Mandir,15:58
90577,Ram Mandir,16:02
90581,Ram Mandir,16:05
90583,Ram Mandir,16:05
90587,Ram Mandir,16:08
90589,Ram Mandir,16:11
90593,Ram Mandir,16:17
92133,Ram Mandir,16:18
90573,Goregaon,15:57
94059,Goregaon,16:00
90577,Goregaon,16:04
90581,Goregaon,16:10
90583,Goregaon,16:07
90587,Goregaon,16:10
90589,Goregaon,16:13
90593,Goregaon,16:21
92133,Goregaon,16:20
90573,Malad,16:01
94059,Malad,16:04
90577,Malad,16:08
90583,Malad,16:11
90587,Malad,16:14
90589,Malad,16:17
92133,Malad,16:24
90573,Kandivli,16:04
94059,Kandivli,16:07
90577,Kandivli,16:11
90583,Kandivli,16:14
90587,Kandivli,16:17
90589,Kandivli,16:20
92133,Kandivli,16:27
90573,BORIVALI,16:09
94059,BORIVALI,16:13
94061,BORIVALI,15:53
92129,BORIVALI,15:57
90577,BORIVALI,16:17
90579,BORIVALI,16:00
90583,BORIVALI,16:20
93031,BORIVALI,16:03
90587,BORIVALI,16:23
92131,BORIVALI,16:06
90589,BORIVALI,16:26
94063,BORIVALI,16:09
92133,BORIVALI,16:31
90573,Dahisar,16:13
94061,Dahisar,15:57
92129,Dahisar,16:02
92131,Dahisar,16:11
94063,Dahisar,16:13
92133,Dahisar,16:36
90573,Mira Road,16:18
94061,Mira Road,16:02
92129,Mira Road,16:07
92131,Mira Road,16:16
94063,Mira Road,16:18
92133,Mira Road,16:41
90573,Bhayandar,16:23
94061,Bhayandar,16:07
92129,Bhayandar,16:12
93031,Bhayandar,16:12
92131,Bhayandar,16:21
94063,Bhayandar,16:23
92133,Bhayandar,16:46
90573,Naigaon,16:29
94061,Naigaon,16:13
92129,Naigaon,16:18
92131,Naigaon,16:27
94063,Naigaon,16:29
92133,Naigaon,16:52
90573,Vasai Road,16:34
94061,Vasai Road,16:18
92129,Vasai Road,16:23
93031,Vasai Road,16:21
92131,Vasai Road,16:32
94063,Vasai Road,16:33
92133,Vasai Road,16:57
90573,Nalla Sopara,16:39
94061,Nalla Sopara,16:23
92129,Nalla Sopara,16:28
92131,Nalla Sopara,16:37
94063,Nalla Sopara,16:38
92133,Nalla Sopara,17:02
90573,VIRAR,16:48
94061,VIRAR,16:30
92129,VIRAR,16:37
93031,VIRAR,16:29
92131,VIRAR,16:43
94063,VIRAR,16:45
92133,VIRAR,17:10
90595,CHURCHGATE,15:32
94065,CHURCHGATE,15:32
90599,CHURCHGATE,15:36
92221,CHURCHGATE,15:43
90603,CHURCHGATE,15:41
90601,CHURCHGATE,15:50
90607,CHURCHGATE,15:45
90609,CHURCHGATE,15:49
90611,CHURCHGATE,15:52
90613,CHURCHGATE,15:56
90615,CHURCHGATE,15:56
90617,CHURCHGATE,16:00
90595,Marine Lines,15:35
94065,Marine Lines,15:35
90599,Marine Lines,15:39
90603,Marine Lines,15:44
90601,Marine Lines,15:53
90607,Marine Lines,15:48
90609,Marine Lines,15:52
90611,Marine Lines,15:55
90613,Marine Lines,15:59
90615,Marine Lines,15:59
90617,Marine Lines,16:03
90595,Charni Road,15:37
94065,Charni Road,15:37
90599,Charni Road,15:41
90603,Charni Road,15:46
90601,Charni Road,15:55
90607,Charni Road,15:50
90609,Charni Road,15:54
90611,Charni Road,15:57
90613,Charni Road,16:01
90615,Charni Road,16:01
90617,Charni Road,16:05
90595,Grant Road,15:40
94065,Grant Road,15:40
90599,Grant Road,15:44
90603,Grant Road,15:49
90601,Grant Road,15:58
90607,Grant Road,15:53
90609,Grant Road,15:57
90611,Grant Road,16:00
90613,Grant Road,16:04
90615,Grant Road,16:04
90617,Grant Road,16:08
90595,M'BAI CENTRAL (L),15:42
94065,M'BAI CENTRAL (L),15:42
90599,M'BAI CENTRAL (L),15:46
92221,M'BAI CENTRAL (L),15:53
90603,M'BAI CENTRAL (L),15:51
90601,M'BAI CENTRAL (L),16:00
90607,M'BAI CENTRAL (L),15:55
90609,M'BAI CENTRAL (L),15:59
90611,M'BAI CENTRAL (L),16:02
90613,M'BAI CENTRAL (L),16:06
90615,M'BAI CENTRAL (L),16:06
90617,M'BAI CENTRAL (L),16:10
90595,Mahalakshmi,15:45
90599,Mahalakshmi,15:49
90603,Mahalakshmi,15:54
90607,Mahalakshmi,15:58
90609,Mahalakshmi,16:02
90611,Mahalakshmi,16:05
90613,Mahalakshmi,16:09
90595,Lower Parel,15:48
90599,Lower Parel,15:52
90603,Lower Parel,15:57
90607,Lower Parel,16:01
90609,Lower Parel,16:05
90611,Lower Parel,16:08
90613,Lower Parel,16:12
90595,Prabhadevi,15:51
90599,Prabhadevi,15:55
90603,Prabhadevi,16:00
90607,Prabhadevi,16:04
90609,Prabhadevi,16:08
90611,Prabhadevi,16:11
90613,Prabhadevi,16:15
90595,DADAR,15:53
92135,DADAR,15:45
94065,DADAR,15:50
90599,DADAR,15:57
92221,DADAR,16:00
90603,DADAR,16:02
90601,DADAR,16:07
90607,DADAR,16:06
90609,DADAR,16:10
90611,DADAR,16:13
90613,DADAR,16:17
90615,DADAR,16:14
90617,DADAR,16:18
90595,Matunga Road,15:55
90599,Matunga Road,15:59
90603,Matunga Road,16:04
90607,Matunga Road,16:08
90609,Matunga Road,16:12
90611,Matunga Road,16:15
90613,Matunga Road,16:19
90595,Mahim Jn.,15:58
90599,Mahim Jn.,16:02
90603,Mahim Jn.,16:07
90607,Mahim Jn.,16:11
90609,Mahim Jn.,16:15
90611,Mahim Jn.,16:18
90613,Mahim Jn.,16:22
90595,BANDRA,16:02
92135,BANDRA,15:52
94065,BANDRA,15:55
90599,BANDRA,16:06
92221,BANDRA,16:05
90603,BANDRA,16:11
90601,BANDRA,16:13
90607,BANDRA,16:15
90609,BANDRA,16:19
90611,BANDRA,16:22
90613,BANDRA,16:26
90615,BANDRA,16:19
90617,BANDRA,16:23
90595,Khar Road,16:06
90599,Khar Road,16:09
90603,Khar Road,16:14
90607,Khar Road,16:19
90609,Khar Road,16:23
90611,Khar Road,16:25
90613,Khar Road,16:29
90595,Santa Cruz,16:08
90599,Santa Cruz,16:11
90603,Santa Cruz,16:16
90607,Santa Cruz,16:21
90609,Santa Cruz,16:25
90611,Santa Cruz,16:27
90613,Santa Cruz,16:31
90595,Vile Parle,16:11
90599,Vile Parle,16:14
90603,Vile Parle,16:19
90607,Vile Parle,16:24
90609,Vile Parle,16:28
90611,Vile Parle,16:30
90613,Vile Parle,16:34
90595,ANDHERI,16:16
92135,ANDHERI,16:00
94065,ANDHERI,16:03
90599,ANDHERI,16:19
92221,ANDHERI,16:13
92137,ANDHERI,16:21
90603,ANDHERI,16:24
90601,ANDHERI,16:21
90607,ANDHERI,16:30
90609,ANDHERI,16:34
90611,ANDHERI,16:35
90613,ANDHERI,16:39
90615,ANDHERI,16:27
90617,ANDHERI,16:31
90595,Jogeshwari,16:19
90599,Jogeshwari,16:22
92137,Jogeshwari,16:25
90603,Jogeshwari,16:28
90607,Jogeshwari,16:34
90609,Jogeshwari,16:37
90611,Jogeshwari,16:39
90613,Jogeshwari,16:42
90595,Ram Mandir,16:22
90599,Ram Mandir,16:25
92137,Ram Mandir,16:28
90603,Ram Mandir,16:31
90607,Ram Mandir,16:37
90609,Ram Mandir,16:40
90611,Ram Mandir,16:42
90613,Ram Mandir,16:45
90595,Goregaon,16:24
90599,Goregaon,16:27
92137,Goregaon,16:30
90603,Goregaon,16:33
90607,Goregaon,16:39
90609,Goregaon,16:42
90611,Goregaon,16:46
90613,Goregaon,16:47
90595,Malad,16:28
90599,Malad,16:31
92137,Malad,16:34
90603,Malad,16:37
90607,Malad,16:44
90609,Malad,16:46
90613,Malad,16:51
90595,Kandivli,16:31
90599,Kandivli,16:34
92137,Kandivli,16:37
90603,Kandivli,16:40
90607,Kandivli,16:47
90609,Kandivli,16:49
90613,Kandivli,16:54
90595,BORIVALI,16:37
92135,BORIVALI,16:13
94065,BORIVALI,16:17
90599,BORIVALI,16:39
92221,BORIVALI,16:27
92137,BORIVALI,16:43
90603,BORIVALI,16:46
90601,BORIVALI,16:35
90607,BORIVALI,16:53
90609,BORIVALI,16:56
90613,BORIVALI,17:00
90615,BORIVALI,16:40
90617,BORIVALI,16:46
92135,Dahisar,16:19
94065,Dahisar,16:23
90599,Dahisar,16:43
92221,Dahisar,16:32
92137,Dahisar,16:47
90601,Dahisar,16:40
90615,Dahisar,16:44
92135,Mira Road,16:24
94065,Mira Road,16:28
90599,Mira Road,16:48
92221,Mira Road,16:37
92137,Mira Road,16:52
90601,Mira Road,16:45
90615,Mira Road,16:49
92135,Bhayandar,16:29
94065,Bhayandar,16:35
90599,Bhayandar,16:53
92221,Bhayandar,16:43
92137,Bhayandar,16:57
90601,Bhayandar,16:50
90615,Bhayandar,16:54
92135,Naigaon,16:35
90599,Naigaon,16:59
92137,Naigaon,17:03
90615,Naigaon,17:00
92135,Vasai Road,16:40
90599,Vasai Road,17:04
92137,Vasai Road,17:08
90601,Vasai Road,16:56
90615,Vasai Road,17:05
92135,Nalla Sopara,16:46
92137,Nalla Sopara,17:13
90601,Nalla Sopara,17:01
90615,Nalla Sopara,17:10
92135,VIRAR,16:55
92137,VIRAR,17:20
90601,VIRAR,17:08
90615,VIRAR,17:18
90621,CHURCHGATE,16:02
90623,CHURCHGATE,16:05
92139,CHURCHGATE,16:05
90625,CHURCHGATE,16:08
90627,CHURCHGATE,16:11
92143,CHURCHGATE,16:12
90631,CHURCHGATE,16:16
90635,CHURCHGATE,16:21
90637,CHURCHGATE,16:21
90621,Marine Lines,16:05
90623,Marine Lines,16:08
90625,Marine Lines,16:11
90627,Marine Lines,16:14
90631,Marine Lines,16:19
90635,Marine Lines,16:24
90637,Marine Lines,16:24
90621,Charni Road,16:07
90623,Charni Road,16:10
90625,Charni Road,16:13
90627,Charni Road,16:16
90631,Charni Road,16:21
90635,Charni Road,16:26
90637,Charni Road,16:26
90621,Grant Road,16:10
90623,Grant Road,16:13
90625,Grant Road,16:16
90627,Grant Road,16:19
90631,Grant Road,16:24
90635,Grant Road,16:29
90637,Grant Road,16:29
90621,M'BAI CENTRAL (L),16:12
90623,M'BAI CENTRAL (L),16:15
92139,M'BAI CENTRAL (L),16:14
90625,M'BAI CENTRAL (L),16:18
90627,M'BAI CENTRAL (L),16:21
92143,M'BAI CENTRAL (L),16:22
90631,M'BAI CENTRAL (L),16:26
90635,M'BAI CENTRAL (L),16:31
90637,M'BAI CENTRAL (L),16:31
90621,Mahalakshmi,16:15
90623,Mahalakshmi,16:18
90625,Mahalakshmi,16:21
90627,Mahalakshmi,16:24
94129,Mahalakshmi,16:30
90635,Mahalakshmi,16:34
90619,Lower Parel,16:15
90621,Lower Parel,16:18
90623,Lower Parel,16:21
90625,Lower Parel,16:24
90627,Lower Parel,16:27
94129,Lower Parel,16:33
90635,Lower Parel,16:37
90619,Prabhadevi,16:18
90621,Prabhadevi,16:21
90623,Prabhadevi,16:24
90625,Prabhadevi,16:27
90627,Prabhadevi,16:30
94129,Prabhadevi,16:36
90635,Prabhadevi,16:40
90619,DADAR,16:20
90621,DADAR,16:23
90623,DADAR,16:26
92139,DADAR,16:21
90625,DADAR,16:29
90627,DADAR,16:32
92143,DADAR,16:29
90631,DADAR,16:33
94129,DADAR,16:38
90635,DADAR,16:42
90637,DADAR,16:38
92147,DADAR,16:48
90619,Matunga Road,16:22
90621,Matunga Road,16:25
90623,Matunga Road,16:28
90625,Matunga Road,16:31
90627,Matunga Road,16:34
94129,Matunga Road,16:40
90635,Matunga Road,16:44
90619,Mahim Jn.,16:25
90621,Mahim Jn.,16:28
90623,Mahim Jn.,16:31
90625,Mahim Jn.,16:34
90627,Mahim Jn.,16:37
94129,Mahim Jn.,16:43
90635,Mahim Jn.,16:47
90619,BANDRA,16:29
90621,BANDRA,16:32
90623,BANDRA,16:35
92139,BANDRA,16:26
90625,BANDRA,16:38
90627,BANDRA,16:41
92143,BANDRA,16:34
90631,BANDRA,16:38
94129,BANDRA,16:47
90635,BANDRA,16:51
90637,BANDRA,16:43
92147,BANDRA,16:55
90619,Khar Road,16:32
90621,Khar Road,16:35
90623,Khar Road,16:38
90625,Khar Road,16:41
90627,Khar Road,16:44
94129,Khar Road,16:50
90635,Khar Road,16:54
90619,Santa Cruz,16:34
90621,Santa Cruz,16:37
90623,Santa Cruz,16:40
90625,Santa Cruz,16:43
90627,Santa Cruz,16:47
94129,Santa Cruz,16:53
90635,Santa Cruz,16:57
90619,Vile Parle,16:37
90621,Vile Parle,16:40
90623,Vile Parle,16:43
90625,Vile Parle,16:46
90627,Vile Parle,16:50
94129,Vile Parle,16:56
90635,Vile Parle,17:00
90619,ANDHERI,16:42
90621,ANDHERI,16:45
90623,ANDHERI,16:48
92139,ANDHERI,16:34
90625,ANDHERI,16:53
90627,ANDHERI,16:55
92141,ANDHERI,16:58
92143,ANDHERI,16:43
90631,ANDHERI,16:47
94129,ANDHERI,17:01
90635,ANDHERI,17:05
90637,ANDHERI,16:52
92145,ANDHERI,16:56
92147,ANDHERI,17:03
90619,Jogeshwari,16:45
90621,Jogeshwari,16:48
90623,Jogeshwari,16:51
90625,Jogeshwari,16:57
90627,Jogeshwari,16:58
92141,Jogeshwari,17:02
94129,Jogeshwari,17:04
90635,Jogeshwari,17:08
90619,Ram Mandir,16:48
90621,Ram Mandir,16:51
90623,Ram Mandir,16:54
90625,Ram Mandir,17:00
90627,Ram Mandir,17:01
92141,Ram Mandir,17:05
94129,Ram Mandir,17:07
90635,Ram Mandir,17:11
90619,Goregaon,16:50
90621,Goregaon,16:53
90623,Goregaon,16:56
90625,Goregaon,17:04
90627,Goregaon,17:03
92141,Goregaon,17:07
94129,Goregaon,17:09
90635,Goregaon,17:13
90619,Malad,16:54
90621,Malad,16:57
90623,Malad,17:00
90627,Malad,17:07
92141,Malad,17:11
94129,Malad,17:13
90635,Malad,17:17
90619,Kandivli,16:57
90621,Kandivli,17:00
90623,Kandivli,17:03
90627,Kandivli,17:10
92141,Kandivli,17:14
94129,Kandivli,17:16
90635,Kandivli,17:20
90619,BORIVALI,17:02
90621,BORIVALI,17:06
90623,BORIVALI,17:09
92139,BORIVALI,16:48
90627,BORIVALI,17:16
92141,BORIVALI,17:18
92143,BORIVALI,16:57
90631,BORIVALI,17:01
94129,BORIVALI,17:23
90635,BORIVALI,17:27
90637,BORIVALI,17:05
92145,BORIVALI,17:13
92147,BORIVALI,17:17
92149,BORIVALI,17:21
90619,Dahisar,17:06
92139,Dahisar,16:51
92141,Dahisar,17:22
92143,Dahisar,17:01
90631,Dahisar,17:05
90637,Dahisar,17:10
92145,Dahisar,17:18
92149,Dahisar,17:26
90619,Mira Road,17:11
92139,Mira Road,16:56
92141,Mira Road,17:27
92143,Mira Road,17:06
90631,Mira Road,17:10
90637,Mira Road,17:15
92145,Mira Road,17:23
92149,Mira Road,17:31
90619,Bhayandar,17:16
92139,Bhayandar,17:01
92141,Bhayandar,17:32
92143,Bhayandar,17:11
90631,Bhayandar,17:15
90637,Bhayandar,17:22
92145,Bhayandar,17:28
92147,Bhayandar,17:25
92149,Bhayandar,17:36
90619,Naigaon,17:22
92139,Naigaon,17:07
92141,Naigaon,17:38
92143,Naigaon,17:16
90631,Naigaon,17:21
92145,Naigaon,17:34
92149,Naigaon,17:42
90619,Vasai Road,17:27
92139,Vasai Road,17:12
92141,Vasai Road,17:43
92143,Vasai Road,17:21
90631,Vasai Road,17:26
92145,Vasai Road,17:39
92147,Vasai Road,17:33
92149,Vasai Road,17:47
90619,Nalla Sopara,17:32
92139,Nalla Sopara,17:17
92141,Nalla Sopara,17:48
92143,Nalla Sopara,17:26
90631,Nalla Sopara,17:31
92145,Nalla Sopara,17:44
92149,Nalla Sopara,17:53
90619,VIRAR,17:39
92139,VIRAR,17:25
92141,VIRAR,17:57
92143,VIRAR,17:33
90631,VIRAR,17:37
92145,VIRAR,17:52
92147,VIRAR,17:44
92149,VIRAR,18:01
90641,CHURCHGATE,16:27
90647,CHURCHGATE,16:33
90649,CHURCHGATE,16:36
90651,CHURCHGATE,16:40
90653,CHURCHGATE,16:43
94067,CHURCHGATE,16:39
90655,CHURCHGATE,16:43
90657,CHURCHGATE,16:46
90661,CHURCHGATE,16:51
90663,CHURCHGATE,16:54
90641,Marine Lines,16:30
90647,Marine Lines,16:36
90649,Marine Lines,16:39
90651,Marine Lines,16:43
90653,Marine Lines,16:46
94067,Marine Lines,16:42
90655,Marine Lines,16:46
90657,Marine Lines,16:49
90661,Marine Lines,16:54
90663,Marine Lines,16:57
90641,Charni Road,16:32
90647,Charni Road,16:38
90649,Charni Road,16:41
90651,Charni Road,16:45
90653,Charni Road,16:48
94067,Charni Road,16:44
90655,Charni Road,16:48
90657,Charni Road,16:51
90661,Charni Road,16:56
90663,Charni Road,16:59
90641,Grant Road,16:35
90647,Grant Road,16:41
90649,Grant Road,16:44
90651,Grant Road,16:48
90653,Grant Road,16:51
94067,Grant Road,16:47
90655,Grant Road,16:51
90657,Grant Road,16:54
90661,Grant Road,16:59
90663,Grant Road,17:02
90641,M'BAI CENTRAL (L),16:37
90647,M'BAI CENTRAL (L),16:43
90649,M'BAI CENTRAL (L),16:46
90651,M'BAI CENTRAL (L),16:50
90653,M'BAI CENTRAL (L),16:53
94067,M'BAI CENTRAL (L),16:49
90655,M'BAI CENTRAL (L),16:53
90657,M'BAI CENTRAL (L),16:56
90661,M'BAI CENTRAL (L),17:01
90663,M'BAI CENTRAL (L),17:04
90641,Mahalakshmi,16:40
90647,Mahalakshmi,16:46
90649,Mahalakshmi,16:49
90651,Mahalakshmi,16:53
90653,Mahalakshmi,16:56
90657,Mahalakshmi,16:59
90661,Mahalakshmi,17:04
90663,Mahalakshmi,17:07
90641,Lower Parel,16:43
90647,Lower Parel,16:49
90649,Lower Parel,16:52
90651,Lower Parel,16:56
90653,Lower Parel,16:59
90657,Lower Parel,17:02
90661,Lower Parel,17:07
90663,Lower Parel,17:10
90641,Prabhadevi,16:46
90647,Prabhadevi,16:52
90649,Prabhadevi,16:55
90651,Prabhadevi,16:59
90653,Prabhadevi,17:02
90657,Prabhadevi,17:05
90661,Prabhadevi,17:10
90663,Prabhadevi,17:13
90641,DADAR,16:48
90647,DADAR,16:54
90649,DADAR,16:57
90651,DADAR,17:01
90653,DADAR,17:04
94067,DADAR,16:56
90655,DADAR,17:00
90657,DADAR,17:07
90661,DADAR,17:12
90663,DADAR,17:15
90641,Matunga Road,16:50
90647,Matunga Road,16:56
90649,Matunga Road,16:59
90651,Matunga Road,17:03
90653,Matunga Road,17:06
90657,Matunga Road,17:09
90661,Matunga Road,17:14
90663,Matunga Road,17:17
90641,Mahim Jn.,16:53
90647,Mahim Jn.,16:59
90649,Mahim Jn.,17:02
90651,Mahim Jn.,17:06
90653,Mahim Jn.,17:09
90657,Mahim Jn.,17:12
90661,Mahim Jn.,17:17
90663,Mahim Jn.,17:20
90641,BANDRA,16:57
90647,BANDRA,17:03
90649,BANDRA,17:06
90651,BANDRA,17:10
90653,BANDRA,17:13
94067,BANDRA,17:01
90655,BANDRA,17:05
90657,BANDRA,17:16
90659,BANDRA,17:18
90661,BANDRA,17:21
90663,BANDRA,17:24
90641,Khar Road,17:00
90647,Khar Road,17:06
90649,Khar Road,17:09
90651,Khar Road,17:13
90653,Khar Road,17:16
90657,Khar Road,17:19
90659,Khar Road,17:22
90661,Khar Road,17:25
90663,Khar Road,17:28
90641,Santa Cruz,17:03
90647,Santa Cruz,17:09
90649,Santa Cruz,17:11
90651,Santa Cruz,17:16
90653,Santa Cruz,17:18
90657,Santa Cruz,17:21
90659,Santa Cruz,17:24
90661,Santa Cruz,17:27
90663,Santa Cruz,17:30
90641,Vile Parle,17:06
90647,Vile Parle,17:12
90649,Vile Parle,17:14
90651,Vile Parle,17:19
90653,Vile Parle,17:21
90657,Vile Parle,17:24
90659,Vile Parle,17:27
90661,Vile Parle,17:30
90663,Vile Parle,17:33
90641,ANDHERI,17:11
90645,ANDHERI,17:13
90647,ANDHERI,17:17
90649,ANDHERI,17:20
90651,ANDHERI,17:23
94067,ANDHERI,17:10
90655,ANDHERI,17:13
90657,ANDHERI,17:29
90659,ANDHERI,17:32
90661,ANDHERI,17:34
90663,ANDHERI,17:38
94069,ANDHERI,17:25
90641,Jogeshwari,17:14
90645,Jogeshwari,17:17
90647,Jogeshwari,17:20
90649,Jogeshwari,17:23
90651,Jogeshwari,17:27
90657,Jogeshwari,17:32
90659,Jogeshwari,17:35
90661,Jogeshwari,17:37
90663,Jogeshwari,17:41
90641,Ram Mandir,17:17
90645,Ram Mandir,17:20
90647,Ram Mandir,17:23
90649,Ram Mandir,17:26
90651,Ram Mandir,17:30
90657,Ram Mandir,17:35
90659,Ram Mandir,17:38
90661,Ram Mandir,17:40
90663,Ram Mandir,17:44
90641,Goregaon,17:19
90645,Goregaon,17:22
90647,Goregaon,17:25
90649,Goregaon,17:28
90651,Goregaon,17:33
90657,Goregaon,17:37
90659,Goregaon,17:40
90661,Goregaon,17:42
90663,Goregaon,17:46
90641,Malad,17:23
90645,Malad,17:26
90647,Malad,17:29
90649,Malad,17:32
90657,Malad,17:41
90659,Malad,17:44
90661,Malad,17:46
90663,Malad,17:50
90641,Kandivli,17:26
90645,Kandivli,17:29
90647,Kandivli,17:32
90649,Kandivli,17:35
90657,Kandivli,17:44
90659,Kandivli,17:47
90661,Kandivli,17:49
90663,Kandivli,17:53
90641,BORIVALI,17:32
90645,BORIVALI,17:34
90647,BORIVALI,17:38
90649,BORIVALI,17:41
94067,BORIVALI,17:24
90655,BORIVALI,17:28
90657,BORIVALI,17:50
92151,BORIVALI,17:43
90659,BORIVALI,17:54
90661,BORIVALI,17:57
90663,BORIVALI,18:00
94069,BORIVALI,17:39
90645,Dahisar,17:39
94067,Dahisar,17:30
90655,Dahisar,17:34
92151,Dahisar,17:47
90659,Dahisar,18:00
94069,Dahisar,17:44
90645,Mira Road,17:44
94067,Mira Road,17:35
90655,Mira Road,17:39
92151,Mira Road,17:52
90659,Mira Road,18:05
94069,Mira Road,17:49
90645,Bhayandar,17:49
94067,Bhayandar,17:40
90655,Bhayandar,17:44
92151,Bhayandar,17:57
90659,Bhayandar,18:10
94069,Bhayandar,17:54
90645,Naigaon,17:55
94067,Naigaon,17:46
90655,Naigaon,17:50
92151,Naigaon,18:03
90659,Naigaon,18:16
94069,Naigaon,18:00
90645,Vasai Road,18:00
94067,Vasai Road,17:51
90655,Vasai Road,17:55
92151,Vasai Road,18:10
90659,Vasai Road,18:23
94069,Vasai Road,18:05
90645,Nalla Sopara,18:05
94067,Nalla Sopara,17:56
90655,Nalla Sopara,18:00
90659,Nalla Sopara,18:30
94069,Nalla Sopara,18:11
90645,VIRAR,18:15
94067,VIRAR,18:04
90655,VIRAR,18:08
90659,VIRAR,18:37
94069,VIRAR,18:20
90669,CHURCHGATE,16:57
90671,CHURCHGATE,17:00
94071,CHURCHGATE,17:03
90673,CHURCHGATE,17:04
90675,CHURCHGATE,17:07
90677,CHURCHGATE,17:10
90679,CHURCHGATE,17:12
90681,CHURCHGATE,17:16
94073,CHURCHGATE,17:15
90669,Marine Lines,17:00
90671,Marine Lines,17:03
94071,Marine Lines,17:06
90673,Marine Lines,17:07
90675,Marine Lines,17:10
90677,Marine Lines,17:13
90679,Marine Lines,17:15
90681,Marine Lines,17:19
94073,Marine Lines,17:18
90669,Charni Road,17:02
90671,Charni Road,17:05
94071,Charni Road,17:08
90673,Charni Road,17:09
90675,Charni Road,17:12
90677,Charni Road,17:15
90679,Charni Road,17:17
90681,Charni Road,17:21
94073,Charni Road,17:20
90669,Grant Road,17:05
90671,Grant Road,17:08
94071,Grant Road,17:11
90673,Grant Road,17:12
90675,Grant Road,17:15
90677,Grant Road,17:18
90679,Grant Road,17:20
90681,Grant Road,17:24
94073,Grant Road,17:23
90669,M'BAI CENTRAL (L),17:07
90671,M'BAI CENTRAL (L),17:10
94071,M'BAI CENTRAL (L),17:15
90673,M'BAI CENTRAL (L),17:14
90675,M'BAI CENTRAL (L),17:17
90677,M'BAI CENTRAL (L),17:20
90679,M'BAI CENTRAL (L),17:22
90681,M'BAI CENTRAL (L),17:26
94073,M'BAI CENTRAL (L),17:25
90669,Mahalakshmi,17:10
90671,Mahalakshmi,17:13
90673,Mahalakshmi,17:17
90675,Mahalakshmi,17:20
90677,Mahalakshmi,17:23
90681,Mahalakshmi,17:29
90669,Lower Parel,17:13
90671,Lower Parel,17:16
90673,Lower Parel,17:20
90675,Lower Parel,17:23
90677,Lower Parel,17:26
90681,Lower Parel,17:32
90669,Prabhadevi,17:16
90671,Prabhadevi,17:19
90673,Prabhadevi,17:23
90675,Prabhadevi,17:26
90677,Prabhadevi,17:29
90681,Prabhadevi,17:35
90667,DADAR,17:18
90669,DADAR,17:18
90671,DADAR,17:21
94071,DADAR,17:23
90673,DADAR,17:25
92153,DADAR,17:27
90675,DADAR,17:28
90677,DADAR,17:31
90679,DADAR,17:30
90681,DADAR,17:37
94073,DADAR,17:33
90669,Matunga Road,17:20
90671,Matunga Road,17:23
90673,Matunga Road,17:27
90675,Matunga Road,17:30
90677,Matunga Road,17:33
90681,Matunga Road,17:39
90669,Mahim Jn.,17:23
90671,Mahim Jn.,17:26
90673,Mahim Jn.,17:30
90675,Mahim Jn.,17:33
90677,Mahim Jn.,17:36
90681,Mahim Jn.,17:42
90667,BANDRA,17:26
90669,BANDRA,17:27
90671,BANDRA,17:30
94071,BANDRA,17:30
90673,BANDRA,17:34
92153,BANDRA,17:34
90675,BANDRA,17:37
90677,BANDRA,17:40
90679,BANDRA,17:37
90681,BANDRA,17:46
94073,BANDRA,17:40
90669,Khar Road,17:30
90671,Khar Road,17:33
90673,Khar Road,17:37
90675,Khar Road,17:40
90677,Khar Road,17:43
90681,Khar Road,17:50
90669,Santa Cruz,17:33
90671,Santa Cruz,17:35
90673,Santa Cruz,17:40
90675,Santa Cruz,17:42
90677,Santa Cruz,17:45
90681,Santa Cruz,17:53
90669,Vile Parle,17:36
90671,Vile Parle,17:38
90673,Vile Parle,17:43
90675,Vile Parle,17:45
90677,Vile Parle,17:48
90681,Vile Parle,17:56
90667,ANDHERI,17:35
90669,ANDHERI,17:40
90671,ANDHERI,17:43
94071,ANDHERI,17:38
90673,ANDHERI,17:48
92153,ANDHERI,17:42
92155,ANDHERI,17:47
90677,ANDHERI,17:53
90679,ANDHERI,17:45
90681,ANDHERI,18:01
94073,ANDHERI,17:48
90669,Jogeshwari,17:44
90671,Jogeshwari,17:47
90673,Jogeshwari,17:52
92155,Jogeshwari,17:52
90677,Jogeshwari,17:56
90681,Jogeshwari,18:04
90669,Ram Mandir,17:47
90671,Ram Mandir,17:50
90673,Ram Mandir,17:55
92155,Ram Mandir,17:55
90677,Ram Mandir,17:59
90681,Ram Mandir,18:07
90669,Goregaon,17:51
90671,Goregaon,17:52
90673,Goregaon,18:00
92155,Goregaon,17:57
90677,Goregaon,18:01
90681,Goregaon,18:09
90671,Malad,17:57
92155,Malad,18:02
90677,Malad,18:05
90681,Malad,18:13
90671,Kandivli,18:00
92155,Kandivli,18:05
90677,Kandivli,18:08
90681,Kandivli,18:16
90667,BORIVALI,17:49
90671,BORIVALI,18:06
94071,BORIVALI,17:52
92153,BORIVALI,17:56
92155,BORIVALI,18:10
90677,BORIVALI,18:16
90679,BORIVALI,17:59
90681,BORIVALI,18:23
94073,BORIVALI,18:02
92157,BORIVALI,18:15
94071,Dahisar,17:57
92153,Dahisar,18:00
92155,Dahisar,18:15
90679,Dahisar,18:03
92157,Dahisar,18:20
94071,Mira Road,18:01
92153,Mira Road,18:05
92155,Mira Road,18:20
90679,Mira Road,18:08
92157,Mira Road,18:25
90667,Bhayandar,17:57
94071,Bhayandar,18:06
92153,Bhayandar,18:10
92155,Bhayandar,18:25
90679,Bhayandar,18:13
92157,Bhayandar,18:30
94071,Naigaon,18:11
92153,Naigaon,18:15
92155,Naigaon,18:31
90679,Naigaon,18:19
92157,Naigaon,18:36
90667,Vasai Road,18:05
94071,Vasai Road,18:16
92153,Vasai Road,18:20
92155,Vasai Road,18:36
90679,Vasai Road,18:24
92157,Vasai Road,18:41
94071,Nalla Sopara,18:21
92153,Nalla Sopara,18:26
92155,Nalla Sopara,18:41
90679,Nalla Sopara,18:29
92157,Nalla Sopara,18:46
90667,VIRAR,18:14
93033,VIRAR,18:18
94071,VIRAR,18:28
92153,VIRAR,18:34
92155,VIRAR,18:48
90679,VIRAR,18:39
92157,VIRAR,18:53
90685,CHURCHGATE,17:19
90687,CHURCHGATE,17:24
90691,CHURCHGATE,17:27
90693,CHURCHGATE,17:28
90695,CHURCHGATE,17:30
90697,CHURCHGATE,17:33
90703,CHURCHGATE,17:36
90705,CHURCHGATE,17:39
90707,CHURCHGATE,17:39
90685,Marine Lines,17:22
90687,Marine Lines,17:27
90691,Marine Lines,17:30
90693,Marine Lines,17:31
90695,Marine Lines,17:33
90697,Marine Lines,17:36
90703,Marine Lines,17:39
90705,Marine Lines,17:42
90707,Marine Lines,17:42
90685,Charni Road,17:24
90687,Charni Road,17:29
90691,Charni Road,17:32
90693,Charni Road,17:33
90695,Charni Road,17:35
90697,Charni Road,17:38
90703,Charni Road,17:41
90705,Charni Road,17:44
90707,Charni Road,17:44
90685,Grant Road,17:27
90687,Grant Road,17:32
90691,Grant Road,17:35
90693,Grant Road,17:36
90695,Grant Road,17:38
90697,Grant Road,17:41
90703,Grant Road,17:44
90705,Grant Road,17:47
90707,Grant Road,17:47
90685,M'BAI CENTRAL (L),17:29
90687,M'BAI CENTRAL (L),17:34
90691,M'BAI CENTRAL (L),17:37
90693,M'BAI CENTRAL (L),17:38
90695,M'BAI CENTRAL (L),17:40
90697,M'BAI CENTRAL (L),17:43
90703,M'BAI CENTRAL (L),17:46
90705,M'BAI CENTRAL (L),17:49
90707,M'BAI CENTRAL (L),17:49
90685,Mahalakshmi,17:32
90689,Mahalakshmi,17:36
90691,Mahalakshmi,17:40
90695,Mahalakshmi,17:43
90697,Mahalakshmi,17:46
90705,Mahalakshmi,17:52
90685,Lower Parel,17:36
90689,Lower Parel,17:40
90691,Lower Parel,17:43
90695,Lower Parel,17:46
90697,Lower Parel,17:49
90705,Lower Parel,17:55
90685,Prabhadevi,17:39
90689,Prabhadevi,17:43
90691,Prabhadevi,17:46
90695,Prabhadevi,17:49
90697,Prabhadevi,17:52
90705,Prabhadevi,17:58
90685,DADAR,17:41
90687,DADAR,17:41
90689,DADAR,17:45
90691,DADAR,17:48
90693,DADAR,17:45
90695,DADAR,17:51
90697,DADAR,17:54
90703,DADAR,17:54
90705,DADAR,18:00
90707,DADAR,17:57
93035,DADAR,18:00
90685,Matunga Road,17:43
90689,Matunga Road,17:47
90691,Matunga Road,17:50
90695,Matunga Road,17:53
90697,Matunga Road,17:56
90705,Matunga Road,18:02
90685,Mahim Jn.,17:46
90689,Mahim Jn.,17:50
90691,Mahim Jn.,17:53
90695,Mahim Jn.,17:56
90697,Mahim Jn.,17:59
90705,Mahim Jn.,18:05
90685,BANDRA,17:50
90687,BANDRA,17:46
90689,BANDRA,17:54
90691,BANDRA,17:57
90693,BANDRA,17:50
90695,BANDRA,18:00
90697,BANDRA,18:03
90699,BANDRA,18:06
90703,BANDRA,18:00
90705,BANDRA,18:09
90707,BANDRA,18:03
93035,BANDRA,18:06
90685,Khar Road,17:53
90689,Khar Road,17:57
90695,Khar Road,18:03
90697,Khar Road,18:06
90699,Khar Road,18:10
90705,Khar Road,18:13
90685,Santa Cruz,17:56
90689,Santa Cruz,18:00
90695,Santa Cruz,18:05
90697,Santa Cruz,18:08
90699,Santa Cruz,18:12
90705,Santa Cruz,18:15
90685,Vile Parle,17:59
90689,Vile Parle,18:03
90695,Vile Parle,18:08
90697,Vile Parle,18:11
90699,Vile Parle,18:15
90705,Vile Parle,18:18
90685,ANDHERI,18:04
90687,ANDHERI,17:54
90689,ANDHERI,18:08
90693,ANDHERI,17:58
90695,ANDHERI,18:14
90697,ANDHERI,18:15
90699,ANDHERI,18:18
90703,ANDHERI,18:08
92159,ANDHERI,18:20
90705,ANDHERI,18:24
90707,ANDHERI,18:11
92161,ANDHERI,18:10
93035,ANDHERI,18:14
90685,Jogeshwari,18:07
90687,Jogeshwari,17:57
90689,Jogeshwari,18:11
90693,Jogeshwari,18:01
90695,Jogeshwari,18:18
90697,Jogeshwari,18:19
90699,Jogeshwari,18:22
92159,Jogeshwari,18:25
90705,Jogeshwari,18:28
90707,Jogeshwari,18:15
90685,Ram Mandir,18:10
90689,Ram Mandir,18:14
90695,Ram Mandir,18:21
90697,Ram Mandir,18:22
90699,Ram Mandir,18:25
92159,Ram Mandir,18:28
90705,Ram Mandir,18:31
90685,Goregaon,18:12
90687,Goregaon,18:01
90689,Goregaon,18:16
90693,Goregaon,18:05
90695,Goregaon,18:25
90697,Goregaon,18:24
90699,Goregaon,18:27
92159,Goregaon,18:30
90705,Goregaon,18:33
90707,Goregaon,18:20
90685,Malad,18:16
90687,Malad,18:05
90689,Malad,18:20
90693,Malad,18:09
90697,Malad,18:28
90699,Malad,18:31
92159,Malad,18:34
90705,Malad,18:37
90707,Malad,18:24
90685,Kandivli,18:19
90687,Kandivli,18:08
90689,Kandivli,18:23
90693,Kandivli,18:12
90697,Kandivli,18:31
90699,Kandivli,18:34
92159,Kandivli,18:37
90705,Kandivli,18:40
90707,Kandivli,18:27
90685,BORIVALI,18:25
90687,BORIVALI,18:14
90689,BORIVALI,18:28
90693,BORIVALI,18:20
90697,BORIVALI,18:38
90699,BORIVALI,18:41
90701,BORIVALI,18:40
90703,BORIVALI,18:22
92159,BORIVALI,18:43
90705,BORIVALI,18:47
90707,BORIVALI,18:34
92161,BORIVALI,18:25
93035,BORIVALI,18:28
90685,Dahisar,18:30
90701,Dahisar,18:44
90703,Dahisar,18:27
92159,Dahisar,18:47
92161,Dahisar,18:29
93035,Dahisar,18:34
90685,Mira Road,18:35
90701,Mira Road,18:49
90703,Mira Road,18:32
92159,Mira Road,18:52
92161,Mira Road,18:33
93035,Mira Road,18:38
90685,Bhayandar,18:40
90701,Bhayandar,18:54
90703,Bhayandar,18:37
92159,Bhayandar,18:57
92161,Bhayandar,18:38
93035,Bhayandar,18:43
90685,Naigaon,18:46
90701,Naigaon,19:00
90703,Naigaon,18:43
92159,Naigaon,19:03
92161,Naigaon,18:43
93035,Naigaon,18:49
90685,Vasai Road,18:51
90701,Vasai Road,19:05
90703,Vasai Road,18:47
92159,Vasai Road,19:08
92161,Vasai Road,18:47
93035,Vasai Road,18:55
90685,Nalla Sopara,18:57
90701,Nalla Sopara,19:10
90703,Nalla Sopara,18:52
92159,Nalla Sopara,19:13
92161,Nalla Sopara,18:52
93035,Nalla Sopara,19:01
90685,VIRAR,19:06
90701,VIRAR,19:17
90703,VIRAR,19:00
92159,VIRAR,19:20
92161,VIRAR,18:59
93035,VIRAR,19:07
GMN,CHURCHGATE,17:42
ADH,CHURCHGATE,17:45
BVI,CHURCHGATE,17:48
BVI,CHURCHGATE,17:50
BA,CHURCHGATE,17:51
BVI,CHURCHGATE,17:53
VR,CHURCHGATE,17:54
VR,CHURCHGATE,17:56
GMN,CHURCHGATE,17:57
BVI,CHURCHGATE,17:59
BVI,CHURCHGATE,18:00
VR,CHURCHGATE,18:03
GMN,Marine Lines,17:45
ADH,Marine Lines,17:48
BVI,Marine Lines,17:51
BVI,Marine Lines,17:53
BA,Marine Lines,17:54
BVI,Marine Lines,17:56
VR,Marine Lines,17:57
VR,Marine Lines,17:59
GMN,Marine Lines,18:00
BVI,Marine Lines,18:02
BVI,Marine Lines,18:03
VR,Marine Lines,18:06
GMN,Charni Road,17:47
ADH,Charni Road,17:50
BVI,Charni Road,17:53
BVI,Charni Road,17:55
BA,Charni Road,17:56
BVI,Charni Road,17:58
VR,Charni Road,17:59
VR,Charni Road,18:01
GMN,Charni Road,18:02
BVI,Charni Road,18:04
BVI,Charni Road,18:05
VR,Charni Road,18:08
GMN,Grant Road,17:50
ADH,Grant Road,17:53
BVI,Grant Road,17:56
BVI,Grant Road,17:58
BA,Grant Road,17:59
BVI,Grant Road,18:01
VR,Grant Road,18:02
VR,Grant Road,18:04
GMN,Grant Road,18:05
BVI,Grant Road,18:07
BVI,Grant Road,18:08
VR,Grant Road,18:11
GMN,M'BAI CENTRAL (L),17:52
ADH,M'BAI CENTRAL (L),17:55
BVI,M'BAI CENTRAL (L),17:58
BVI,M'BAI CENTRAL (L),18:00
BA,M'BAI CENTRAL (L),18:01
BVI,M'BAI CENTRAL (L),18:03
VR,M'BAI CENTRAL (L),18:04
VR,M'BAI CENTRAL (L),18:06
GMN,M'BAI CENTRAL (L),18:07
BVI,M'BAI CENTRAL (L),18:09
BVI,M'BAI CENTRAL (L),18:10
BVI,M'BAI CENTRAL (L),18:10
VR,M'BAI CENTRAL (L),18:13
GMN,Mahalakshmi,17:55
ADH,Mahalakshmi,17:58
BVI,Mahalakshmi,18:01
BA,Mahalakshmi,18:04
VR,Mahalakshmi,18:07
GMN,Mahalakshmi,18:10
BVI,Mahalakshmi,18:13
BVI,Mahalakshmi,18:13
VR,Mahalakshmi,18:16
GMN,Lower Parel,17:58
ADH,Lower Parel,18:01
BVI,Lower Parel,18:04
BA,Lower Parel,18:07
VR,Lower Parel,18:10
GMN,Lower Parel,18:13
BVI,Lower Parel,18:16
BVI,Lower Parel,18:16
VR,Lower Parel,18:19
GMN,Prabhadevi,18:01
ADH,Prabhadevi,18:04
BVI,Prabhadevi,18:07
BA,Prabhadevi,18:10
VR,Prabhadevi,18:13
GMN,Prabhadevi,18:16
BVI,Prabhadevi,18:19
BVI,Prabhadevi,18:19
VR,Prabhadevi,18:22
GMN,DADAR,18:03
ADH,DADAR,18:06
BVI,DADAR,18:09
BVI,DADAR,18:08
BA,DADAR,18:12
BVI,DADAR,18:11
VR,DADAR,18:15
VR,DADAR,18:14
GMN,DADAR,18:18
BVI,DADAR,18:18
BVI,DADAR,18:21
BVI,DADAR,18:21
VR,DADAR,18:24
GMN,Matunga Road,18:05
ADH,Matunga Road,18:08
BVI,Matunga Road,18:11
BA,Matunga Road,18:14
VR,Matunga Road,18:17
GMN,Matunga Road,18:20
BVI,Matunga Road,18:23
BVI,Matunga Road,18:23
VR,Matunga Road,18:26
GMN,Mahim Jn.,18:08
ADH,Mahim Jn.,18:11
BVI,Mahim Jn.,18:14
BA,Mahim Jn.,18:17
VR,Mahim Jn.,18:20
GMN,Mahim Jn.,18:23
BVI,Mahim Jn.,18:26
BVI,Mahim Jn.,18:26
VR,Mahim Jn.,18:29
GMN,BANDRA,18:13
ADH,BANDRA,18:15
BVI,BANDRA,18:18
BVI,BANDRA,18:13
BA,BANDRA,18:21
BVI,BANDRA,18:16
VR,BANDRA,18:24
VR,BANDRA,18:20
GMN,BANDRA,18:27
BVI,BANDRA,18:24
BVI,BANDRA,18:30
BVI,BANDRA,18:30
VR,BANDRA,18:33
GMN,Khar Road,18:17
ADH,Khar Road,18:18
BVI,Khar Road,18:21
VR,Khar Road,18:27
GMN,Khar Road,18:30
BVI,Khar Road,18:33
BVI,Khar Road,18:33
VR,Khar Road,18:36
GMN,Santa Cruz,18:20
ADH,Santa Cruz,18:21
BVI,Santa Cruz,18:24
VR,Santa Cruz,18:31
GMN,Santa Cruz,18:33
BVI,Santa Cruz,18:35
BVI,Santa Cruz,18:35
VR,Santa Cruz,18:38
GMN,Vile Parle,18:23
ADH,Vile Parle,18:24
BVI,Vile Parle,18:27
VR,Vile Parle,18:34
GMN,Vile Parle,18:36
BVI,Vile Parle,18:38
BVI,Vile Parle,18:38
VR,Vile Parle,18:41
GMN,ANDHERI,18:28
BVI,ANDHERI,18:32
BVI,ANDHERI,18:23
BVI,ANDHERI,18:27
VR,ANDHERI,18:38
VR,ANDHERI,18:30
GMN,ANDHERI,18:41
BVI,ANDHERI,18:35
VR,ANDHERI,18:27
BVI,ANDHERI,18:42
BVI,ANDHERI,18:42
VR,ANDHERI,18:45
GMN,Jogeshwari,18:32
BVI,Jogeshwari,18:36
BVI,Jogeshwari,18:32
VR,Jogeshwari,18:42
GMN,Jogeshwari,18:45
BVI,Jogeshwari,18:40
BVI,Jogeshwari,18:46
BVI,Jogeshwari,18:46
VR,Jogeshwari,18:49
GMN,Ram Mandir,18:35
BVI,Ram Mandir,18:39
VR,Ram Mandir,18:45
GMN,Ram Mandir,18:48
BVI,Ram Mandir,18:49
BVI,Ram Mandir,18:49
VR,Ram Mandir,18:52
GMN,Goregaon,18:39
BVI,Goregaon,18:41
BVI,Goregaon,18:37
VR,Goregaon,18:48
GMN,Goregaon,18:51
BVI,Goregaon,18:45
BVI,Goregaon,18:52
BVI,Goregaon,18:52
VR,Goregaon,18:55
BVI,Malad,18:45
BVI,Malad,18:41
VR,Malad,18:52
BVI,Malad,18:49
BVI,Malad,18:56
BVI,Malad,18:56
VR,Malad,18:59
BVI,Kandivli,18:48
BVI,Kandivli,18:45
VR,Kandivli,18:55
BVI,Kandivli,18:52
BVI,Kandivli,18:59
BVI,Kandivli,18:59
VR,Kandivli,19:02
BVI,BORIVALI,18:55
BVI,BORIVALI,18:38
BVI,BORIVALI,18:52
VR,BORIVALI,19:01
VR,BORIVALI,18:41
BSR,BORIVALI,18:50
BVI,BORIVALI,18:59
VR,BORIVALI,18:44
BVI,BORIVALI,19:06
BVI,BORIVALI,19:06
VR,BORIVALI,19:08
VR,Dahisar,19:05
VR,Dahisar,18:45
BSR,Dahisar,18:55
VR,Dahisar,19:12
VR,Mira Road,19:09
VR,Mira Road,18:49
BSR,Mira Road,19:00
VR,Mira Road,19:17
VR,Bhayandar,19:14
VR,Bhayandar,18:53
BSR,Bhayandar,19:06
VR,Bhayandar,18:57
VR,Bhayandar,19:22
VR,Naigaon,19:20
VR,Naigaon,18:58
BSR,Naigaon,19:12
VR,Naigaon,19:28
VR,Vasai Road,19:25
VR,Vasai Road,19:03
BSR,Vasai Road,19:18
VR,Vasai Road,19:06
VR,Vasai Road,19:33
VR,Nalla Sopara,19:30
VR,Nalla Sopara,19:08
VR,Nalla Sopara,19:38
VR,VIRAR,19:36
VR,VIRAR,19:15
VR,VIRAR,19:20
VR,VIRAR,19:45
90731,CHURCHGATE,18:06
94077,CHURCHGATE,18:06
90735,CHURCHGATE,18:11
90737,CHURCHGATE,18:13
90739,CHURCHGATE,18:14
90743,CHURCHGATE,18:16
90745,CHURCHGATE,18:19
90747,CHURCHGATE,18:22
94079,CHURCHGATE,18:22
90751,CHURCHGATE,18:25
90753,CHURCHGATE,18:25
90731,Marine Lines,18:09
94077,Marine Lines,18:09
90735,Marine Lines,18:14
90737,Marine Lines,18:16
90739,Marine Lines,18:17
90743,Marine Lines,18:19
90745,Marine Lines,18:22
90747,Marine Lines,18:25
94079,Marine Lines,18:25
90751,Marine Lines,18:28
90753,Marine Lines,18:28
90731,Charni Road,18:11
94077,Charni Road,18:11
90735,Charni Road,18:16
90737,Charni Road,18:18
90739,Charni Road,18:19
90743,Charni Road,18:21
90745,Charni Road,18:24
90747,Charni Road,18:27
94079,Charni Road,18:27
90751,Charni Road,18:30
90753,Charni Road,18:30
90731,Grant Road,18:14
94077,Grant Road,18:14
90735,Grant Road,18:19
90737,Grant Road,18:21
90739,Grant Road,18:22
90743,Grant Road,18:24
90745,Grant Road,18:27
90747,Grant Road,18:30
94079,Grant Road,18:30
90751,Grant Road,18:33
90753,Grant Road,18:33
90731,M'BAI CENTRAL (L),18:16
94077,M'BAI CENTRAL (L),18:16
90735,M'BAI CENTRAL (L),18:21
90737,M'BAI CENTRAL (L),18:23
90739,M'BAI CENTRAL (L),18:24
90743,M'BAI CENTRAL (L),18:26
90745,M'BAI CENTRAL (L),18:29
90747,M'BAI CENTRAL (L),18:32
94079,M'BAI CENTRAL (L),18:32
90751,M'BAI CENTRAL (L),18:35
90753,M'BAI CENTRAL (L),18:35
90731,Mahalakshmi,18:19
90737,Mahalakshmi,18:26
90743,Mahalakshmi,18:29
90745,Mahalakshmi,18:32
90747,Mahalakshmi,18:35
90751,Mahalakshmi,18:38
90731,Lower Parel,18:22
90737,Lower Parel,18:29
90743,Lower Parel,18:32
90745,Lower Parel,18:35
90747,Lower Parel,18:38
90751,Lower Parel,18:41
90731,Prabhadevi,18:25
90737,Prabhadevi,18:32
90743,Prabhadevi,18:35
90745,Prabhadevi,18:38
90747,Prabhadevi,18:41
90751,Prabhadevi,18:44
90731,DADAR,18:27
94077,DADAR,18:26
90735,DADAR,18:29
90737,DADAR,18:34
90739,DADAR,18:32
92223,DADAR,18:35
90743,DADAR,18:37
90745,DADAR,18:40
90747,DADAR,18:43
94079,DADAR,18:39
90751,DADAR,18:46
90753,DADAR,18:42
90731,Matunga Road,18:29
90737,Matunga Road,18:36
90743,Matunga Road,18:39
90745,Matunga Road,18:42
90747,Matunga Road,18:45
90751,Matunga Road,18:48
90731,Mahim Jn.,18:32
90737,Mahim Jn.,18:39
90743,Mahim Jn.,18:42
90745,Mahim Jn.,18:45
90747,Mahim Jn.,18:48
90751,Mahim Jn.,18:51
90731,BANDRA,18:36
94077,BANDRA,18:32
90735,BANDRA,18:35
90737,BANDRA,18:43
90739,BANDRA,18:38
92223,BANDRA,18:42
90743,BANDRA,18:46
90745,BANDRA,18:49
90747,BANDRA,18:52
94079,BANDRA,18:45
90751,BANDRA,18:55
90753,BANDRA,18:48
90731,Khar Road,18:39
90737,Khar Road,18:46
90743,Khar Road,18:49
90745,Khar Road,18:52
90747,Khar Road,18:55
90731,Santa Cruz,18:41
90737,Santa Cruz,18:49
90743,Santa Cruz,18:52
90745,Santa Cruz,18:56
90747,Santa Cruz,18:58
90731,Vile Parle,18:44
90737,Vile Parle,18:52
90743,Vile Parle,18:55
90745,Vile Parle,18:59
90747,Vile Parle,19:01
90731,ANDHERI,18:48
94077,ANDHERI,18:42
90735,ANDHERI,18:45
92167,ANDHERI,18:50
90737,ANDHERI,18:56
90739,ANDHERI,18:48
92169,ANDHERI,18:52
92223,ANDHERI,18:51
90743,ANDHERI,18:59
90745,ANDHERI,19:03
90747,ANDHERI,19:06
94079,ANDHERI,18:54
90753,ANDHERI,18:57
92171,ANDHERI,19:10
90731,Jogeshwari,18:52
92167,Jogeshwari,18:55
90737,Jogeshwari,18:59
90743,Jogeshwari,19:02
90745,Jogeshwari,19:06
90747,Jogeshwari,19:10
92171,Jogeshwari,19:15
90731,Ram Mandir,18:55
92167,Ram Mandir,18:58
90737,Ram Mandir,19:02
90743,Ram Mandir,19:05
90745,Ram Mandir,19:09
90747,Ram Mandir,19:13
92171,Ram Mandir,19:18
90731,Goregaon,18:58
92167,Goregaon,19:01
90737,Goregaon,19:04
90743,Goregaon,19:07
90745,Goregaon,19:11
90747,Goregaon,19:16
92171,Goregaon,19:21
90731,Malad,19:02
92167,Malad,19:05
90737,Malad,19:08
90743,Malad,19:11
90745,Malad,19:15
92171,Malad,19:25
90731,Kandivli,19:05
92167,Kandivli,19:08
90737,Kandivli,19:11
90743,Kandivli,19:14
90745,Kandivli,19:18
92171,Kandivli,19:28
90731,BORIVALI,19:11
94077,BORIVALI,18:56
90735,BORIVALI,19:00
92167,BORIVALI,19:13
90737,BORIVALI,19:17
90739,BORIVALI,19:02
92169,BORIVALI,19:11
92223,BORIVALI,19:06
90743,BORIVALI,19:20
90745,BORIVALI,19:25
94079,BORIVALI,19:08
90753,BORIVALI,19:12
92171,BORIVALI,19:33
94077,Dahisar,19:01
92167,Dahisar,19:17
90737,Dahisar,19:22
90739,Dahisar,19:06
92169,Dahisar,19:16
94079,Dahisar,19:12
92171,Dahisar,19:37
94077,Mira Road,19:06
92167,Mira Road,19:22
90737,Mira Road,19:27
90739,Mira Road,19:11
92169,Mira Road,19:21
94079,Mira Road,19:17
92171,Mira Road,19:42
94077,Bhayandar,19:13
92167,Bhayandar,19:27
90737,Bhayandar,19:32
90739,Bhayandar,19:16
92169,Bhayandar,19:26
94079,Bhayandar,19:22
92171,Bhayandar,19:47
92167,Naigaon,19:33
90737,Naigaon,19:38
90739,Naigaon,19:22
92169,Naigaon,19:32
94079,Naigaon,19:28
92171,Naigaon,19:53
92167,Vasai Road,19:37
90737,Vasai Road,19:44
90739,Vasai Road,19:26
92169,Vasai Road,19:37
94079,Vasai Road,19:33
92171,Vasai Road,19:58
92167,Nalla Sopara,19:42
90737,Nalla Sopara,19:51
90739,Nalla Sopara,19:31
92169,Nalla Sopara,19:42
94079,Nalla Sopara,19:39
92171,Nalla Sopara,20:04
92167,VIRAR,19:49
90737,VIRAR,19:59
90739,VIRAR,19:38
92169,VIRAR,19:49
94079,VIRAR,19:46
92171,VIRAR,20:11
90755,CHURCHGATE,18:28
94081,CHURCHGATE,18:28
90759,CHURCHGATE,18:32
90761,CHURCHGATE,18:31
90763,CHURCHGATE,18:35
90765,CHURCHGATE,18:35
94131,CHURCHGATE,18:38
90769,CHURCHGATE,18:46
90771,CHURCHGATE,18:41
90775,CHURCHGATE,18:47
90777,CHURCHGATE,18:51
90755,Marine Lines,18:31
94081,Marine Lines,18:31
90759,Marine Lines,18:35
90761,Marine Lines,18:34
90763,Marine Lines,18:38
90765,Marine Lines,18:38
94131,Marine Lines,18:41
90769,Marine Lines,18:49
90771,Marine Lines,18:44
90775,Marine Lines,18:50
90777,Marine Lines,18:54
90755,Charni Road,18:33
94081,Charni Road,18:33
90759,Charni Road,18:37
90761,Charni Road,18:36
90763,Charni Road,18:40
90765,Charni Road,18:40
94131,Charni Road,18:43
90769,Charni Road,18:51
90771,Charni Road,18:46
90775,Charni Road,18:52
90777,Charni Road,18:56
90755,Grant Road,18:36
94081,Grant Road,18:36
90759,Grant Road,18:40
90761,Grant Road,18:39
90763,Grant Road,18:43
90765,Grant Road,18:43
94131,Grant Road,18:46
90769,Grant Road,18:54
90771,Grant Road,18:49
90775,Grant Road,18:55
90777,Grant Road,18:59
90755,M'BAI CENTRAL (L),18:38
94081,M'BAI CENTRAL (L),18:38
90759,M'BAI CENTRAL (L),18:42
90761,M'BAI CENTRAL (L),18:41
90763,M'BAI CENTRAL (L),18:45
90765,M'BAI CENTRAL (L),18:45
94131,M'BAI CENTRAL (L),18:48
90769,M'BAI CENTRAL (L),18:56
90771,M'BAI CENTRAL (L),18:51
90775,M'BAI CENTRAL (L),18:57
90777,M'BAI CENTRAL (L),19:01
90755,Mahalakshmi,18:41
90759,Mahalakshmi,18:45
90763,Mahalakshmi,18:48
94131,Mahalakshmi,18:51
90771,Mahalakshmi,18:54
90775,Mahalakshmi,19:00
90777,Mahalakshmi,19:04
90755,Lower Parel,18:44
90759,Lower Parel,18:48
90763,Lower Parel,18:51
94131,Lower Parel,18:54
90771,Lower Parel,18:57
90775,Lower Parel,19:03
90777,Lower Parel,19:07
90755,Prabhadevi,18:47
90759,Prabhadevi,18:51
90763,Prabhadevi,18:54
94131,Prabhadevi,18:57
90771,Prabhadevi,19:00
90775,Prabhadevi,19:06
90777,Prabhadevi,19:10
90755,DADAR,18:49
94081,DADAR,18:45
90759,DADAR,18:53
90761,DADAR,18:48
90763,DADAR,18:56
90765,DADAR,18:52
94131,DADAR,18:59
90769,DADAR,19:03
90771,DADAR,19:02
90775,DADAR,19:08
90777,DADAR,19:12
90755,Matunga Road,18:51
90759,Matunga Road,18:55
90763,Matunga Road,18:58
94131,Matunga Road,19:01
90771,Matunga Road,19:04
90775,Matunga Road,19:10
90777,Matunga Road,19:14
90755,Mahim Jn.,18:54
90759,Mahim Jn.,18:58
90763,Mahim Jn.,19:01
94131,Mahim Jn.,19:04
90771,Mahim Jn.,19:07
90775,Mahim Jn.,19:13
90777,Mahim Jn.,19:17
90755,BANDRA,18:58
94081,BANDRA,18:51
90759,BANDRA,19:02
90761,BANDRA,18:54
90763,BANDRA,19:05
90765,BANDRA,18:58
94131,BANDRA,19:08
90769,BANDRA,19:08
90771,BANDRA,19:11
90773,BANDRA,19:15
90775,BANDRA,19:18
90777,BANDRA,19:21
90755,Khar Road,19:02
90759,Khar Road,19:06
90763,Khar Road,19:09
94131,Khar Road,19:12
90773,Khar Road,19:19
90775,Khar Road,19:22
90777,Khar Road,19:25
90755,Santa Cruz,19:06
90759,Santa Cruz,19:10
90763,Santa Cruz,19:13
94131,Santa Cruz,19:16
90773,Santa Cruz,19:23
90775,Santa Cruz,19:26
90777,Santa Cruz,19:29
90755,Vile Parle,19:09
90759,Vile Parle,19:13
90763,Vile Parle,19:16
94131,Vile Parle,19:20
90773,Vile Parle,19:26
90775,Vile Parle,19:29
90777,Vile Parle,19:32
90755,ANDHERI,19:15
94081,ANDHERI,19:00
90759,ANDHERI,19:19
90761,ANDHERI,19:03
90763,ANDHERI,19:22
90765,ANDHERI,19:06
94131,ANDHERI,19:25
90769,ANDHERI,19:17
92175,ANDHERI,19:28
90773,ANDHERI,19:31
90775,ANDHERI,19:34
92177,ANDHERI,19:20
90777,ANDHERI,19:37
90755,Jogeshwari,19:19
90759,Jogeshwari,19:23
90763,Jogeshwari,19:26
90765,Jogeshwari,19:09
94131,Jogeshwari,19:29
92175,Jogeshwari,19:32
90773,Jogeshwari,19:35
90775,Jogeshwari,19:38
90777,Jogeshwari,19:41
90755,Ram Mandir,19:22
90759,Ram Mandir,19:26
90763,Ram Mandir,19:29
94131,Ram Mandir,19:32
92175,Ram Mandir,19:35
90773,Ram Mandir,19:38
90775,Ram Mandir,19:41
90777,Ram Mandir,19:44
90755,Goregaon,19:24
90759,Goregaon,19:28
90763,Goregaon,19:31
90765,Goregaon,19:14
94131,Goregaon,19:34
92175,Goregaon,19:37
90773,Goregaon,19:40
90775,Goregaon,19:43
90777,Goregaon,19:46
90755,Malad,19:28
90759,Malad,19:32
90761,Malad,19:11
90763,Malad,19:35
94131,Malad,19:38
92175,Malad,19:41
90773,Malad,19:44
90775,Malad,19:47
90777,Malad,19:50
90755,Kandivli,19:31
90759,Kandivli,19:35
90761,Kandivli,19:14
90763,Kandivli,19:38
94131,Kandivli,19:41
92175,Kandivli,19:44
90773,Kandivli,19:47
90775,Kandivli,19:50
90777,Kandivli,19:53
90755,BORIVALI,19:37
94081,BORIVALI,19:16
90759,BORIVALI,19:42
90761,BORIVALI,19:20
92173,BORIVALI,19:22
90763,BORIVALI,19:45
90765,BORIVALI,19:23
94131,BORIVALI,19:47
90769,BORIVALI,19:29
92175,BORIVALI,19:50
90773,BORIVALI,19:54
90775,BORIVALI,19:57
92177,BORIVALI,19:33
90777,BORIVALI,19:59
94081,Dahisar,19:21
92173,Dahisar,19:27
94131,Dahisar,19:51
90769,Dahisar,19:34
92175,Dahisar,19:55
92177,Dahisar,19:37
90777,Dahisar,20:04
94081,Mira Road,19:26
92173,Mira Road,19:32
94131,Mira Road,19:56
90769,Mira Road,19:39
92175,Mira Road,20:01
92177,Mira Road,19:42
90777,Mira Road,20:09
94081,Bhayandar,19:31
92173,Bhayandar,19:37
94131,Bhayandar,20:03
90769,Bhayandar,19:46
92175,Bhayandar,20:07
92177,Bhayandar,19:48
90777,Bhayandar,20:14
94081,Naigaon,19:36
92173,Naigaon,19:43
92175,Naigaon,20:14
92177,Naigaon,19:53
90777,Naigaon,20:20
94081,Vasai Road,19:41
92173,Vasai Road,19:48
92175,Vasai Road,20:19
92177,Vasai Road,20:00
90777,Vasai Road,20:25
94081,Nalla Sopara,19:46
92173,Nalla Sopara,19:54
92175,Nalla Sopara,20:25
92177,Nalla Sopara,20:06
90777,Nalla Sopara,20:32
94081,VIRAR,19:56
92175,VIRAR,20:33
92177,VIRAR,20:15
90777,VIRAR,20:40
VR,CHURCHGATE,18:50
GMN,CHURCHGATE,18:54
ADH,CHURCHGATE,18:57
VR,CHURCHGATE,19:00
BVI,CHURCHGATE,19:00
BA,CHURCHGATE,19:03
VR,CHURCHGATE,19:05
BVI,CHURCHGATE,19:07
BVI,CHURCHGATE,19:11
ADH,CHURCHGATE,19:10
GMN,CHURCHGATE,19:14
VR,CHURCHGATE,19:15
BVI,CHURCHGATE,19:19
VR,Marine Lines,18:53
GMN,Marine Lines,18:57
ADH,Marine Lines,19:00
VR,Marine Lines,19:03
BVI,Marine Lines,19:03
BA,Marine Lines,19:06
VR,Marine Lines,19:08
BVI,Marine Lines,19:10
BVI,Marine Lines,19:14
ADH,Marine Lines,19:13
GMN,Marine Lines,19:17
BVI,Marine Lines,19:22
VR,Charni Road,18:55
GMN,Charni Road,18:59
ADH,Charni Road,19:02
VR,Charni Road,19:05
BVI,Charni Road,19:05
BA,Charni Road,19:08
VR,Charni Road,19:10
BVI,Charni Road,19:12
BVI,Charni Road,19:16
ADH,Charni Road,19:15
GMN,Charni Road,19:19
BVI,Charni Road,19:24
VR,Grant Road,18:58
GMN,Grant Road,19:02
ADH,Grant Road,19:05
VR,Grant Road,19:08
BVI,Grant Road,19:08
BA,Grant Road,19:11
VR,Grant Road,19:13
BVI,Grant Road,19:15
BVI,Grant Road,19:19
ADH,Grant Road,19:18
GMN,Grant Road,19:22
BVI,Grant Road,19:27
VR,M'BAI CENTRAL (L),19:00
GMN,M'BAI CENTRAL (L),19:04
ADH,M'BAI CENTRAL (L),19:07
VR,M'BAI CENTRAL (L),19:10
BVI,M'BAI CENTRAL (L),19:10
BA,M'BAI CENTRAL (L),19:13
VR,M'BAI CENTRAL (L),19:15
BVI,M'BAI CENTRAL (L),19:17
BVI,M'BAI CENTRAL (L),19:21
ADH,M'BAI CENTRAL (L),19:20
GMN,M'BAI CENTRAL (L),19:24
VR,M'BAI CENTRAL (L),19:24
BVI,M'BAI CENTRAL (L),19:29
GMN,Mahalakshmi,19:07
ADH,Mahalakshmi,19:10
BVI,Mahalakshmi,19:13
BA,Mahalakshmi,19:16
BVI,Mahalakshmi,19:20
ADH,Mahalakshmi,19:23
GMN,Mahalakshmi,19:27
GMN,Lower Parel,19:10
ADH,Lower Parel,19:13
BVI,Lower Parel,19:16
BA,Lower Parel,19:19
BVI,Lower Parel,19:23
ADH,Lower Parel,19:26
GMN,Lower Parel,19:30
GMN,Prabhadevi,19:13
ADH,Prabhadevi,19:16
BVI,Prabhadevi,19:19
BA,Prabhadevi,19:22
BVI,Prabhadevi,19:26
ADH,Prabhadevi,19:29
GMN,Prabhadevi,19:33
VR,DADAR,19:07
GMN,DADAR,19:15
ADH,DADAR,19:18
VR,DADAR,19:18
BVI,DADAR,19:21
BA,DADAR,19:24
VR,DADAR,19:22
BVI,DADAR,19:28
VR,DADAR,19:23
BVI,DADAR,19:28
ADH,DADAR,19:31
GMN,DADAR,19:35
VR,DADAR,19:31
BVI,DADAR,19:35
GMN,Matunga Road,19:17
ADH,Matunga Road,19:20
BVI,Matunga Road,19:23
BA,Matunga Road,19:26
BVI,Matunga Road,19:30
ADH,Matunga Road,19:33
GMN,Matunga Road,19:37
GMN,Mahim Jn.,19:20
ADH,Mahim Jn.,19:23
BVI,Mahim Jn.,19:26
BA,Mahim Jn.,19:29
BVI,Mahim Jn.,19:33
ADH,Mahim Jn.,19:36
GMN,Mahim Jn.,19:40
VR,BANDRA,19:13
GMN,BANDRA,19:24
ADH,BANDRA,19:27
VR,BANDRA,19:23
BVI,BANDRA,19:30
BA,BANDRA,19:34
VR,BANDRA,19:27
BVI,BANDRA,19:37
VR,BANDRA,19:32
BVI,BANDRA,19:35
ADH,BANDRA,19:40
GMN,BANDRA,19:44
VR,BANDRA,19:38
BVI,BANDRA,19:41
GMN,Khar Road,19:28
ADH,Khar Road,19:31
BVI,Khar Road,19:34
BVI,Khar Road,19:40
ADH,Khar Road,19:43
GMN,Khar Road,19:47
GMN,Santa Cruz,19:32
ADH,Santa Cruz,19:34
BVI,Santa Cruz,19:37
BVI,Santa Cruz,19:42
ADH,Santa Cruz,19:45
GMN,Santa Cruz,19:49
GMN,Vile Parle,19:35
ADH,Vile Parle,19:37
BVI,Vile Parle,19:40
BVI,Vile Parle,19:45
ADH,Vile Parle,19:48
GMN,Vile Parle,19:52
VR,ANDHERI,19:23
GMN,ANDHERI,19:42
ADH,ANDHERI,19:43
VR,ANDHERI,19:31
BVI,ANDHERI,19:46
VR,ANDHERI,19:36
BVI,ANDHERI,19:51
VR,ANDHERI,19:40
BVI,ANDHERI,19:43
GMN,ANDHERI,19:57
VR,ANDHERI,19:47
BVI,ANDHERI,19:50
GMN,Jogeshwari,19:46
BVI,Jogeshwari,19:49
BVI,Jogeshwari,19:55
GMN,Jogeshwari,20:01
GMN,Ram Mandir,19:49
BVI,Ram Mandir,19:52
BVI,Ram Mandir,19:58
GMN,Ram Mandir,20:04
GMN,Goregaon,19:53
BVI,Goregaon,19:54
BVI,Goregaon,20:01
GMN,Goregaon,20:08
BVI,Malad,19:58
BVI,Malad,20:05
BVI,Malad,19:59
BVI,Kandivli,20:01
BVI,Kandivli,20:08
BVI,Kandivli,20:02
VR,BORIVALI,19:37
VR,BORIVALI,19:43
BVI,BORIVALI,20:07
VR,BORIVALI,19:51
BVI,BORIVALI,20:15
VR,BORIVALI,19:55
BVI,BORIVALI,19:59
VR,BORIVALI,20:02
BVI,BORIVALI,20:09
VR,Dahisar,19:41
VR,Dahisar,19:48
VR,Dahisar,19:55
VR,Dahisar,20:00
VR,Dahisar,20:06
VR,Mira Road,19:46
VR,Mira Road,19:53
VR,Mira Road,20:00
VR,Mira Road,20:05
VR,Mira Road,20:11
VR,Bhayandar,19:51
VR,Bhayandar,19:58
VR,Bhayandar,20:05
VR,Bhayandar,20:10
VR,Bhayandar,20:16
VR,Naigaon,19:57
VR,Naigaon,20:04
VR,Naigaon,20:10
VR,Naigaon,20:15
VR,Naigaon,20:22
VR,Vasai Road,20:04
VR,Vasai Road,20:09
VR,Vasai Road,20:13
VR,Vasai Road,20:21
VR,Vasai Road,20:27
VR,Nalla Sopara,20:10
VR,Nalla Sopara,20:14
VR,Nalla Sopara,20:20
VR,Nalla Sopara,20:26
VR,Nalla Sopara,20:32
VR,VIRAR,20:19
VR,VIRAR,20:22
VR,VIRAR,20:27
VR,VIRAR,20:34
VR,VIRAR,20:41
DRD,VIRAR,20:30
BVI,CHURCHGATE,19:20
BVI,CHURCHGATE,19:25
BVI,CHURCHGATE,19:25
BA,CHURCHGATE,19:28
VR,CHURCHGATE,19:30
GMN,CHURCHGATE,19:31
BVI,CHURCHGATE,19:34
BVI,CHURCHGATE,19:34
GMN,CHURCHGATE,19:37
VR,CHURCHGATE,19:40
BVI,Marine Lines,19:23
BVI,Marine Lines,19:28
BVI,Marine Lines,19:28
BA,Marine Lines,19:31
VR,Marine Lines,19:33
GMN,Marine Lines,19:34
BVI,Marine Lines,19:37
BVI,Marine Lines,19:37
GMN,Marine Lines,19:40
VR,Marine Lines,19:43
BVI,Charni Road,19:25
BVI,Charni Road,19:30
BVI,Charni Road,19:30
BA,Charni Road,19:33
VR,Charni Road,19:35
GMN,Charni Road,19:36
BVI,Charni Road,19:39
BVI,Charni Road,19:39
GMN,Charni Road,19:42
VR,Charni Road,19:45
BVI,Grant Road,19:28
BVI,Grant Road,19:33
BVI,Grant Road,19:33
BA,Grant Road,19:36
VR,Grant Road,19:38
GMN,Grant Road,19:39
BVI,Grant Road,19:42
BVI,Grant Road,19:42
GMN,Grant Road,19:45
VR,Grant Road,19:48
BVI,M'BAI CENTRAL (L),19:30
BVI,M'BAI CENTRAL (L),19:35
BVI,M'BAI CENTRAL (L),19:35
BA,M'BAI CENTRAL (L),19:38
VR,M'BAI CENTRAL (L),19:40
GMN,M'BAI CENTRAL (L),19:41
BVI,M'BAI CENTRAL (L),19:44
BVI,M'BAI CENTRAL (L),19:44
GMN,M'BAI CENTRAL (L),19:47
VR,M'BAI CENTRAL (L),19:50
BVI,Mahalakshmi,19:33
BVI,Mahalakshmi,19:38
BA,Mahalakshmi,19:41
GMN,Mahalakshmi,19:44
BVI,Mahalakshmi,19:47
GMN,Mahalakshmi,19:50
BVI,Lower Parel,19:36
BVI,Lower Parel,19:41
BA,Lower Parel,19:44
GMN,Lower Parel,19:47
BVI,Lower Parel,19:50
GMN,Lower Parel,19:53
BVI,Prabhadevi,19:39
BVI,Prabhadevi,19:44
BA,Prabhadevi,19:47
GMN,Prabhadevi,19:50
BVI,Prabhadevi,19:53
GMN,Prabhadevi,19:56
BYR,DADAR,19:38
BVI,DADAR,19:41
BVI,DADAR,19:46
BVI,DADAR,19:42
BA,DADAR,19:49
VR,DADAR,19:47
GMN,DADAR,19:52
BVI,DADAR,19:55
BVI,DADAR,19:51
GMN,DADAR,19:58
VR,DADAR,19:58
BVI,Matunga Road,19:43
BVI,Matunga Road,19:48
BA,Matunga Road,19:51
GMN,Matunga Road,19:54
BVI,Matunga Road,19:57
GMN,Matunga Road,20:00
BVI,Mahim Jn.,19:46
BVI,Mahim Jn.,19:51
BA,Mahim Jn.,19:54
GMN,Mahim Jn.,19:57
BVI,Mahim Jn.,20:00
GMN,Mahim Jn.,20:03
BYR,BANDRA,19:45
BVI,BANDRA,19:50
BYR,BANDRA,19:52
BVI,BANDRA,19:55
BVI,BANDRA,19:48
BA,BANDRA,19:59
VR,BANDRA,19:52
GMN,BANDRA,20:01
BVI,BANDRA,20:04
BVI,BANDRA,19:56
GMN,BANDRA,20:07
VR,BANDRA,20:03
BVI,Khar Road,19:53
BYR,Khar Road,19:56
BVI,Khar Road,19:59
GMN,Khar Road,20:04
BVI,Khar Road,20:07
GMN,Khar Road,20:10
BVI,Santa Cruz,19:56
BYR,Santa Cruz,19:59
BVI,Santa Cruz,20:02
GMN,Santa Cruz,20:06
BVI,Santa Cruz,20:09
GMN,Santa Cruz,20:13
BVI,Vile Parle,19:59
BYR,Vile Parle,20:02
BVI,Vile Parle,20:05
GMN,Vile Parle,20:09
BVI,Vile Parle,20:12
GMN,Vile Parle,20:16
BYR,ANDHERI,19:54
BVI,ANDHERI,20:04
BYR,ANDHERI,20:07
BVI,ANDHERI,20:10
BVI,ANDHERI,19:57
VR,ANDHERI,20:01
VR,ANDHERI,20:13
GMN,ANDHERI,20:14
BVI,ANDHERI,20:17
BVI,ANDHERI,20:05
GMN,ANDHERI,20:20
VR,ANDHERI,20:12
BVI,Jogeshwari,20:07
BYR,Jogeshwari,20:10
BVI,Jogeshwari,20:13
BVI,Jogeshwari,20:01
VR,Jogeshwari,20:17
GMN,Jogeshwari,20:18
BVI,Jogeshwari,20:20
GMN,Jogeshwari,20:24
BVI,Ram Mandir,20:10
BYR,Ram Mandir,20:13
BVI,Ram Mandir,20:16
VR,Ram Mandir,20:20
GMN,Ram Mandir,20:21
BVI,Ram Mandir,20:23
GMN,Ram Mandir,20:27
BVI,Goregaon,20:12
BYR,Goregaon,20:15
BVI,Goregaon,20:18
BVI,Goregaon,20:06
VR,Goregaon,20:22
GMN,Goregaon,20:24
BVI,Goregaon,20:25
GMN,Goregaon,20:33
BVI,Malad,20:17
BYR,Malad,20:20
BVI,Malad,20:23
BVI,Malad,20:10
VR,Malad,20:26
BVI,Malad,20:30
BVI,Malad,20:13
BVI,Kandivli,20:20
BYR,Kandivli,20:23
BVI,Kandivli,20:26
BVI,Kandivli,20:13
VR,Kandivli,20:29
BVI,Kandivli,20:33
BVI,Kandivli,20:16
BYR,BORIVALI,20:12
VR,BORIVALI,20:16
VR,BORIVALI,20:21
BVI,BORIVALI,20:26
BYR,BORIVALI,20:28
BVI,BORIVALI,20:33
BVI,BORIVALI,20:19
VR,BORIVALI,20:15
VR,BORIVALI,20:36
BVI,BORIVALI,20:40
BVI,BORIVALI,20:23
VR,BORIVALI,20:27
BYR,Dahisar,20:16
VR,Dahisar,20:21
VR,Dahisar,20:26
BYR,Dahisar,20:33
VR,Dahisar,20:18
VR,Dahisar,20:40
VR,Dahisar,20:33
BYR,Mira Road,20:21
VR,Mira Road,20:26
VR,Mira Road,20:31
BYR,Mira Road,20:38
VR,Mira Road,20:23
VR,Mira Road,20:45
VR,Mira Road,20:38
BYR,Bhayandar,20:27
VR,Bhayandar,20:31
VR,Bhayandar,20:36
BYR,Bhayandar,20:43
VR,Bhayandar,20:28
VR,Bhayandar,20:50
VR,Bhayandar,20:43
VR,Naigaon,20:37
VR,Naigaon,20:42
VR,Naigaon,20:34
VR,Naigaon,20:56
VR,Naigaon,20:49
VR,Vasai Road,20:42
VR,Vasai Road,20:48
VR,Vasai Road,20:39
VR,Vasai Road,21:01
VR,Vasai Road,20:54
VR,Nalla Sopara,20:48
VR,Nalla Sopara,20:53
VR,Nalla Sopara,20:44
VR,Nalla Sopara,21:06
VR,Nalla Sopara,20:59
VR,VIRAR,20:55
VR,VIRAR,20:59
VR,VIRAR,20:51
VR,VIRAR,21:13
VR,VIRAR,21:06
94089,CHURCHGATE,19:43
90833,CHURCHGATE,19:45
90835,CHURCHGATE,19:48
90837,CHURCHGATE,19:49
90839,CHURCHGATE,19:51
90841,CHURCHGATE,19:54
90843,CHURCHGATE,19:54
90845,CHURCHGATE,19:57
94091,CHURCHGATE,19:58
90849,CHURCHGATE,20:01
94089,Marine Lines,19:46
90833,Marine Lines,19:48
90835,Marine Lines,19:51
90837,Marine Lines,19:52
90839,Marine Lines,19:54
90841,Marine Lines,19:57
90843,Marine Lines,19:57
90845,Marine Lines,20:00
94091,Marine Lines,20:01
90849,Marine Lines,20:04
94089,Charni Road,19:48
90833,Charni Road,19:50
90835,Charni Road,19:53
90837,Charni Road,19:54
90839,Charni Road,19:56
90841,Charni Road,19:59
90843,Charni Road,19:59
90845,Charni Road,20:02
94091,Charni Road,20:03
90849,Charni Road,20:06
94089,Grant Road,19:51
90833,Grant Road,19:53
90835,Grant Road,19:56
90837,Grant Road,19:57
90839,Grant Road,19:59
90841,Grant Road,20:02
90843,Grant Road,20:02
90845,Grant Road,20:05
94091,Grant Road,20:06
90849,Grant Road,20:09
94089,M'BAI CENTRAL (L),19:53
90833,M'BAI CENTRAL (L),19:55
90835,M'BAI CENTRAL (L),19:58
90837,M'BAI CENTRAL (L),19:59
90839,M'BAI CENTRAL (L),20:01
90841,M'BAI CENTRAL (L),20:04
90843,M'BAI CENTRAL (L),20:04
90845,M'BAI CENTRAL (L),20:07
94091,M'BAI CENTRAL (L),20:08
90849,M'BAI CENTRAL (L),20:11
90833,Mahalakshmi,19:58
90835,Mahalakshmi,20:01
90839,Mahalakshmi,20:04
90841,Mahalakshmi,20:07
90845,Mahalakshmi,20:10
90849,Mahalakshmi,20:14
90833,Lower Parel,20:01
90835,Lower Parel,20:04
90839,Lower Parel,20:07
90841,Lower Parel,20:10
90845,Lower Parel,20:13
90849,Lower Parel,20:17
90833,Prabhadevi,20:04
90835,Prabhadevi,20:07
90839,Prabhadevi,20:10
90841,Prabhadevi,20:13
90845,Prabhadevi,20:16
90849,Prabhadevi,20:20
94089,DADAR,20:01
90833,DADAR,20:06
90835,DADAR,20:09
90837,DADAR,20:06
90839,DADAR,20:12
90841,DADAR,20:15
90843,DADAR,20:11
90845,DADAR,20:19
94091,DADAR,20:15
90849,DADAR,20:22
90833,Matunga Road,20:08
90835,Matunga Road,20:11
90839,Matunga Road,20:14
90841,Matunga Road,20:17
90845,Matunga Road,20:21
90849,Matunga Road,20:24
90833,Mahim Jn.,20:11
90835,Mahim Jn.,20:14
90839,Mahim Jn.,20:17
90841,Mahim Jn.,20:20
90845,Mahim Jn.,20:24
90849,Mahim Jn.,20:27
94089,BANDRA,20:06
90831,BANDRA,20:09
90833,BANDRA,20:15
90835,BANDRA,20:18
90837,BANDRA,20:11
90839,BANDRA,20:21
90841,BANDRA,20:24
90843,BANDRA,20:17
90845,BANDRA,20:28
94091,BANDRA,20:21
90849,BANDRA,20:31
90831,Khar Road,20:14
90833,Khar Road,20:18
90835,Khar Road,20:21
90839,Khar Road,20:25
90841,Khar Road,20:28
90845,Khar Road,20:32
90849,Khar Road,20:34
90831,Santa Cruz,20:16
90833,Santa Cruz,20:20
90835,Santa Cruz,20:23
90839,Santa Cruz,20:27
90841,Santa Cruz,20:30
90845,Santa Cruz,20:34
90849,Santa Cruz,20:36
90831,Vile Parle,20:19
90833,Vile Parle,20:23
90835,Vile Parle,20:26
90839,Vile Parle,20:30
90841,Vile Parle,20:33
90845,Vile Parle,20:37
90849,Vile Parle,20:39
94089,ANDHERI,20:15
90831,ANDHERI,20:25
90833,ANDHERI,20:29
90835,ANDHERI,20:31
90837,ANDHERI,20:20
92187,ANDHERI,20:32
90839,ANDHERI,20:36
92189,ANDHERI,20:23
90841,ANDHERI,20:39
90843,ANDHERI,20:27
90845,ANDHERI,20:42
94091,ANDHERI,20:31
90849,ANDHERI,20:46
90831,Jogeshwari,20:29
90833,Jogeshwari,20:33
90835,Jogeshwari,20:35
92187,Jogeshwari,20:36
90839,Jogeshwari,20:40
90841,Jogeshwari,20:43
90845,Jogeshwari,20:46
90849,Jogeshwari,20:49
90831,Ram Mandir,20:32
90833,Ram Mandir,20:36
90835,Ram Mandir,20:38
92187,Ram Mandir,20:39
90839,Ram Mandir,20:43
90841,Ram Mandir,20:46
90845,Ram Mandir,20:49
90849,Ram Mandir,20:52
90831,Goregaon,20:34
90833,Goregaon,20:38
90835,Goregaon,20:41
92187,Goregaon,20:41
90839,Goregaon,20:45
90841,Goregaon,20:48
90845,Goregaon,20:52
90849,Goregaon,20:54
90831,Malad,20:38
90833,Malad,20:42
92187,Malad,20:45
90839,Malad,20:49
90841,Malad,20:52
90849,Malad,20:58
90831,Kandivli,20:41
90833,Kandivli,20:45
92187,Kandivli,20:48
90839,Kandivli,20:52
90841,Kandivli,20:55
90849,Kandivli,21:01
94089,BORIVALI,20:32
90831,BORIVALI,20:47
90833,BORIVALI,20:52
90837,BORIVALI,20:35
92187,BORIVALI,20:55
90839,BORIVALI,20:59
92189,BORIVALI,20:39
92191,BORIVALI,20:40
90841,BORIVALI,21:01
90843,BORIVALI,20:42
94091,BORIVALI,20:45
90849,BORIVALI,21:09
94089,Dahisar,20:36
90831,Dahisar,20:51
90837,Dahisar,20:39
92187,Dahisar,20:59
92189,Dahisar,20:42
92191,Dahisar,20:46
94091,Dahisar,20:49
94089,Mira Road,20:41
90831,Mira Road,20:56
90837,Mira Road,20:44
92187,Mira Road,21:04
92189,Mira Road,20:47
92191,Mira Road,20:51
94091,Mira Road,20:54
94089,Bhayandar,20:46
90831,Bhayandar,21:01
90837,Bhayandar,20:49
92187,Bhayandar,21:09
92189,Bhayandar,20:52
92191,Bhayandar,20:56
94091,Bhayandar,20:59
94089,Naigaon,20:52
90831,Naigaon,21:07
90837,Naigaon,20:55
92187,Naigaon,21:15
92189,Naigaon,20:58
92191,Naigaon,21:02
94091,Naigaon,21:05
94089,Vasai Road,20:57
90831,Vasai Road,21:12
90837,Vasai Road,21:00
92187,Vasai Road,21:20
92189,Vasai Road,21:03
92191,Vasai Road,21:07
94091,Vasai Road,21:10
94089,Nalla Sopara,21:02
90831,Nalla Sopara,21:17
90837,Nalla Sopara,21:07
92187,Nalla Sopara,21:25
92191,Nalla Sopara,21:12
94091,Nalla Sopara,21:15
94089,VIRAR,21:09
90831,VIRAR,21:24
90837,VIRAR,21:14
92187,VIRAR,21:32
92191,VIRAR,21:18
93039,VIRAR,21:05
94091,VIRAR,21:21
92225,CHURCHGATE,20:03
90855,CHURCHGATE,20:04
94121,CHURCHGATE,20:07
90859,CHURCHGATE,20:10
90861,CHURCHGATE,20:10
90863,CHURCHGATE,20:13
92193,CHURCHGATE,20:14
90869,CHURCHGATE,20:17
90871,CHURCHGATE,20:20
93041,CHURCHGATE,20:20
90855,Marine Lines,20:07
94121,Marine Lines,20:10
90859,Marine Lines,20:13
90861,Marine Lines,20:13
90863,Marine Lines,20:16
90869,Marine Lines,20:20
90871,Marine Lines,20:23
93041,Marine Lines,20:23
90855,Charni Road,20:09
94121,Charni Road,20:12
90859,Charni Road,20:15
90861,Charni Road,20:15
90863,Charni Road,20:18
90869,Charni Road,20:22
90871,Charni Road,20:25
93041,Charni Road,20:25
90855,Grant Road,20:12
94121,Grant Road,20:15
90859,Grant Road,20:18
90861,Grant Road,20:18
90863,Grant Road,20:21
90869,Grant Road,20:25
90871,Grant Road,20:28
93041,Grant Road,20:28
92225,M'BAI CENTRAL (L),20:13
90855,M'BAI CENTRAL (L),20:14
94121,M'BAI CENTRAL (L),20:17
90859,M'BAI CENTRAL (L),20:20
90861,M'BAI CENTRAL (L),20:20
90863,M'BAI CENTRAL (L),20:23
92193,M'BAI CENTRAL (L),20:23
90869,M'BAI CENTRAL (L),20:27
90871,M'BAI CENTRAL (L),20:30
93041,M'BAI CENTRAL (L),20:30
90855,Mahalakshmi,20:17
94121,Mahalakshmi,20:20
90861,Mahalakshmi,20:23
90863,Mahalakshmi,20:26
90871,Mahalakshmi,20:33
90855,Lower Parel,20:20
94121,Lower Parel,20:23
90861,Lower Parel,20:26
90863,Lower Parel,20:29
90871,Lower Parel,20:36
90855,Prabhadevi,20:23
94121,Prabhadevi,20:26
90861,Prabhadevi,20:29
90863,Prabhadevi,20:32
90871,Prabhadevi,20:39
92225,DADAR,20:20
90853,DADAR,20:23
90855,DADAR,20:25
94121,DADAR,20:28
90859,DADAR,20:27
90861,DADAR,20:31
90863,DADAR,20:34
92193,DADAR,20:30
90869,DADAR,20:34
90871,DADAR,20:41
93041,DADAR,20:37
90855,Matunga Road,20:27
94121,Matunga Road,20:30
90861,Matunga Road,20:33
90863,Matunga Road,20:36
90871,Matunga Road,20:43
90855,Mahim Jn.,20:30
94121,Mahim Jn.,20:33
90861,Mahim Jn.,20:36
90863,Mahim Jn.,20:39
90871,Mahim Jn.,20:46
92225,BANDRA,20:25
90853,BANDRA,20:29
90855,BANDRA,20:34
94121,BANDRA,20:37
90859,BANDRA,20:33
90861,BANDRA,20:40
90863,BANDRA,20:43
92193,BANDRA,20:36
90867,BANDRA,20:46
90869,BANDRA,20:39
90871,BANDRA,20:50
93041,BANDRA,20:42
94121,Khar Road,20:40
90861,Khar Road,20:43
90863,Khar Road,20:46
90867,Khar Road,20:50
90871,Khar Road,20:53
94121,Santa Cruz,20:42
90861,Santa Cruz,20:46
90863,Santa Cruz,20:48
90867,Santa Cruz,20:52
90871,Santa Cruz,20:56
94121,Vile Parle,20:45
90861,Vile Parle,20:49
90863,Vile Parle,20:51
90867,Vile Parle,20:55
90871,Vile Parle,20:59
92225,ANDHERI,20:34
90853,ANDHERI,20:38
94121,ANDHERI,20:51
90859,ANDHERI,20:42
90861,ANDHERI,20:55
90863,ANDHERI,20:56
92193,ANDHERI,20:45
90865,ANDHERI,20:48
90867,ANDHERI,21:00
90869,ANDHERI,20:48
90871,ANDHERI,21:04
93041,ANDHERI,20:51
94121,Jogeshwari,20:55
90859,Jogeshwari,20:46
90861,Jogeshwari,20:59
90863,Jogeshwari,20:59
90867,Jogeshwari,21:03
90869,Jogeshwari,20:52
90871,Jogeshwari,21:07
94121,Ram Mandir,20:58
90861,Ram Mandir,21:02
90863,Ram Mandir,21:02
90867,Ram Mandir,21:06
90871,Ram Mandir,21:10
94121,Goregaon,21:02
90859,Goregaon,20:51
90861,Goregaon,21:06
90863,Goregaon,21:04
90867,Goregaon,21:08
90869,Goregaon,20:57
90871,Goregaon,21:12
90853,Malad,20:46
90859,Malad,20:55
90863,Malad,21:08
90867,Malad,21:12
90869,Malad,21:01
90871,Malad,21:16
90853,Kandivli,20:49
90859,Kandivli,20:58
90863,Kandivli,21:11
90867,Kandivli,21:15
90869,Kandivli,21:04
90871,Kandivli,21:19
92225,BORIVALI,20:51
90853,BORIVALI,20:56
90859,BORIVALI,21:04
90863,BORIVALI,21:17
92193,BORIVALI,20:59
90865,BORIVALI,21:02
90867,BORIVALI,21:21
90869,BORIVALI,21:10
90871,BORIVALI,21:26
93041,BORIVALI,21:06
92195,BORIVALI,21:14
90873,BORIVALI,21:17
92225,Dahisar,20:56
92193,Dahisar,21:03
90865,Dahisar,21:07
90867,Dahisar,21:25
92195,Dahisar,21:19
90873,Dahisar,21:22
92225,Mira Road,21:00
92193,Mira Road,21:08
90865,Mira Road,21:12
90867,Mira Road,21:30
92195,Mira Road,21:24
90873,Mira Road,21:27
92225,Bhayandar,21:05
92193,Bhayandar,21:13
90865,Bhayandar,21:17
90867,Bhayandar,21:36
93041,Bhayandar,21:17
92195,Bhayandar,21:29
90873,Bhayandar,21:32
92225,Naigaon,21:11
92193,Naigaon,21:19
90865,Naigaon,21:23
92195,Naigaon,21:34
90873,Naigaon,21:38
92225,Vasai Road,21:16
92193,Vasai Road,21:24
90865,Vasai Road,21:28
93041,Vasai Road,21:29
92195,Vasai Road,21:39
90873,Vasai Road,21:43
92225,Nalla Sopara,21:21
92193,Nalla Sopara,21:29
90865,Nalla Sopara,21:33
92195,Nalla Sopara,21:44
90873,Nalla Sopara,21:49
92225,VIRAR,21:28
92193,VIRAR,21:37
90865,VIRAR,21:41
93041,VIRAR,21:41
92195,VIRAR,21:51
90873,VIRAR,21:56
90875,CHURCHGATE,20:24
90877,CHURCHGATE,20:24
94093,CHURCHGATE,20:27
90881,CHURCHGATE,20:27
90885,CHURCHGATE,20:30
90887,CHURCHGATE,20:30
90889,CHURCHGATE,20:33
90891,CHURCHGATE,20:37
90893,CHURCHGATE,20:38
90895,CHURCHGATE,20:41
90897,CHURCHGATE,20:44
90899,CHURCHGATE,20:47
90875,Marine Lines,20:27
90877,Marine Lines,20:27
94093,Marine Lines,20:30
90881,Marine Lines,20:30
90885,Marine Lines,20:33
90887,Marine Lines,20:33
90889,Marine Lines,20:36
90891,Marine Lines,20:40
90893,Marine Lines,20:41
90895,Marine Lines,20:44
90897,Marine Lines,20:47
90899,Marine Lines,20:50
90875,Charni Road,20:29
90877,Charni Road,20:29
94093,Charni Road,20:32
90881,Charni Road,20:32
90885,Charni Road,20:35
90887,Charni Road,20:35
90889,Charni Road,20:38
90891,Charni Road,20:42
90893,Charni Road,20:43
90895,Charni Road,20:46
90897,Charni Road,20:49
90899,Charni Road,20:52
90875,Grant Road,20:32
90877,Grant Road,20:32
94093,Grant Road,20:35
90881,Grant Road,20:35
90885,Grant Road,20:38
90887,Grant Road,20:38
90889,Grant Road,20:41
90891,Grant Road,20:45
90893,Grant Road,20:46
90895,Grant Road,20:49
90897,Grant Road,20:52
90899,Grant Road,20:55
90875,M'BAI CENTRAL (L),20:34
90877,M'BAI CENTRAL (L),20:34
94093,M'BAI CENTRAL (L),20:37
90881,M'BAI CENTRAL (L),20:37
90885,M'BAI CENTRAL (L),20:40
90887,M'BAI CENTRAL (L),20:41
90889,M'BAI CENTRAL (L),20:43
90891,M'BAI CENTRAL (L),20:47
90893,M'BAI CENTRAL (L),20:48
90895,M'BAI CENTRAL (L),20:51
90897,M'BAI CENTRAL (L),20:54
90899,M'BAI CENTRAL (L),20:57
90875,Mahalakshmi,20:37
90881,Mahalakshmi,20:40
90885,Mahalakshmi,20:43
90889,Mahalakshmi,20:46
90891,Mahalakshmi,20:50
90897,Mahalakshmi,20:57
90899,Mahalakshmi,21:00
90875,Lower Parel,20:40
90881,Lower Parel,20:43
90885,Lower Parel,20:46
90889,Lower Parel,20:49
90891,Lower Parel,20:53
90897,Lower Parel,21:00
90899,Lower Parel,21:03
90875,Prabhadevi,20:43
90881,Prabhadevi,20:46
90885,Prabhadevi,20:49
90889,Prabhadevi,20:52
90891,Prabhadevi,20:56
90897,Prabhadevi,21:03
90899,Prabhadevi,21:06
90875,DADAR,20:45
90877,DADAR,20:41
94093,DADAR,20:44
90879,DADAR,20:47
90881,DADAR,20:48
90885,DADAR,20:51
90887,DADAR,20:50
90889,DADAR,20:54
90891,DADAR,20:58
90893,DADAR,20:55
90895,DADAR,20:58
90897,DADAR,21:05
90899,DADAR,21:08
90875,Matunga Road,20:47
90881,Matunga Road,20:50
90885,Matunga Road,20:53
90889,Matunga Road,20:56
90891,Matunga Road,21:00
90897,Matunga Road,21:07
90899,Matunga Road,21:10
90875,Mahim Jn.,20:50
90881,Mahim Jn.,20:53
90885,Mahim Jn.,20:56
90889,Mahim Jn.,20:59
90891,Mahim Jn.,21:03
90897,Mahim Jn.,21:10
90899,Mahim Jn.,21:13
90875,BANDRA,20:55
90877,BANDRA,20:46
94093,BANDRA,20:49
90879,BANDRA,20:54
90881,BANDRA,20:57
90885,BANDRA,21:00
90887,BANDRA,20:57
90889,BANDRA,21:03
90891,BANDRA,21:07
90893,BANDRA,21:00
90895,BANDRA,21:03
90897,BANDRA,21:14
90899,BANDRA,21:17
90881,Khar Road,21:01
90885,Khar Road,21:04
90889,Khar Road,21:07
90891,Khar Road,21:11
90897,Khar Road,21:17
90881,Santa Cruz,21:04
90885,Santa Cruz,21:06
90889,Santa Cruz,21:09
90891,Santa Cruz,21:13
90897,Santa Cruz,21:19
90881,Vile Parle,21:07
90885,Vile Parle,21:09
90889,Vile Parle,21:12
90891,Vile Parle,21:16
90897,Vile Parle,21:22
90877,ANDHERI,20:55
94093,ANDHERI,20:58
90879,ANDHERI,21:02
90881,ANDHERI,21:13
94133,ANDHERI,21:08
90885,ANDHERI,21:15
90887,ANDHERI,21:05
90889,ANDHERI,21:18
90891,ANDHERI,21:22
90893,ANDHERI,21:09
92197,ANDHERI,21:25
90895,ANDHERI,21:12
90897,ANDHERI,21:28
90881,Jogeshwari,21:17
94133,Jogeshwari,21:12
90885,Jogeshwari,21:18
90889,Jogeshwari,21:21
90891,Jogeshwari,21:25
92197,Jogeshwari,21:29
90897,Jogeshwari,21:32
90881,Ram Mandir,21:20
94133,Ram Mandir,21:15
90885,Ram Mandir,21:21
90889,Ram Mandir,21:24
90891,Ram Mandir,21:28
92197,Ram Mandir,21:32
90897,Ram Mandir,21:35
90881,Goregaon,21:24
94133,Goregaon,21:17
90885,Goregaon,21:23
90889,Goregaon,21:26
90891,Goregaon,21:30
92197,Goregaon,21:34
90897,Goregaon,21:37
94133,Malad,21:21
90885,Malad,21:27
90889,Malad,21:30
90891,Malad,21:34
92197,Malad,21:38
90897,Malad,21:41
94133,Kandivli,21:24
90885,Kandivli,21:30
90889,Kandivli,21:33
90891,Kandivli,21:37
92197,Kandivli,21:41
90897,Kandivli,21:44
90877,BORIVALI,21:10
94093,BORIVALI,21:14
90879,BORIVALI,21:18
94133,BORIVALI,21:30
90885,BORIVALI,21:36
90887,BORIVALI,21:21
90889,BORIVALI,21:39
90891,BORIVALI,21:43
90893,BORIVALI,21:24
92197,BORIVALI,21:46
90895,BORIVALI,21:28
90897,BORIVALI,21:50
90877,Dahisar,21:13
94093,Dahisar,21:19
90879,Dahisar,21:22
94133,Dahisar,21:34
90893,Dahisar,21:29
92197,Dahisar,21:50
90897,Dahisar,21:54
90877,Mira Road,21:18
94093,Mira Road,21:24
90879,Mira Road,21:27
94133,Mira Road,21:39
90893,Mira Road,21:34
92197,Mira Road,21:55
90897,Mira Road,21:59
90877,Bhayandar,21:23
94093,Bhayandar,21:29
90879,Bhayandar,21:32
94133,Bhayandar,21:45
90893,Bhayandar,21:39
92197,Bhayandar,22:00
90897,Bhayandar,22:04
90877,Naigaon,21:29
94093,Naigaon,21:34
90879,Naigaon,21:38
90893,Naigaon,21:45
92197,Naigaon,22:06
90897,Naigaon,22:10
90877,Vasai Road,21:33
94093,Vasai Road,21:39
90879,Vasai Road,21:42
90893,Vasai Road,21:50
92197,Vasai Road,22:11
90897,Vasai Road,22:15
90877,Nalla Sopara,21:38
94093,Nalla Sopara,21:45
90879,Nalla Sopara,21:47
90893,Nalla Sopara,21:55
92197,Nalla Sopara,22:16
90897,Nalla Sopara,22:20
90877,VIRAR,21:44
90879,VIRAR,21:54
90893,VIRAR,22:03
92197,VIRAR,22:23
90897,VIRAR,22:29
90901,CHURCHGATE,20:52
90903,CHURCHGATE,20:52
90907,CHURCHGATE,20:55
90913,CHURCHGATE,21:05
90915,CHURCHGATE,21:05
90917,CHURCHGATE,21:08
90919,CHURCHGATE,21:12
90921,CHURCHGATE,21:14
90923,CHURCHGATE,21:17
90901,Marine Lines,20:55
90903,Marine Lines,20:55
90907,Marine Lines,20:58
90913,Marine Lines,21:08
90915,Marine Lines,21:08
90917,Marine Lines,21:11
90919,Marine Lines,21:15
90921,Marine Lines,21:17
90923,Marine Lines,21:20
90901,Charni Road,20:57
90903,Charni Road,20:57
90907,Charni Road,21:00
90913,Charni Road,21:10
90915,Charni Road,21:10
90917,Charni Road,21:13
90919,Charni Road,21:17
90921,Charni Road,21:19
90923,Charni Road,21:22
90901,Grant Road,21:00
90903,Grant Road,21:00
90907,Grant Road,21:03
90913,Grant Road,21:13
90915,Grant Road,21:13
90917,Grant Road,21:16
90919,Grant Road,21:20
90921,Grant Road,21:22
90923,Grant Road,21:25
90901,M'BAI CENTRAL (L),21:02
90903,M'BAI CENTRAL (L),21:02
90907,M'BAI CENTRAL (L),21:05
90913,M'BAI CENTRAL (L),21:15
90915,M'BAI CENTRAL (L),21:15
90917,M'BAI CENTRAL (L),21:18
90919,M'BAI CENTRAL (L),21:22
90921,M'BAI CENTRAL (L),21:24
90923,M'BAI CENTRAL (L),21:27
90901,Mahalakshmi,21:05
90907,Mahalakshmi,21:08
90913,Mahalakshmi,21:18
90917,Mahalakshmi,21:21
90921,Mahalakshmi,21:27
90923,Mahalakshmi,21:30
90901,Lower Parel,21:08
90907,Lower Parel,21:11
90913,Lower Parel,21:21
90917,Lower Parel,21:24
90921,Lower Parel,21:30
90923,Lower Parel,21:33
90901,Prabhadevi,21:11
90907,Prabhadevi,21:14
90913,Prabhadevi,21:24
90917,Prabhadevi,21:27
90921,Prabhadevi,21:33
90923,Prabhadevi,21:36
90901,DADAR,21:13
90903,DADAR,21:09
90905,DADAR,21:08
90907,DADAR,21:16
90913,DADAR,21:26
90915,DADAR,21:22
90917,DADAR,21:30
90919,DADAR,21:29
90921,DADAR,21:35
90923,DADAR,21:38
90901,Matunga Road,21:15
90907,Matunga Road,21:18
90913,Matunga Road,21:28
90917,Matunga Road,21:32
90921,Matunga Road,21:37
90923,Matunga Road,21:40
90901,Mahim Jn.,21:18
90907,Mahim Jn.,21:21
90913,Mahim Jn.,21:31
90917,Mahim Jn.,21:35
90921,Mahim Jn.,21:40
90923,Mahim Jn.,21:43
90901,BANDRA,21:22
90903,BANDRA,21:14
90905,BANDRA,21:17
90907,BANDRA,21:25
90913,BANDRA,21:35
90915,BANDRA,21:28
90917,BANDRA,21:39
90919,BANDRA,21:36
90921,BANDRA,21:44
90923,BANDRA,21:47
90901,Khar Road,21:26
90907,Khar Road,21:29
90913,Khar Road,21:39
90917,Khar Road,21:43
90921,Khar Road,21:47
90923,Khar Road,21:50
90901,Santa Cruz,21:28
90907,Santa Cruz,21:31
90913,Santa Cruz,21:42
90917,Santa Cruz,21:46
90921,Santa Cruz,21:49
90923,Santa Cruz,21:52
90901,Vile Parle,21:31
90907,Vile Parle,21:34
90913,Vile Parle,21:45
90917,Vile Parle,21:49
90921,Vile Parle,21:52
90923,Vile Parle,21:55
90901,ANDHERI,21:36
90903,ANDHERI,21:22
90905,ANDHERI,21:25
90907,ANDHERI,21:40
90913,ANDHERI,21:49
90915,ANDHERI,21:38
90917,ANDHERI,21:53
90919,ANDHERI,21:45
90921,ANDHERI,21:58
92201,ANDHERI,22:01
90923,ANDHERI,22:01
90901,Jogeshwari,21:40
90905,Jogeshwari,21:28
90907,Jogeshwari,21:45
90913,Jogeshwari,21:53
90915,Jogeshwari,21:41
90917,Jogeshwari,21:57
90919,Jogeshwari,21:49
90921,Jogeshwari,22:01
92201,Jogeshwari,22:06
90901,Ram Mandir,21:43
90907,Ram Mandir,21:48
90913,Ram Mandir,21:56
90917,Ram Mandir,22:00
90921,Ram Mandir,22:04
92201,Ram Mandir,22:09
90901,Goregaon,21:45
90905,Goregaon,21:33
90907,Goregaon,21:50
90913,Goregaon,21:58
90915,Goregaon,21:45
90917,Goregaon,22:02
90919,Goregaon,21:54
90921,Goregaon,22:06
92201,Goregaon,22:11
90901,Malad,21:50
90905,Malad,21:38
90907,Malad,21:54
90913,Malad,22:02
90915,Malad,21:49
90917,Malad,22:06
90919,Malad,21:58
90921,Malad,22:10
92201,Malad,22:15
90901,Kandivli,21:53
90905,Kandivli,21:42
90907,Kandivli,21:57
90913,Kandivli,22:05
90917,Kandivli,22:09
90919,Kandivli,22:01
90921,Kandivli,22:13
92201,Kandivli,22:18
90901,BORIVALI,21:59
90903,BORIVALI,21:37
90905,BORIVALI,21:49
90907,BORIVALI,22:04
92199,BORIVALI,22:00
90913,BORIVALI,22:11
90917,BORIVALI,22:14
90919,BORIVALI,22:07
90921,BORIVALI,22:20
92201,BORIVALI,22:23
90903,Dahisar,21:41
92199,Dahisar,22:06
90913,Dahisar,22:15
92201,Dahisar,22:29
90903,Mira Road,21:46
92199,Mira Road,22:11
90913,Mira Road,22:20
92201,Mira Road,22:34
90903,Bhayandar,21:51
92199,Bhayandar,22:16
90913,Bhayandar,22:25
92201,Bhayandar,22:39
90903,Naigaon,21:57
92199,Naigaon,22:22
90913,Naigaon,22:31
92201,Naigaon,22:45
90903,Vasai Road,22:02
92199,Vasai Road,22:27
90913,Vasai Road,22:36
92201,Vasai Road,22:50
90903,Nalla Sopara,22:07
92199,Nalla Sopara,22:32
90913,Nalla Sopara,22:41
92201,Nalla Sopara,22:55
90903,VIRAR,22:13
92199,VIRAR,22:39
90913,VIRAR,22:49
BVI,CHURCHGATE,21:20
VR,CHURCHGATE,21:22
BYR,CHURCHGATE,21:23
BVI,CHURCHGATE,21:26
VR,CHURCHGATE,21:33
BA,CHURCHGATE,21:33
BVI,CHURCHGATE,21:36
BVI,CHURCHGATE,21:39
BVI,CHURCHGATE,21:42
VR,CHURCHGATE,21:44
BVI,CHURCHGATE,21:45
BVI,CHURCHGATE,21:48
BVI,Marine Lines,21:23
VR,Marine Lines,21:25
BYR,Marine Lines,21:26
BVI,Marine Lines,21:29
VR,Marine Lines,21:36
BA,Marine Lines,21:36
BVI,Marine Lines,21:39
BVI,Marine Lines,21:42
BVI,Marine Lines,21:45
VR,Marine Lines,21:47
BVI,Marine Lines,21:48
BVI,Marine Lines,21:51
BVI,Charni Road,21:25
VR,Charni Road,21:27
BYR,Charni Road,21:28
BVI,Charni Road,21:31
VR,Charni Road,21:38
BA,Charni Road,21:38
BVI,Charni Road,21:41
BVI,Charni Road,21:44
BVI,Charni Road,21:47
VR,Charni Road,21:49
BVI,Charni Road,21:50
BVI,Charni Road,21:53
BVI,Grant Road,21:28
VR,Grant Road,21:30
BYR,Grant Road,21:31
BVI,Grant Road,21:34
VR,Grant Road,21:41
BA,Grant Road,21:41
BVI,Grant Road,21:44
BVI,Grant Road,21:47
BVI,Grant Road,21:50
VR,Grant Road,21:52
BVI,Grant Road,21:53
BVI,Grant Road,21:56
BVI,M'BAI CENTRAL (L),21:30
VR,M'BAI CENTRAL (L),21:32
BYR,M'BAI CENTRAL (L),21:33
BVI,M'BAI CENTRAL (L),21:36
VR,M'BAI CENTRAL (L),21:43
BA,M'BAI CENTRAL (L),21:43
BVI,M'BAI CENTRAL (L),21:46
BVI,M'BAI CENTRAL (L),21:49
BVI,M'BAI CENTRAL (L),21:52
VR,M'BAI CENTRAL (L),21:54
BVI,M'BAI CENTRAL (L),21:55
BVI,M'BAI CENTRAL (L),21:58
BVI,Mahalakshmi,21:33
BYR,Mahalakshmi,21:36
BVI,Mahalakshmi,21:39
BA,Mahalakshmi,21:46
BVI,Mahalakshmi,21:49
BVI,Mahalakshmi,21:52
BVI,Mahalakshmi,21:55
BVI,Mahalakshmi,21:58
BVI,Mahalakshmi,22:01
BVI,Lower Parel,21:36
BYR,Lower Parel,21:39
BVI,Lower Parel,21:42
BA,Lower Parel,21:49
BVI,Lower Parel,21:52
BVI,Lower Parel,21:55
BVI,Lower Parel,21:58
BVI,Lower Parel,22:01
BVI,Lower Parel,22:04
BVI,Prabhadevi,21:39
BYR,Prabhadevi,21:42
BVI,Prabhadevi,21:45
BA,Prabhadevi,21:52
BVI,Prabhadevi,21:55
BVI,Prabhadevi,21:58
BVI,Prabhadevi,22:01
BVI,Prabhadevi,22:04
BVI,Prabhadevi,22:07
BVI,DADAR,21:41
VR,DADAR,21:39
BYR,DADAR,21:44
BVI,DADAR,21:47
VR,DADAR,21:50
BA,DADAR,21:54
BVI,DADAR,21:57
BVI,DADAR,22:00
BVI,DADAR,22:03
VR,DADAR,22:01
BVI,DADAR,22:06
BVI,DADAR,22:09
BVI,Matunga Road,21:43
BYR,Matunga Road,21:46
BVI,Matunga Road,21:49
BA,Matunga Road,21:56
BVI,Matunga Road,21:59
BVI,Matunga Road,22:02
BVI,Matunga Road,22:05
BVI,Matunga Road,22:08
BVI,Matunga Road,22:11
BVI,Mahim Jn.,21:46
BYR,Mahim Jn.,21:49
BVI,Mahim Jn.,21:52
BA,Mahim Jn.,21:59
BVI,Mahim Jn.,22:02
BVI,Mahim Jn.,22:05
BVI,Mahim Jn.,22:08
BVI,Mahim Jn.,22:11
BVI,Mahim Jn.,22:14
BVI,BANDRA,21:50
VR,BANDRA,21:44
BYR,BANDRA,21:53
BVI,BANDRA,21:56
VR,BANDRA,21:55
BA,BANDRA,22:03
BVI,BANDRA,22:06
BVI,BANDRA,22:09
BVI,BANDRA,22:12
VR,BANDRA,22:06
BVI,BANDRA,22:15
BVI,BANDRA,22:18
BVI,Khar Road,21:53
BYR,Khar Road,21:56
BVI,Khar Road,21:59
BVI,Khar Road,22:09
BVI,Khar Road,22:12
BVI,Khar Road,22:15
BVI,Khar Road,22:18
BVI,Khar Road,22:21
BVI,Santa Cruz,21:55
BYR,Santa Cruz,21:58
BVI,Santa Cruz,22:01
BVI,Santa Cruz,22:11
BVI,Santa Cruz,22:14
BVI,Santa Cruz,22:17
BVI,Santa Cruz,22:20
BVI,Santa Cruz,22:23
BVI,Vile Parle,21:58
BYR,Vile Parle,22:01
BVI,Vile Parle,22:04
BVI,Vile Parle,22:14
BVI,Vile Parle,22:17
BVI,Vile Parle,22:20
BVI,Vile Parle,22:23
BVI,Vile Parle,22:26
BVI,ANDHERI,22:04
VR,ANDHERI,21:52
BYR,ANDHERI,22:07
BVI,ANDHERI,22:10
VR,ANDHERI,22:03
VR,ANDHERI,22:10
BYR,ANDHERI,22:16
BVI,ANDHERI,22:20
BVI,ANDHERI,22:23
BVI,ANDHERI,22:26
VR,ANDHERI,22:15
BVI,ANDHERI,22:29
BVI,ANDHERI,22:32
BVI,Jogeshwari,22:08
BYR,Jogeshwari,22:10
BVI,Jogeshwari,22:13
BYR,Jogeshwari,22:20
BVI,Jogeshwari,22:23
BVI,Jogeshwari,22:27
BVI,Jogeshwari,22:30
BVI,Jogeshwari,22:33
BVI,Jogeshwari,22:36
BVI,Ram Mandir,22:11
BYR,Ram Mandir,22:13
BVI,Ram Mandir,22:16
BYR,Ram Mandir,22:23
BVI,Ram Mandir,22:26
BVI,Ram Mandir,22:30
BVI,Ram Mandir,22:33
BVI,Ram Mandir,22:36
BVI,Ram Mandir,22:39
BVI,Goregaon,22:13
BYR,Goregaon,22:15
BVI,Goregaon,22:18
BYR,Goregaon,22:25
BVI,Goregaon,22:28
BVI,Goregaon,22:32
BVI,Goregaon,22:35
BVI,Goregaon,22:38
BVI,Goregaon,22:41
BVI,Malad,22:17
BYR,Malad,22:19
BVI,Malad,22:22
BYR,Malad,22:29
BVI,Malad,22:32
BVI,Malad,22:36
BVI,Malad,22:39
BVI,Malad,22:42
BVI,Malad,22:45
BVI,Kandivli,22:20
BYR,Kandivli,22:22
BVI,Kandivli,22:25
BYR,Kandivli,22:32
BVI,Kandivli,22:35
BVI,Kandivli,22:39
BVI,Kandivli,22:43
BVI,Kandivli,22:46
BVI,Kandivli,22:49
BVI,BORIVALI,22:26
VR,BORIVALI,22:07
BYR,BORIVALI,22:28
BVI,BORIVALI,22:34
VR,BORIVALI,22:17
VR,BORIVALI,22:28
BYR,BORIVALI,22:37
VR,BORIVALI,22:40
BVI,BORIVALI,22:41
BVI,BORIVALI,22:46
BVI,BORIVALI,22:49
VR,BORIVALI,22:31
BVI,BORIVALI,22:52
BVI,BORIVALI,22:55
VR,Dahisar,22:12
BYR,Dahisar,22:32
VR,Dahisar,22:23
VR,Dahisar,22:32
BYR,Dahisar,22:41
VR,Dahisar,22:46
VR,Dahisar,22:35
VR,Mira Road,22:17
BYR,Mira Road,22:37
VR,Mira Road,22:28
VR,Mira Road,22:37
BYR,Mira Road,22:46
VR,Mira Road,22:51
VR,Mira Road,22:40
VR,Bhayandar,22:22
BYR,Bhayandar,22:43
VR,Bhayandar,22:33
VR,Bhayandar,22:42
BYR,Bhayandar,22:52
VR,Bhayandar,22:56
VR,Bhayandar,22:45
VR,Naigaon,22:28
VR,Naigaon,22:39
VR,Naigaon,22:47
VR,Naigaon,23:02
VR,Naigaon,22:51
VR,Vasai Road,22:33
VR,Vasai Road,22:44
VR,Vasai Road,22:52
VR,Vasai Road,23:07
VR,Vasai Road,22:56
VR,Nalla Sopara,22:38
VR,Nalla Sopara,22:50
VR,Nalla Sopara,22:57
VR,Nalla Sopara,23:13
VR,Nalla Sopara,23:02
VR,VIRAR,22:46
VR,VIRAR,22:59
VR,VIRAR,23:05
VR,VIRAR,23:20
VR,VIRAR,23:09
90951,CHURCHGATE,21:48
90953,CHURCHGATE,21:52
94099,CHURCHGATE,21:51
90955,CHURCHGATE,21:55
94101,CHURCHGATE,21:57
90959,CHURCHGATE,22:01
90963,CHURCHGATE,22:05
90965,CHURCHGATE,22:05
90967,CHURCHGATE,22:09
90969,CHURCHGATE,22:12
90971,CHURCHGATE,22:12
90973,CHURCHGATE,22:18
90951,Marine Lines,21:51
90953,Marine Lines,21:55
94099,Marine Lines,21:54
90955,Marine Lines,21:58
94101,Marine Lines,22:00
90959,Marine Lines,22:04
90963,Marine Lines,22:08
90965,Marine Lines,22:08
90967,Marine Lines,22:12
90969,Marine Lines,22:15
90971,Marine Lines,22:15
90973,Marine Lines,22:21
90951,Charni Road,21:53
90953,Charni Road,21:57
94099,Charni Road,21:56
90955,Charni Road,22:00
94101,Charni Road,22:02
90959,Charni Road,22:06
90963,Charni Road,22:10
90965,Charni Road,22:10
90967,Charni Road,22:14
90969,Charni Road,22:17
90971,Charni Road,22:17
90973,Charni Road,22:23
90951,Grant Road,21:56
90953,Grant Road,22:00
94099,Grant Road,21:59
90955,Grant Road,22:03
94101,Grant Road,22:05
90959,Grant Road,22:09
90963,Grant Road,22:13
90965,Grant Road,22:13
90967,Grant Road,22:17
90969,Grant Road,22:20
90971,Grant Road,22:20
90973,Grant Road,22:26
90951,M'BAI CENTRAL (L),21:58
90953,M'BAI CENTRAL (L),22:02
94099,M'BAI CENTRAL (L),22:01
90955,M'BAI CENTRAL (L),22:05
94101,M'BAI CENTRAL (L),22:07
90959,M'BAI CENTRAL (L),22:11
90963,M'BAI CENTRAL (L),22:15
90965,M'BAI CENTRAL (L),22:15
90967,M'BAI CENTRAL (L),22:19
90969,M'BAI CENTRAL (L),22:22
90971,M'BAI CENTRAL (L),22:22
90973,M'BAI CENTRAL (L),22:28
90953,Mahalakshmi,22:05
90955,Mahalakshmi,22:08
90965,Mahalakshmi,22:18
90967,Mahalakshmi,22:22
90969,Mahalakshmi,22:25
90953,Lower Parel,22:08
90955,Lower Parel,22:11
90965,Lower Parel,22:21
90967,Lower Parel,22:25
90969,Lower Parel,22:28
90953,Prabhadevi,22:11
90955,Prabhadevi,22:14
90965,Prabhadevi,22:24
90967,Prabhadevi,22:28
90969,Prabhadevi,22:31
90951,DADAR,22:05
90953,DADAR,22:13
94099,DADAR,22:08
90955,DADAR,22:16
94101,DADAR,22:14
90959,DADAR,22:18
90963,DADAR,22:22
90965,DADAR,22:26
90967,DADAR,22:30
90969,DADAR,22:33
90971,DADAR,22:29
90973,DADAR,22:35
90953,Matunga Road,22:15
90955,Matunga Road,22:18
90965,Matunga Road,22:28
90967,Matunga Road,22:32
90969,Matunga Road,22:35
90953,Mahim Jn.,22:18
90955,Mahim Jn.,22:21
90965,Mahim Jn.,22:31
90967,Mahim Jn.,22:35
90969,Mahim Jn.,22:38
90951,BANDRA,22:10
90953,BANDRA,22:22
94099,BANDRA,22:14
90955,BANDRA,22:25
94101,BANDRA,22:20
90959,BANDRA,22:24
90961,BANDRA,22:31
90963,BANDRA,22:28
90965,BANDRA,22:35
90967,BANDRA,22:39
90969,BANDRA,22:42
90971,BANDRA,22:35
90973,BANDRA,22:40
90953,Khar Road,22:26
90961,Khar Road,22:36
90965,Khar Road,22:39
90967,Khar Road,22:43
90953,Santa Cruz,22:28
90961,Santa Cruz,22:38
90965,Santa Cruz,22:41
90967,Santa Cruz,22:45
90953,Vile Parle,22:31
90961,Vile Parle,22:41
90965,Vile Parle,22:44
90967,Vile Parle,22:48
90951,ANDHERI,22:19
90953,ANDHERI,22:37
94099,ANDHERI,22:22
92207,ANDHERI,22:39
94101,ANDHERI,22:29
90959,ANDHERI,22:33
90961,ANDHERI,22:47
90963,ANDHERI,22:37
90965,ANDHERI,22:50
90967,ANDHERI,22:54
90971,ANDHERI,22:44
90973,ANDHERI,22:48
90953,Jogeshwari,22:41
94099,Jogeshwari,22:25
92207,Jogeshwari,22:44
90961,Jogeshwari,22:50
90965,Jogeshwari,22:53
90967,Jogeshwari,22:57
90971,Jogeshwari,22:47
90953,Ram Mandir,22:44
92207,Ram Mandir,22:47
90961,Ram Mandir,22:53
90965,Ram Mandir,22:56
90967,Ram Mandir,23:00
90953,Goregaon,22:46
94099,Goregaon,22:29
92207,Goregaon,22:49
90961,Goregaon,22:55
90965,Goregaon,22:58
90967,Goregaon,23:02
90971,Goregaon,22:52
90951,Malad,22:28
90953,Malad,22:50
94099,Malad,22:34
92207,Malad,22:53
90961,Malad,23:00
90965,Malad,23:03
90967,Malad,23:07
90971,Malad,22:57
90951,Kandivli,22:31
90953,Kandivli,22:53
92207,Kandivli,22:56
90961,Kandivli,23:03
90965,Kandivli,23:06
90967,Kandivli,23:10
90971,Kandivli,23:00
90951,BORIVALI,22:39
90953,BORIVALI,23:00
90957,BORIVALI,22:55
92207,BORIVALI,23:02
94101,BORIVALI,22:45
90959,BORIVALI,22:49
90961,BORIVALI,23:09
90963,BORIVALI,22:53
90965,BORIVALI,23:12
90967,BORIVALI,23:16
90971,BORIVALI,23:06
90973,BORIVALI,23:03
90957,Dahisar,22:59
92207,Dahisar,23:06
94101,Dahisar,22:50
90959,Dahisar,22:54
90961,Dahisar,23:13
90963,Dahisar,22:58
90973,Dahisar,23:07
90957,Mira Road,23:04
92207,Mira Road,23:11
94101,Mira Road,22:55
90959,Mira Road,22:59
90961,Mira Road,23:18
90963,Mira Road,23:03
90973,Mira Road,23:12
90957,Bhayandar,23:10
92207,Bhayandar,23:18
94101,Bhayandar,23:00
90959,Bhayandar,23:04
90961,Bhayandar,23:24
90963,Bhayandar,23:08
90973,Bhayandar,23:17
94101,Naigaon,23:06
90959,Naigaon,23:10
90961,Naigaon,23:30
90963,Naigaon,23:14
90973,Naigaon,23:23
94101,Vasai Road,23:11
90959,Vasai Road,23:15
90961,Vasai Road,23:35
90963,Vasai Road,23:19
90973,Vasai Road,23:29
94101,Nalla Sopara,23:16
90959,Nalla Sopara,23:20
90961,Nalla Sopara,23:40
90963,Nalla Sopara,23:26
90973,Nalla Sopara,23:34
94101,VIRAR,23:22
90959,VIRAR,23:26
90961,VIRAR,23:47
90973,VIRAR,23:41
90977,CHURCHGATE,22:18
90979,CHURCHGATE,22:24
90981,CHURCHGATE,22:23
90983,CHURCHGATE,22:30
90987,CHURCHGATE,22:33
90989,CHURCHGATE,22:33
90991,CHURCHGATE,22:36
90993,CHURCHGATE,22:39
90995,CHURCHGATE,22:42
90997,CHURCHGATE,22:45
90999,CHURCHGATE,22:49
91001,CHURCHGATE,22:53
90977,Marine Lines,22:21
90979,Marine Lines,22:27
90981,Marine Lines,22:26
90983,Marine Lines,22:33
90987,Marine Lines,22:36
90989,Marine Lines,22:36
90991,Marine Lines,22:39
90993,Marine Lines,22:42
90995,Marine Lines,22:45
90997,Marine Lines,22:48
90999,Marine Lines,22:52
91001,Marine Lines,22:56
90977,Charni Road,22:23
90979,Charni Road,22:29
90981,Charni Road,22:28
90983,Charni Road,22:35
90987,Charni Road,22:38
90989,Charni Road,22:38
90991,Charni Road,22:41
90993,Charni Road,22:44
90995,Charni Road,22:47
90997,Charni Road,22:50
90999,Charni Road,22:54
91001,Charni Road,22:58
90977,Grant Road,22:26
90979,Grant Road,22:32
90981,Grant Road,22:31
90983,Grant Road,22:38
90987,Grant Road,22:41
90989,Grant Road,22:41
90991,Grant Road,22:44
90993,Grant Road,22:47
90995,Grant Road,22:50
90997,Grant Road,22:53
90999,Grant Road,22:57
91001,Grant Road,23:01
90977,M'BAI CENTRAL (L),22:28
90979,M'BAI CENTRAL (L),22:34
90981,M'BAI CENTRAL (L),22:33
90983,M'BAI CENTRAL (L),22:40
90987,M'BAI CENTRAL (L),22:43
90989,M'BAI CENTRAL (L),22:43
90991,M'BAI CENTRAL (L),22:46
90993,M'BAI CENTRAL (L),22:49
90995,M'BAI CENTRAL (L),22:52
90997,M'BAI CENTRAL (L),22:55
90999,M'BAI CENTRAL (L),22:59
91001,M'BAI CENTRAL (L),23:03
90977,Mahalakshmi,22:31
90981,Mahalakshmi,22:36
90987,Mahalakshmi,22:46
90991,Mahalakshmi,22:49
90993,Mahalakshmi,22:52
90997,Mahalakshmi,22:58
90999,Mahalakshmi,23:02
91001,Mahalakshmi,23:06
90977,Lower Parel,22:34
90981,Lower Parel,22:39
90987,Lower Parel,22:49
90991,Lower Parel,22:52
90993,Lower Parel,22:55
90997,Lower Parel,23:01
90999,Lower Parel,23:05
91001,Lower Parel,23:09
90977,Prabhadevi,22:37
90981,Prabhadevi,22:42
90987,Prabhadevi,22:52
90991,Prabhadevi,22:55
90993,Prabhadevi,22:58
90997,Prabhadevi,23:04
90999,Prabhadevi,23:08
91001,Prabhadevi,23:12
90977,DADAR,22:39
90979,DADAR,22:41
90981,DADAR,22:44
90983,DADAR,22:47
90987,DADAR,22:54
90989,DADAR,22:50
90991,DADAR,22:57
90993,DADAR,23:00
90995,DADAR,22:59
90997,DADAR,23:06
90999,DADAR,23:10
91001,DADAR,23:15
90977,Matunga Road,22:41
90981,Matunga Road,22:46
90987,Matunga Road,22:56
90991,Matunga Road,22:59
90993,Matunga Road,23:02
90997,Matunga Road,23:08
90999,Matunga Road,23:12
91001,Matunga Road,23:17
90977,Mahim Jn.,22:44
90981,Mahim Jn.,22:49
90987,Mahim Jn.,22:59
90991,Mahim Jn.,23:02
90993,Mahim Jn.,23:05
90997,Mahim Jn.,23:11
90999,Mahim Jn.,23:15
91001,Mahim Jn.,23:20
90977,BANDRA,22:48
90979,BANDRA,22:46
90981,BANDRA,22:53
90983,BANDRA,22:52
90987,BANDRA,23:03
90989,BANDRA,22:55
90991,BANDRA,23:06
90993,BANDRA,23:09
90995,BANDRA,23:04
90997,BANDRA,23:15
90999,BANDRA,23:19
91001,BANDRA,23:25
90977,Khar Road,22:51
90981,Khar Road,22:56
90987,Khar Road,23:06
90991,Khar Road,23:09
90993,Khar Road,23:12
90999,Khar Road,23:23
91001,Khar Road,23:28
90977,Santa Cruz,22:53
90981,Santa Cruz,22:58
90987,Santa Cruz,23:08
90991,Santa Cruz,23:11
90993,Santa Cruz,23:14
90999,Santa Cruz,23:25
91001,Santa Cruz,23:31
90977,Vile Parle,22:56
90981,Vile Parle,23:01
90987,Vile Parle,23:11
90991,Vile Parle,23:14
90993,Vile Parle,23:17
90999,Vile Parle,23:28
91001,Vile Parle,23:34
90977,ANDHERI,23:02
90979,ANDHERI,22:54
90981,ANDHERI,23:06
90983,ANDHERI,23:00
90985,ANDHERI,23:12
90987,ANDHERI,23:16
90989,ANDHERI,23:04
90991,ANDHERI,23:19
90993,ANDHERI,23:22
90995,ANDHERI,23:13
90999,ANDHERI,23:34
92209,ANDHERI,23:37
91001,ANDHERI,23:40
90977,Jogeshwari,23:06
90979,Jogeshwari,22:57
90981,Jogeshwari,23:13
90985,Jogeshwari,23:16
90987,Jogeshwari,23:19
90989,Jogeshwari,23:07
90991,Jogeshwari,23:22
90993,Jogeshwari,23:25
90999,Jogeshwari,23:37
92209,Jogeshwari,23:40
91001,Jogeshwari,23:43
90977,Ram Mandir,23:09
90981,Ram Mandir,23:16
90985,Ram Mandir,23:19
90987,Ram Mandir,23:22
90991,Ram Mandir,23:25
90993,Ram Mandir,23:28
90999,Ram Mandir,23:40
92209,Ram Mandir,23:43
91001,Ram Mandir,23:46
90977,Goregaon,23:11
90979,Goregaon,23:01
90981,Goregaon,23:20
90985,Goregaon,23:21
90987,Goregaon,23:24
90989,Goregaon,23:12
90991,Goregaon,23:27
90993,Goregaon,23:30
90999,Goregaon,23:42
92209,Goregaon,23:45
91001,Goregaon,23:48
90977,Malad,23:15
90979,Malad,23:05
90981,Malad,23:21
90985,Malad,23:25
90987,Malad,23:28
90989,Malad,23:16
90991,Malad,23:31
90993,Malad,23:34
90999,Malad,23:46
92209,Malad,23:49
91001,Malad,23:52
90977,Kandivli,23:18
90979,Kandivli,23:08
90981,Kandivli,23:23
90985,Kandivli,23:28
90987,Kandivli,23:31
90989,Kandivli,23:19
90991,Kandivli,23:34
90993,Kandivli,23:37
90999,Kandivli,23:49
92209,Kandivli,23:52
91001,Kandivli,23:55
94103,BORIVALI,23:19
90977,BORIVALI,23:25
90979,BORIVALI,23:14
90981,BORIVALI,23:30
90983,BORIVALI,23:16
90985,BORIVALI,23:34
90987,BORIVALI,23:37
90989,BORIVALI,23:25
90991,BORIVALI,23:40
90993,BORIVALI,23:44
90995,BORIVALI,23:26
90999,BORIVALI,23:56
92209,BORIVALI,23:58
91001,BORIVALI,00:02
94103,Dahisar,23:24
90981,Dahisar,23:34
90983,Dahisar,23:20
90985,Dahisar,23:38
90991,Dahisar,23:44
90995,Dahisar,23:30
92209,Dahisar,00:02
94103,Mira Road,23:29
90981,Mira Road,23:39
90983,Mira Road,23:25
90985,Mira Road,23:43
90991,Mira Road,23:49
90995,Mira Road,23:35
92209,Mira Road,00:07
94103,Bhayandar,23:34
90981,Bhayandar,23:45
90983,Bhayandar,23:30
90985,Bhayandar,23:48
90991,Bhayandar,23:55
90995,Bhayandar,23:40
92209,Bhayandar,00:12
94103,Naigaon,23:40
90983,Naigaon,23:36
90985,Naigaon,23:54
90995,Naigaon,23:46
92209,Naigaon,00:18
94103,Vasai Road,23:45
90983,Vasai Road,23:41
90985,Vasai Road,23:59
90995,Vasai Road,23:51
92209,Vasai Road,00:23
94103,Nalla Sopara,23:50
90983,Nalla Sopara,23:46
90985,Nalla Sopara,00:05
90995,Nalla Sopara,23:56
92209,Nalla Sopara,00:28
94103,VIRAR,23:56
90983,VIRAR,23:52
90995,VIRAR,00:02
92209,VIRAR,00:35
91003,CHURCHGATE,23:00
92227,CHURCHGATE,23:10
91007,CHURCHGATE,23:09
91009,CHURCHGATE,23:14
91011,CHURCHGATE,23:15
91015,CHURCHGATE,23:21
91017,CHURCHGATE,23:23
91019,CHURCHGATE,23:27
91021,CHURCHGATE,23:31
91023,CHURCHGATE,23:38
91025,CHURCHGATE,23:40
91027,CHURCHGATE,23:46
91029,CHURCHGATE,23:49
91031,CHURCHGATE,23:52
91003,Marine Lines,23:03
91007,Marine Lines,23:12
91009,Marine Lines,23:15
91011,Marine Lines,23:18
91015,Marine Lines,23:24
91017,Marine Lines,23:26
91019,Marine Lines,23:30
91021,Marine Lines,23:34
91023,Marine Lines,23:41
91025,Marine Lines,23:43
91027,Marine Lines,23:49
91029,Marine Lines,23:52
91031,Marine Lines,23:55
91003,Charni Road,23:05
91007,Charni Road,23:14
91009,Charni Road,23:17
91011,Charni Road,23:20
91015,Charni Road,23:26
91017,Charni Road,23:28
91019,Charni Road,23:32
91021,Charni Road,23:36
91023,Charni Road,23:43
91025,Charni Road,23:45
91027,Charni Road,23:51
91029,Charni Road,23:54
91031,Charni Road,23:57
91003,Grant Road,23:08
91007,Grant Road,23:17
91009,Grant Road,23:20
91011,Grant Road,23:23
91015,Grant Road,23:29
91017,Grant Road,23:31
91019,Grant Road,23:35
91021,Grant Road,23:39
91023,Grant Road,23:46
91025,Grant Road,23:48
91027,Grant Road,23:54
91029,Grant Road,23:57
91031,Grant Road,00:00
91003,M'BAI CENTRAL (L),23:10
92227,M'BAI CENTRAL (L),23:19
91007,M'BAI CENTRAL (L),23:19
91009,M'BAI CENTRAL (L),23:22
91011,M'BAI CENTRAL (L),23:25
91015,M'BAI CENTRAL (L),23:31
91017,M'BAI CENTRAL (L),23:33
91019,M'BAI CENTRAL (L),23:37
91021,M'BAI CENTRAL (L),23:41
91023,M'BAI CENTRAL (L),23:48
91025,M'BAI CENTRAL (L),23:50
91027,M'BAI CENTRAL (L),23:56
91029,M'BAI CENTRAL (L),23:59
91031,M'BAI CENTRAL (L),00:02
91003,Mahalakshmi,23:13
91007,Mahalakshmi,23:22
91011,Mahalakshmi,23:28
91015,Mahalakshmi,23:34
91019,Mahalakshmi,23:40
91021,Mahalakshmi,23:44
91023,Mahalakshmi,23:51
91027,Mahalakshmi,23:59
91029,Mahalakshmi,00:02
91031,Mahalakshmi,00:05
91003,Lower Parel,23:16
91007,Lower Parel,23:25
91011,Lower Parel,23:31
91015,Lower Parel,23:37
91019,Lower Parel,23:43
91021,Lower Parel,23:47
91023,Lower Parel,23:54
91027,Lower Parel,00:02
91029,Lower Parel,00:05
91031,Lower Parel,00:08
91003,Prabhadevi,23:19
91007,Prabhadevi,23:28
91011,Prabhadevi,23:34
91015,Prabhadevi,23:40
91019,Prabhadevi,23:46
91021,Prabhadevi,23:50
91023,Prabhadevi,23:57
91027,Prabhadevi,00:05
91029,Prabhadevi,00:08
91031,Prabhadevi,00:11
91003,DADAR,23:21
92227,DADAR,23:26
91007,DADAR,23:30
91009,DADAR,23:29
91011,DADAR,23:36
91015,DADAR,23:42
91017,DADAR,23:40
91019,DADAR,23:48
91021,DADAR,23:52
91023,DADAR,23:59
91025,DADAR,23:57
91027,DADAR,00:07
91029,DADAR,00:10
91031,DADAR,00:13
91003,Matunga Road,23:23
91007,Matunga Road,23:32
91011,Matunga Road,23:39
91015,Matunga Road,23:44
91019,Matunga Road,23:50
91021,Matunga Road,23:54
91023,Matunga Road,00:01
91027,Matunga Road,00:09
91029,Matunga Road,00:12
91031,Matunga Road,00:15
91003,Mahim Jn.,23:26
91007,Mahim Jn.,23:35
91011,Mahim Jn.,23:42
91015,Mahim Jn.,23:47
91019,Mahim Jn.,23:53
91021,Mahim Jn.,23:57
91023,Mahim Jn.,00:04
91027,Mahim Jn.,00:12
91029,Mahim Jn.,00:15
91031,Mahim Jn.,00:18
91003,BANDRA,23:30
92227,BANDRA,23:31
91007,BANDRA,23:39
91009,BANDRA,23:34
91011,BANDRA,23:46
91015,BANDRA,23:51
91017,BANDRA,23:46
91019,BANDRA,23:57
91021,BANDRA,00:02
91023,BANDRA,00:08
91025,BANDRA,00:02
91027,BANDRA,00:16
91029,BANDRA,00:19
91031,BANDRA,00:22
91007,Khar Road,23:42
91011,Khar Road,23:49
91015,Khar Road,23:54
91019,Khar Road,00:01
91023,Khar Road,00:11
91027,Khar Road,00:19
91029,Khar Road,00:22
91031,Khar Road,00:26
91007,Santa Cruz,23:44
91011,Santa Cruz,23:51
91015,Santa Cruz,23:56
91019,Santa Cruz,00:04
91023,Santa Cruz,00:14
91027,Santa Cruz,00:21
91029,Santa Cruz,00:24
91031,Santa Cruz,00:28
91007,Vile Parle,23:47
91011,Vile Parle,23:54
91015,Vile Parle,23:59
91019,Vile Parle,00:07
91023,Vile Parle,00:17
91027,Vile Parle,00:24
91029,Vile Parle,00:27
91031,Vile Parle,00:31
92227,ANDHERI,23:40
91007,ANDHERI,23:52
91009,ANDHERI,23:43
91011,ANDHERI,23:59
94105,ANDHERI,23:55
91015,ANDHERI,00:05
91017,ANDHERI,23:56
91019,ANDHERI,00:14
91023,ANDHERI,00:22
91025,ANDHERI,00:11
91027,ANDHERI,00:30
91029,ANDHERI,00:33
91031,ANDHERI,00:37
91007,Jogeshwari,23:55
91009,Jogeshwari,23:47
91011,Jogeshwari,00:02
91015,Jogeshwari,00:08
91017,Jogeshwari,00:00
91019,Jogeshwari,00:17
91023,Jogeshwari,00:25
91025,Jogeshwari,00:14
91027,Jogeshwari,00:33
91029,Jogeshwari,00:36
91031,Jogeshwari,00:40
91007,Ram Mandir,23:58
91011,Ram Mandir,00:05
91015,Ram Mandir,00:11
91019,Ram Mandir,00:20
91023,Ram Mandir,00:28
91027,Ram Mandir,00:36
91029,Ram Mandir,00:39
91031,Ram Mandir,00:43
91007,Goregaon,00:00
91009,Goregaon,23:52
91011,Goregaon,00:07
91015,Goregaon,00:13
91017,Goregaon,00:05
91019,Goregaon,00:23
91023,Goregaon,00:30
91025,Goregaon,00:19
91027,Goregaon,00:38
91029,Goregaon,00:45
91031,Goregaon,00:45
91007,Malad,00:04
91009,Malad,23:56
91011,Malad,00:11
91015,Malad,00:17
91017,Malad,00:09
91019,Malad,00:27
91023,Malad,00:34
91025,Malad,00:23
91027,Malad,00:42
91031,Malad,00:49
91007,Kandivli,00:07
91009,Kandivli,23:59
91011,Kandivli,00:14
91015,Kandivli,00:20
91017,Kandivli,00:12
91019,Kandivli,00:30
91023,Kandivli,00:37
91025,Kandivli,00:26
91027,Kandivli,00:45
91031,Kandivli,00:52
92227,BORIVALI,23:52
91007,BORIVALI,00:13
91009,BORIVALI,00:05
91011,BORIVALI,00:21
94105,BORIVALI,00:10
91015,BORIVALI,00:25
91017,BORIVALI,00:18
91019,BORIVALI,00:35
91023,BORIVALI,00:43
91025,BORIVALI,00:31
91027,BORIVALI,00:51
91031,BORIVALI,00:59
92227,Dahisar,23:57
91007,Dahisar,00:17
91009,Dahisar,00:09
94105,Dahisar,00:13
91015,Dahisar,00:28
91017,Dahisar,00:21
91019,Dahisar,00:39
91023,Dahisar,00:47
91025,Dahisar,00:35
91027,Dahisar,00:55
92227,Mira Road,00:02
91007,Mira Road,00:22
91009,Mira Road,00:14
94105,Mira Road,00:18
91015,Mira Road,00:33
91017,Mira Road,00:26
91019,Mira Road,00:44
91023,Mira Road,00:52
91025,Mira Road,00:40
91027,Mira Road,01:00
92227,Bhayandar,00:07
91007,Bhayandar,00:28
91009,Bhayandar,00:20
94105,Bhayandar,00:25
91015,Bhayandar,00:40
91017,Bhayandar,00:31
91019,Bhayandar,00:50
91023,Bhayandar,01:00
91025,Bhayandar,00:45
91027,Bhayandar,01:05
92227,Naigaon,00:13
91017,Naigaon,00:37
91025,Naigaon,00:51
91027,Naigaon,01:11
92227,Vasai Road,00:18
91017,Vasai Road,00:42
91025,Vasai Road,00:56
91027,Vasai Road,01:16
92227,Nalla Sopara,00:23
91017,Nalla Sopara,00:47
91025,Nalla Sopara,01:01
91027,Nalla Sopara,01:20
92227,VIRAR,00:30
91017,VIRAR,00:53
91025,VIRAR,01:08
