train_number,station,time
90006,VIRAR,03:25
90018,VIRAR,03:40
90006,Nalla Sopara,03:31
90012,Nalla Sopara,03:40
90018,Nalla Sopara,03:46
94002,Nalla Sopara,04:00
90006,VASAI ROAD,03:36
90012,VASAI ROAD,03:46
90018,VASAI ROAD,03:51
94002,VASAI ROAD,04:06
90006,Naigaon,03:41
90012,Naigaon,03:50
90018,Naigaon,03:56
94002,Naigaon,04:11
90006,BHAYANDAR,03:47
90012,BHAYANDAR,03:56
90018,BHAYANDAR,04:02
90020,BHAYANDAR,04:10
94002,BHAYANDAR,04:16
90006,Mira Road,03:52
90012,Mira Road,04:01
90018,Mira Road,04:07
90020,Mira Road,04:16
94002,Mira Road,04:21
90006,Dahisar,03:56
90012,Dahisar,04:05
90018,Dahisar,04:11
90020,Dahisar,04:20
94002,Dahisar,04:25
90004,BORIVALI,03:50
90006,BORIVALI,04:00
90008,BORIVALI,04:05
90010,BORIVALI,04:10
90012,BORIVALI,04:11
90014,BORIVALI,04:15
90016,BORIVALI,04:20
90018,BORIVALI,04:16
90020,BORIVALI,04:25
90022,BORIVALI,04:25
94002,BORIVALI,04:29
94004,BORIVALI,04:31
90004,Kandivali,03:55
90006,Kandivali,04:04
90008,Kandivali,04:11
90010,Kandivali,04:16
90014,Kandivali,04:20
90016,Kandivali,04:25
90022,Kandivali,04:31
94004,Kandivali,04:36
90004,Malad,03:58
90006,Malad,04:07
90008,Malad,04:14
90010,Malad,04:19
90014,Malad,04:23
90016,Malad,04:28
90022,Malad,04:34
94004,Malad,04:39
90004,Goregaon,04:01
90006,Goregaon,04:10
90008,Goregaon,04:17
90010,Goregaon,04:22
90014,Goregaon,04:26
90016,Goregaon,04:31
90022,Goregaon,04:37
94004,Goregaon,04:42
90004,Ram Mandir,04:03
90006,Ram Mandir,04:12
90008,Ram Mandir,04:19
90010,Ram Mandir,04:24
90014,Ram Mandir,04:28
90016,Ram Mandir,04:33
90022,Ram Mandir,04:39
94004,Ram Mandir,04:44
90004,Jogeshwari,04:06
90006,Jogeshwari,04:15
90008,Jogeshwari,04:22
90010,Jogeshwari,04:27
90014,Jogeshwari,04:31
90016,Jogeshwari,04:36
90022,Jogeshwari,04:42
94004,Jogeshwari,04:47
90002,ANDHERI,04:05
90004,ANDHERI,04:11
90006,ANDHERI,04:20
90008,ANDHERI,04:27
90010,ANDHERI,04:32
90014,ANDHERI,04:36
90016,ANDHERI,04:41
90018,ANDHERI,04:31
90020,ANDHERI,04:39
90022,ANDHERI,04:46
94004,ANDHERI,04:51
90002,Vile Parle,04:09
90004,Vile Parle,04:14
90006,Vile Parle,04:23
90008,Vile Parle,04:30
90010,Vile Parle,04:35
90014,Vile Parle,04:39
90016,Vile Parle,04:44
90022,Vile Parle,04:49
94004,Vile Parle,04:55
90002,Santa Cruz,04:12
90004,Santa Cruz,04:17
90006,Santa Cruz,04:26
90008,Santa Cruz,04:33
90010,Santa Cruz,04:38
90014,Santa Cruz,04:42
90016,Santa Cruz,04:47
90022,Santa Cruz,04:52
94004,Santa Cruz,04:58
90002,Khar Road,04:15
90004,Khar Road,04:20
90006,Khar Road,04:29
90008,Khar Road,04:36
90010,Khar Road,04:41
90014,Khar Road,04:45
90016,Khar Road,04:50
90022,Khar Road,04:55
94004,Khar Road,05:01
90002,BANDRA,04:19
90004,BANDRA,04:24
90006,BANDRA,04:33
90008,BANDRA,04:40
90010,BANDRA,04:45
90014,BANDRA,04:49
90016,BANDRA,04:54
90018,BANDRA,04:41
90020,BANDRA,04:48
90022,BANDRA,04:59
94004,BANDRA,05:05
90002,Mahim Jn.,04:22
90004,Mahim Jn.,04:27
90006,Mahim Jn.,04:36
90008,Mahim Jn.,04:43
90010,Mahim Jn.,04:48
90014,Mahim Jn.,04:52
90016,Mahim Jn.,04:57
90022,Mahim Jn.,05:02
94004,Mahim Jn.,05:08
90002,Matunga Road,04:25
90004,Matunga Road,04:30
90006,Matunga Road,04:39
90008,Matunga Road,04:46
90010,Matunga Road,04:51
90014,Matunga Road,04:55
90016,Matunga Road,05:00
90022,Matunga Road,05:05
94004,Matunga Road,05:11
90002,DADAR,04:28
90004,DADAR,04:33
90006,DADAR,04:42
90008,DADAR,04:49
90010,DADAR,04:54
90014,DADAR,04:58
90016,DADAR,05:03
90018,DADAR,04:47
90020,DADAR,04:54
90022,DADAR,05:08
94004,DADAR,05:14
90002,Prabhadevi,04:31
90004,Prabhadevi,04:36
90006,Prabhadevi,04:45
90008,Prabhadevi,04:52
90010,Prabhadevi,04:57
90014,Prabhadevi,05:01
90016,Prabhadevi,05:06
90022,Prabhadevi,05:11
94004,Prabhadevi,05:17
90002,Lower Parel,04:34
90004,Lower Parel,04:39
90006,Lower Parel,04:48
90008,Lower Parel,04:55
90010,Lower Parel,05:00
90014,Lower Parel,05:04
90016,Lower Parel,05:09
90022,Lower Parel,05:14
94004,Lower Parel,05:20
90002,Mahalakshmi,04:37
90004,Mahalakshmi,04:42
90006,Mahalakshmi,04:51
90008,Mahalakshmi,04:58
90010,Mahalakshmi,05:03
90014,Mahalakshmi,05:07
90016,Mahalakshmi,05:12
90022,Mahalakshmi,05:17
94004,Mahalakshmi,05:23
90002,M'BAI CENTRAL(L),04:40
90004,M'BAI CENTRAL(L),04:45
90006,M'BAI CENTRAL(L),04:54
90008,M'BAI CENTRAL(L),05:01
90010,M'BAI CENTRAL(L),05:06
90014,M'BAI CENTRAL(L),05:10
90016,M'BAI CENTRAL(L),05:15
90018,M'BAI CENTRAL(L),04:55
90020,M'BAI CENTRAL(L),05:01
90022,M'BAI CENTRAL(L),05:20
94004,M'BAI CENTRAL(L),05:26
90002,Grant Road,04:42
90004,Grant Road,04:47
90006,Grant Road,04:56
90008,Grant Road,05:03
90010,Grant Road,05:08
90014,Grant Road,05:12
90016,Grant Road,05:17
90018,Grant Road,04:57
90020,Grant Road,05:03
90022,Grant Road,05:22
94004,Grant Road,05:28
90002,Charni Road,04:44
90004,Charni Road,04:49
90006,Charni Road,04:58
90008,Charni Road,05:05
90010,Charni Road,05:10
90014,Charni Road,05:14
90016,Charni Road,05:19
90018,Charni Road,04:59
90020,Charni Road,05:05
90022,Charni Road,05:24
94004,Charni Road,05:30
90002,Marine Lines,04:47
90004,Marine Lines,04:52
90006,Marine Lines,05:01
90008,Marine Lines,05:08
90010,Marine Lines,05:13
90014,Marine Lines,05:17
90016,Marine Lines,05:22
90018,Marine Lines,05:02
90020,Marine Lines,05:08
90022,Marine Lines,05:27
94004,Marine Lines,05:33
90002,CHURCHGATE,04:50
90004,CHURCHGATE,04:56
90006,CHURCHGATE,05:05
90008,CHURCHGATE,05:12
90010,CHURCHGATE,05:16
90014,CHURCHGATE,05:21
90016,CHURCHGATE,05:25
90018,CHURCHGATE,05:08
90020,CHURCHGATE,05:14
90022,CHURCHGATE,05:30
94004,CHURCHGATE,05:36
90028,VIRAR,04:00
92002,VIRAR,04:00
90038,VIRAR,04:20
90028,Nalla Sopara,04:06
90038,Nalla Sopara,04:26
92212,Nalla Sopara,04:35
90028,VASAI ROAD,04:11
92002,VASAI ROAD,04:10
90038,VASAI ROAD,04:31
92212,VASAI ROAD,04:41
90028,Naigaon,04:15
90038,Naigaon,04:35
92212,Naigaon,04:46
90028,BHAYANDAR,04:21
92002,BHAYANDAR,04:18
92228,BHAYANDAR,04:30
90038,BHAYANDAR,04:41
90042,BHAYANDAR,04:45
92212,BHAYANDAR,04:52
90050,BHAYANDAR,04:55
90028,Mira Road,04:26
92228,Mira Road,04:36
90038,Mira Road,04:46
90042,Mira Road,04:51
92212,Mira Road,04:57
90050,Mira Road,05:01
90028,Dahisar,04:30
92228,Dahisar,04:40
90038,Dahisar,04:51
90042,Dahisar,04:55
92212,Dahisar,05:01
90050,Dahisar,05:05
90028,BORIVALI,04:35
90030,BORIVALI,04:38
90032,BORIVALI,04:42
92002,BORIVALI,04:28
92228,BORIVALI,04:45
90036,BORIVALI,04:53
90038,BORIVALI,04:56
90040,BORIVALI,04:58
90042,BORIVALI,05:00
92212,BORIVALI,05:06
90048,BORIVALI,05:05
90050,BORIVALI,05:10
90030,Kandivali,04:43
90032,Kandivali,04:48
90036,Kandivali,04:59
90040,Kandivali,05:04
90048,Kandivali,05:11
90050,Kandivali,05:14
90030,Malad,04:46
90032,Malad,04:51
90036,Malad,05:02
90040,Malad,05:07
90048,Malad,05:14
90050,Malad,05:17
90030,Goregaon,04:49
90032,Goregaon,04:54
90036,Goregaon,05:05
90040,Goregaon,05:10
94110,Goregaon,05:14
90048,Goregaon,05:17
90050,Goregaon,05:20
90030,Ram Mandir,04:51
90032,Ram Mandir,04:56
90036,Ram Mandir,05:07
90040,Ram Mandir,05:12
94110,Ram Mandir,05:17
90048,Ram Mandir,05:19
90050,Ram Mandir,05:22
90030,Jogeshwari,04:54
90032,Jogeshwari,04:59
90036,Jogeshwari,05:10
90040,Jogeshwari,05:15
94110,Jogeshwari,05:19
90048,Jogeshwari,05:22
90050,Jogeshwari,05:25
90030,ANDHERI,05:00
90032,ANDHERI,05:04
92002,ANDHERI,04:43
92228,ANDHERI,04:59
90036,ANDHERI,05:15
90038,ANDHERI,05:09
90040,ANDHERI,05:20
90042,ANDHERI,05:13
94110,ANDHERI,05:24
92212,ANDHERI,05:20
90048,ANDHERI,05:26
90050,ANDHERI,05:30
90030,Vile Parle,05:03
90032,Vile Parle,05:08
90036,Vile Parle,05:19
90040,Vile Parle,05:24
94110,Vile Parle,05:27
90048,Vile Parle,05:30
90050,Vile Parle,05:33
90030,Santa Cruz,05:06
90032,Santa Cruz,05:11
90036,Santa Cruz,05:22
90040,Santa Cruz,05:27
94110,Santa Cruz,05:30
90048,Santa Cruz,05:33
90050,Santa Cruz,05:36
90030,Khar Road,05:09
90032,Khar Road,05:14
90036,Khar Road,05:25
90040,Khar Road,05:30
94110,Khar Road,05:33
90048,Khar Road,05:36
90050,Khar Road,05:39
90030,BANDRA,05:13
90032,BANDRA,05:18
92002,BANDRA,04:53
92228,BANDRA,05:08
90036,BANDRA,05:29
90038,BANDRA,05:18
90040,BANDRA,05:34
90042,BANDRA,05:22
94110,BANDRA,05:37
92212,BANDRA,05:30
90048,BANDRA,05:40
90050,BANDRA,05:44
90030,Mahim Jn.,05:16
90032,Mahim Jn.,05:21
90036,Mahim Jn.,05:32
90040,Mahim Jn.,05:37
94110,Mahim Jn.,05:40
90048,Mahim Jn.,05:43
90050,Mahim Jn.,05:47
90030,Matunga Road,05:19
90032,Matunga Road,05:24
90036,Matunga Road,05:35
90040,Matunga Road,05:40
94110,Matunga Road,05:43
90048,Matunga Road,05:46
90050,Matunga Road,05:50
90030,DADAR,05:22
90032,DADAR,05:27
92002,DADAR,05:02
92228,DADAR,05:14
90036,DADAR,05:38
90038,DADAR,05:24
90040,DADAR,05:43
90042,DADAR,05:28
94110,DADAR,05:46
92212,DADAR,05:36
90048,DADAR,05:49
90050,DADAR,05:53
90030,Prabhadevi,05:25
90032,Prabhadevi,05:30
90036,Prabhadevi,05:41
90040,Prabhadevi,05:46
94110,Prabhadevi,05:49
90048,Prabhadevi,05:53
90050,Prabhadevi,05:56
90030,Lower Parel,05:28
90032,Lower Parel,05:33
90036,Lower Parel,05:44
90040,Lower Parel,05:49
94110,Lower Parel,05:52
90048,Lower Parel,05:56
90050,Lower Parel,05:59
90030,Mahalakshmi,05:31
90032,Mahalakshmi,05:36
90036,Mahalakshmi,05:47
90040,Mahalakshmi,05:52
94110,Mahalakshmi,05:55
90048,Mahalakshmi,05:59
90050,Mahalakshmi,06:02
90030,M'BAI CENTRAL(L),05:34
90032,M'BAI CENTRAL(L),05:39
92228,M'BAI CENTRAL(L),05:21
90036,M'BAI CENTRAL(L),05:50
90038,M'BAI CENTRAL(L),05:31
90040,M'BAI CENTRAL(L),05:55
90042,M'BAI CENTRAL(L),05:35
94110,M'BAI CENTRAL(L),05:58
92212,M'BAI CENTRAL(L),05:43
90048,M'BAI CENTRAL(L),06:02
90050,M'BAI CENTRAL(L),06:06
90030,Grant Road,05:36
90032,Grant Road,05:41
90036,Grant Road,05:52
90038,Grant Road,05:33
90040,Grant Road,05:57
90042,Grant Road,05:37
94110,Grant Road,06:00
90048,Grant Road,06:04
90050,Grant Road,06:08
90030,Charni Road,05:38
90032,Charni Road,05:43
90036,Charni Road,05:54
90038,Charni Road,05:35
90040,Charni Road,05:59
90042,Charni Road,05:39
94110,Charni Road,06:02
90048,Charni Road,06:06
90050,Charni Road,06:10
90030,Marine Lines,05:41
90032,Marine Lines,05:46
90036,Marine Lines,05:57
90038,Marine Lines,05:38
90040,Marine Lines,06:02
90042,Marine Lines,05:42
94110,Marine Lines,06:05
90048,Marine Lines,06:09
90050,Marine Lines,06:13
90030,CHURCHGATE,05:44
90032,CHURCHGATE,05:49
92228,CHURCHGATE,05:32
90036,CHURCHGATE,06:00
90038,CHURCHGATE,05:42
90040,CHURCHGATE,06:06
90042,CHURCHGATE,05:46
94110,CHURCHGATE,06:10
92212,CHURCHGATE,05:55
90048,CHURCHGATE,06:14
90050,CHURCHGATE,06:17
90054,VIRAR,04:35
92004,VIRAR,04:50
92008,VIRAR,05:08
90054,Nalla Sopara,04:42
94006,Nalla Sopara,04:50
92004,Nalla Sopara,04:56
92006,Nalla Sopara,05:05
90054,VASAI ROAD,04:47
94006,VASAI ROAD,04:55
92004,VASAI ROAD,05:02
92006,VASAI ROAD,05:11
92008,VASAI ROAD,05:18
90054,Naigaon,04:51
94006,Naigaon,05:00
92004,Naigaon,05:07
92006,Naigaon,05:16
90054,BHAYANDAR,04:57
94006,BHAYANDAR,05:06
92004,BHAYANDAR,05:13
90058,BHAYANDAR,05:15
92006,BHAYANDAR,05:22
94134,BHAYANDAR,05:25
92008,BHAYANDAR,05:26
90054,Mira Road,05:02
94006,Mira Road,05:11
92004,Mira Road,05:18
90058,Mira Road,05:21
92006,Mira Road,05:27
94134,Mira Road,05:31
90054,Dahisar,05:06
94006,Dahisar,05:15
92004,Dahisar,05:22
90058,Dahisar,05:25
92006,Dahisar,05:31
94134,Dahisar,05:35
90054,BORIVALI,05:10
90056,BORIVALI,05:15
94006,BORIVALI,05:20
92004,BORIVALI,05:27
90058,BORIVALI,05:30
90060,BORIVALI,05:31
92006,BORIVALI,05:36
94134,BORIVALI,05:41
92008,BORIVALI,05:36
90064,BORIVALI,05:40
94122,BORIVALI,05:45
90056,Kandivali,05:21
94006,Kandivali,05:25
90058,Kandivali,05:35
90060,Kandivali,05:38
92006,Kandivali,05:41
90064,Kandivali,05:47
94122,Kandivali,05:51
90056,Malad,05:24
94006,Malad,05:28
90058,Malad,05:38
90060,Malad,05:41
92006,Malad,05:44
90064,Malad,05:50
94122,Malad,05:54
90056,Goregaon,05:27
94006,Goregaon,05:31
90058,Goregaon,05:41
90060,Goregaon,05:44
92006,Goregaon,05:47
90064,Goregaon,05:53
94122,Goregaon,05:57
90068,Goregaon,05:56
90056,Ram Mandir,05:29
94006,Ram Mandir,05:33
90058,Ram Mandir,05:43
90060,Ram Mandir,05:46
92006,Ram Mandir,05:49
90064,Ram Mandir,05:55
94122,Ram Mandir,05:59
90068,Ram Mandir,06:00
90056,Jogeshwari,05:32
94006,Jogeshwari,05:36
90058,Jogeshwari,05:46
90060,Jogeshwari,05:49
92006,Jogeshwari,05:52
90064,Jogeshwari,05:58
94122,Jogeshwari,06:02
90068,Jogeshwari,06:02
90052,ANDHERI,05:32
90054,ANDHERI,05:25
90056,ANDHERI,05:38
94006,ANDHERI,05:41
92004,ANDHERI,05:42
90058,ANDHERI,05:50
90060,ANDHERI,05:53
92006,ANDHERI,05:58
94134,ANDHERI,05:55
92008,ANDHERI,05:51
90064,ANDHERI,06:03
94122,ANDHERI,06:06
90068,ANDHERI,06:06
90052,Vile Parle,05:37
90056,Vile Parle,05:41
94006,Vile Parle,05:44
90058,Vile Parle,05:53
90060,Vile Parle,05:56
90064,Vile Parle,06:06
94122,Vile Parle,06:09
90068,Vile Parle,06:10
90052,Santa Cruz,05:40
90056,Santa Cruz,05:44
94006,Santa Cruz,05:47
90058,Santa Cruz,05:56
90060,Santa Cruz,05:59
90064,Santa Cruz,06:09
94122,Santa Cruz,06:12
90068,Santa Cruz,06:13
90052,Khar Road,05:43
90056,Khar Road,05:47
94006,Khar Road,05:50
90058,Khar Road,05:59
90060,Khar Road,06:02
90064,Khar Road,06:12
94122,Khar Road,06:15
90068,Khar Road,06:16
90052,BANDRA,05:48
90054,BANDRA,05:35
90056,BANDRA,05:51
94006,BANDRA,05:54
92004,BANDRA,05:52
90058,BANDRA,06:03
90060,BANDRA,06:06
94134,BANDRA,06:05
92008,BANDRA,06:01
90064,BANDRA,06:16
94122,BANDRA,06:19
90068,BANDRA,06:22
90052,Mahim Jn.,05:51
90056,Mahim Jn.,05:54
94006,Mahim Jn.,05:57
90058,Mahim Jn.,06:06
90060,Mahim Jn.,06:09
90064,Mahim Jn.,06:19
94122,Mahim Jn.,06:22
90068,Mahim Jn.,06:25
90052,Matunga Road,05:54
90056,Matunga Road,05:57
94006,Matunga Road,06:00
90058,Matunga Road,06:09
90060,Matunga Road,06:12
90064,Matunga Road,06:22
94122,Matunga Road,06:25
90068,Matunga Road,06:28
90052,DADAR,05:57
90054,DADAR,05:41
90056,DADAR,06:00
94006,DADAR,06:03
92004,DADAR,06:00
90058,DADAR,06:13
90060,DADAR,06:16
94134,DADAR,06:11
92008,DADAR,06:08
90064,DADAR,06:26
94122,DADAR,06:29
90068,DADAR,06:32
90052,Prabhadevi,06:00
90056,Prabhadevi,06:03
94006,Prabhadevi,06:06
90058,Prabhadevi,06:15
90060,Prabhadevi,06:18
90064,Prabhadevi,06:28
94122,Prabhadevi,06:31
90068,Prabhadevi,06:34
90052,Lower Parel,06:03
90056,Lower Parel,06:06
94006,Lower Parel,06:09
90058,Lower Parel,06:18
90060,Lower Parel,06:21
90064,Lower Parel,06:31
94122,Lower Parel,06:34
90068,Lower Parel,06:37
90052,Mahalakshmi,06:06
90056,Mahalakshmi,06:09
94006,Mahalakshmi,06:12
90058,Mahalakshmi,06:21
90060,Mahalakshmi,06:24
90064,Mahalakshmi,06:34
94122,Mahalakshmi,06:37
90068,Mahalakshmi,06:40
90052,M'BAI CENTRAL(L),06:10
90054,M'BAI CENTRAL(L),05:48
90056,M'BAI CENTRAL(L),06:12
94006,M'BAI CENTRAL(L),06:15
92004,M'BAI CENTRAL(L),06:10
90058,M'BAI CENTRAL(L),06:24
90060,M'BAI CENTRAL(L),06:27
94134,M'BAI CENTRAL(L),06:18
92008,M'BAI CENTRAL(L),06:15
90064,M'BAI CENTRAL(L),06:37
94122,M'BAI CENTRAL(L),06:40
90068,M'BAI CENTRAL(L),06:43
90052,Grant Road,06:12
90054,Grant Road,05:50
90056,Grant Road,06:14
94006,Grant Road,06:17
90058,Grant Road,06:26
90060,Grant Road,06:29
94134,Grant Road,06:20
90064,Grant Road,06:39
94122,Grant Road,06:42
90068,Grant Road,06:45
90052,Charni Road,06:14
90054,Charni Road,05:52
90056,Charni Road,06:16
94006,Charni Road,06:19
90058,Charni Road,06:28
90060,Charni Road,06:31
94134,Charni Road,06:22
90064,Charni Road,06:41
94122,Charni Road,06:44
90068,Charni Road,06:47
90052,Marine Lines,06:17
90054,Marine Lines,05:55
90056,Marine Lines,06:19
94006,Marine Lines,06:22
90058,Marine Lines,06:31
90060,Marine Lines,06:34
94134,Marine Lines,06:25
90064,Marine Lines,06:44
94122,Marine Lines,06:47
90068,Marine Lines,06:50
90052,CHURCHGATE,06:21
90054,CHURCHGATE,06:03
90056,CHURCHGATE,06:24
94006,CHURCHGATE,06:29
92004,CHURCHGATE,06:19
90058,CHURCHGATE,06:34
90060,CHURCHGATE,06:37
94134,CHURCHGATE,06:30
92008,CHURCHGATE,06:25
90064,CHURCHGATE,06:47
94122,CHURCHGATE,06:51
90068,CHURCHGATE,06:54
90070,VIRAR,05:11
90074,VIRAR,05:28
92012,VIRAR,05:25
90084,VIRAR,05:30
92014,VIRAR,05:34
90070,Nalla Sopara,05:18
92010,Nalla Sopara,05:24
92012,Nalla Sopara,05:31
90084,Nalla Sopara,05:36
92014,Nalla Sopara,05:40
90070,VASAI ROAD,05:23
90074,VASAI ROAD,05:37
92010,VASAI ROAD,05:30
92012,VASAI ROAD,05:36
90084,VASAI ROAD,05:41
92014,VASAI ROAD,05:45
90070,Naigaon,05:28
92010,Naigaon,05:36
92012,Naigaon,05:41
90084,Naigaon,05:46
92014,Naigaon,05:50
90070,BHAYANDAR,05:34
90072,BHAYANDAR,05:38
90074,BHAYANDAR,05:45
92010,BHAYANDAR,05:42
92012,BHAYANDAR,05:47
90084,BHAYANDAR,05:52
92014,BHAYANDAR,05:56
90070,Mira Road,05:39
90072,Mira Road,05:44
92010,Mira Road,05:47
92012,Mira Road,05:53
90084,Mira Road,05:58
92014,Mira Road,06:01
90070,Dahisar,05:43
90072,Dahisar,05:48
92010,Dahisar,05:52
92012,Dahisar,05:57
90084,Dahisar,06:04
92014,Dahisar,06:05
90070,BORIVALI,05:49
90072,BORIVALI,05:52
90074,BORIVALI,05:56
90076,BORIVALI,05:54
90078,BORIVALI,05:57
92010,BORIVALI,05:58
92012,BORIVALI,06:02
90080,BORIVALI,06:04
90082,BORIVALI,06:07
90084,BORIVALI,06:09
92014,BORIVALI,06:11
90072,Kandivali,05:57
90076,Kandivali,06:00
90078,Kandivali,06:03
92010,Kandivali,06:06
90080,Kandivali,06:09
90082,Kandivali,06:12
90084,Kandivali,06:15
90072,Malad,06:00
90076,Malad,06:03
90078,Malad,06:06
92010,Malad,06:09
90080,Malad,06:12
90082,Malad,06:15
90084,Malad,06:18
90072,Goregaon,06:03
90076,Goregaon,06:06
90078,Goregaon,06:09
92010,Goregaon,06:12
90080,Goregaon,06:15
90082,Goregaon,06:18
90084,Goregaon,06:21
90088,Goregaon,06:23
90072,Ram Mandir,06:05
90076,Ram Mandir,06:08
90078,Ram Mandir,06:11
92010,Ram Mandir,06:14
90080,Ram Mandir,06:17
90082,Ram Mandir,06:20
90084,Ram Mandir,06:23
90088,Ram Mandir,06:26
90072,Jogeshwari,06:08
90076,Jogeshwari,06:11
90078,Jogeshwari,06:14
92010,Jogeshwari,06:17
90080,Jogeshwari,06:20
90082,Jogeshwari,06:23
90084,Jogeshwari,06:26
90088,Jogeshwari,06:29
90070,ANDHERI,06:03
90072,ANDHERI,06:13
90074,ANDHERI,06:11
90076,ANDHERI,06:16
90078,ANDHERI,06:19
92010,ANDHERI,06:23
92012,ANDHERI,06:15
90080,ANDHERI,06:26
90082,ANDHERI,06:29
90084,ANDHERI,06:31
90086,ANDHERI,06:33
90088,ANDHERI,06:33
90072,Vile Parle,06:17
90076,Vile Parle,06:20
90078,Vile Parle,06:23
90080,Vile Parle,06:29
90082,Vile Parle,06:32
90086,Vile Parle,06:36
90088,Vile Parle,06:37
90072,Santa Cruz,06:20
90076,Santa Cruz,06:23
90078,Santa Cruz,06:26
90080,Santa Cruz,06:32
90082,Santa Cruz,06:35
90086,Santa Cruz,06:39
90088,Santa Cruz,06:40
90072,Khar Road,06:23
90076,Khar Road,06:26
90078,Khar Road,06:29
90080,Khar Road,06:35
90082,Khar Road,06:38
90086,Khar Road,06:42
90088,Khar Road,06:43
90070,BANDRA,06:12
90072,BANDRA,06:27
90074,BANDRA,06:21
90076,BANDRA,06:31
90078,BANDRA,06:34
92012,BANDRA,06:24
90080,BANDRA,06:40
90082,BANDRA,06:43
90086,BANDRA,06:46
90088,BANDRA,06:49
90072,Mahim Jn.,06:30
90076,Mahim Jn.,06:34
90078,Mahim Jn.,06:37
90080,Mahim Jn.,06:43
90082,Mahim Jn.,06:46
90086,Mahim Jn.,06:49
90088,Mahim Jn.,06:52
90072,Matunga Road,06:33
90076,Matunga Road,06:37
90078,Matunga Road,06:40
90080,Matunga Road,06:46
90082,Matunga Road,06:49
90086,Matunga Road,06:52
90088,Matunga Road,06:55
90070,DADAR,06:18
90072,DADAR,06:37
90074,DADAR,06:27
90076,DADAR,06:41
90078,DADAR,06:44
92012,DADAR,06:30
90080,DADAR,06:50
90082,DADAR,06:53
90086,DADAR,06:56
90088,DADAR,06:59
90072,Prabhadevi,06:39
90076,Prabhadevi,06:43
90078,Prabhadevi,06:46
90080,Prabhadevi,06:52
90082,Prabhadevi,06:55
90086,Prabhadevi,06:58
90088,Prabhadevi,07:01
90072,Lower Parel,06:42
90076,Lower Parel,06:46
90078,Lower Parel,06:49
90080,Lower Parel,06:55
90082,Lower Parel,06:58
90086,Lower Parel,07:01
90088,Lower Parel,07:04
90072,Mahalakshmi,06:45
90076,Mahalakshmi,06:49
90078,Mahalakshmi,06:52
90080,Mahalakshmi,06:58
90082,Mahalakshmi,07:01
90086,Mahalakshmi,07:04
90088,Mahalakshmi,07:07
90070,M'BAI CENTRAL(L),06:25
90072,M'BAI CENTRAL(L),06:48
90074,M'BAI CENTRAL(L),06:34
90076,M'BAI CENTRAL(L),06:52
90078,M'BAI CENTRAL(L),06:55
92012,M'BAI CENTRAL(L),06:38
90080,M'BAI CENTRAL(L),07:01
90082,M'BAI CENTRAL(L),07:04
90086,M'BAI CENTRAL(L),07:07
90088,M'BAI CENTRAL(L),07:10
90070,Grant Road,06:27
90072,Grant Road,06:50
90074,Grant Road,06:36
90076,Grant Road,06:54
90078,Grant Road,06:57
90080,Grant Road,07:03
90082,Grant Road,07:06
90086,Grant Road,07:09
90088,Grant Road,07:12
90070,Charni Road,06:29
90072,Charni Road,06:52
90074,Charni Road,06:38
90076,Charni Road,06:56
90078,Charni Road,06:59
90080,Charni Road,07:05
90082,Charni Road,07:08
90086,Charni Road,07:11
90088,Charni Road,07:14
90070,Marine Lines,06:32
90072,Marine Lines,06:55
90074,Marine Lines,06:41
90076,Marine Lines,06:59
90078,Marine Lines,07:02
90080,Marine Lines,07:08
90082,Marine Lines,07:11
90086,Marine Lines,07:14
90088,Marine Lines,07:17
90070,CHURCHGATE,06:38
90072,CHURCHGATE,06:59
90074,CHURCHGATE,06:45
90076,CHURCHGATE,07:02
90078,CHURCHGATE,07:06
92012,CHURCHGATE,06:52
90080,CHURCHGATE,07:11
90082,CHURCHGATE,07:14
90086,CHURCHGATE,07:19
90088,CHURCHGATE,07:22
90098,VIRAR,05:39
93002,VIRAR,05:47
90106,VIRAR,05:50
92016,VIRAR,05:53
94008,VIRAR,05:57
90098,Nalla Sopara,05:45
90106,Nalla Sopara,05:56
92016,Nalla Sopara,06:00
94008,Nalla Sopara,06:03
90098,VASAI ROAD,05:52
90102,VASAI ROAD,05:56
93002,VASAI ROAD,05:57
90106,VASAI ROAD,06:01
92016,VASAI ROAD,06:05
94008,VASAI ROAD,06:08
90098,Naigaon,05:57
90102,Naigaon,06:02
90106,Naigaon,06:06
92016,Naigaon,06:10
94008,Naigaon,06:13
90098,BHAYANDAR,06:03
90102,BHAYANDAR,06:07
93002,BHAYANDAR,06:05
90106,BHAYANDAR,06:12
90108,BHAYANDAR,06:10
92016,BHAYANDAR,06:16
94008,BHAYANDAR,06:19
90098,Mira Road,06:08
90102,Mira Road,06:12
90106,Mira Road,06:17
90108,Mira Road,06:16
92016,Mira Road,06:22
94008,Mira Road,06:24
90098,Dahisar,06:12
90102,Dahisar,06:16
90106,Dahisar,06:21
90108,Dahisar,06:20
92016,Dahisar,06:26
94008,Dahisar,06:29
90090,BORIVALI,06:13
90100,BORIVALI,06:19
90102,BORIVALI,06:22
93002,BORIVALI,06:18
90104,BORIVALI,06:21
90106,BORIVALI,06:25
90108,BORIVALI,06:25
90110,BORIVALI,06:26
90112,BORIVALI,06:30
92016,BORIVALI,06:31
94008,BORIVALI,06:36
94010,BORIVALI,06:36
90090,Kandivali,06:20
90100,Kandivali,06:25
90104,Kandivali,06:28
90108,Kandivali,06:31
90110,Kandivali,06:34
90112,Kandivali,06:38
94010,Kandivali,06:42
90090,Malad,06:23
90100,Malad,06:28
90104,Malad,06:31
90108,Malad,06:34
90110,Malad,06:37
90112,Malad,06:41
94010,Malad,06:45
90090,Goregaon,06:26
90100,Goregaon,06:31
90104,Goregaon,06:34
90108,Goregaon,06:37
90110,Goregaon,06:40
90112,Goregaon,06:44
94010,Goregaon,06:48
90090,Ram Mandir,06:28
90100,Ram Mandir,06:33
90108,Ram Mandir,06:39
90110,Ram Mandir,06:42
90112,Ram Mandir,06:46
90090,Jogeshwari,06:31
90100,Jogeshwari,06:36
90104,Jogeshwari,06:39
90108,Jogeshwari,06:42
90110,Jogeshwari,06:45
90112,Jogeshwari,06:49
94010,Jogeshwari,06:53
90090,ANDHERI,06:36
90098,ANDHERI,06:26
90100,ANDHERI,06:41
90102,ANDHERI,06:34
93002,ANDHERI,06:30
90104,ANDHERI,06:44
90106,ANDHERI,06:38
90108,ANDHERI,06:47
90110,ANDHERI,06:50
90112,ANDHERI,06:53
94008,ANDHERI,06:50
94010,ANDHERI,06:58
90090,Vile Parle,06:39
90100,Vile Parle,06:44
90108,Vile Parle,06:50
90110,Vile Parle,06:53
90112,Vile Parle,06:56
90090,Santa Cruz,06:42
90100,Santa Cruz,06:47
90108,Santa Cruz,06:53
90110,Santa Cruz,06:56
90112,Santa Cruz,06:59
90090,Khar Road,06:45
90100,Khar Road,06:50
90108,Khar Road,06:56
90110,Khar Road,06:59
90112,Khar Road,07:02
90090,BANDRA,06:52
90098,BANDRA,06:35
90100,BANDRA,06:56
90102,BANDRA,06:43
93002,BANDRA,06:38
90104,BANDRA,06:53
90106,BANDRA,06:47
90108,BANDRA,07:00
90110,BANDRA,07:03
90112,BANDRA,07:06
94008,BANDRA,06:59
94010,BANDRA,07:07
90090,Mahim Jn.,06:55
90100,Mahim Jn.,06:59
90108,Mahim Jn.,07:03
90110,Mahim Jn.,07:06
90112,Mahim Jn.,07:09
90090,Matunga Road,06:58
90100,Matunga Road,07:02
90108,Matunga Road,07:06
90110,Matunga Road,07:09
90112,Matunga Road,07:12
90090,DADAR,07:02
90098,DADAR,06:41
90100,DADAR,07:06
90102,DADAR,06:49
93002,DADAR,06:44
90104,DADAR,06:59
90106,DADAR,06:53
90108,DADAR,07:10
90110,DADAR,07:13
90112,DADAR,07:16
94008,DADAR,07:04
94010,DADAR,07:13
90090,Prabhadevi,07:04
90100,Prabhadevi,07:08
90108,Prabhadevi,07:12
90110,Prabhadevi,07:15
90112,Prabhadevi,07:18
90090,Lower Parel,07:07
90100,Lower Parel,07:11
90108,Lower Parel,07:15
90110,Lower Parel,07:18
90112,Lower Parel,07:21
90090,Mahalakshmi,07:10
90100,Mahalakshmi,07:14
90108,Mahalakshmi,07:18
90110,Mahalakshmi,07:21
90112,Mahalakshmi,07:24
90090,M'BAI CENTRAL(L),07:13
90098,M'BAI CENTRAL(L),06:48
90100,M'BAI CENTRAL(L),07:17
90102,M'BAI CENTRAL(L),06:56
93002,M'BAI CENTRAL(L),06:51
90104,M'BAI CENTRAL(L),07:06
90106,M'BAI CENTRAL(L),07:00
90108,M'BAI CENTRAL(L),07:21
90110,M'BAI CENTRAL(L),07:24
90112,M'BAI CENTRAL(L),07:27
94008,M'BAI CENTRAL(L),07:11
94010,M'BAI CENTRAL(L),07:20
90090,Grant Road,07:15
90098,Grant Road,06:50
90100,Grant Road,07:19
90102,Grant Road,06:58
93002,Grant Road,06:53
90104,Grant Road,07:08
90106,Grant Road,07:02
90108,Grant Road,07:23
90110,Grant Road,07:26
90112,Grant Road,07:29
94008,Grant Road,07:13
94010,Grant Road,07:22
90090,Charni Road,07:17
90098,Charni Road,06:52
90100,Charni Road,07:21
90102,Charni Road,07:00
93002,Charni Road,06:55
90104,Charni Road,07:10
90106,Charni Road,07:05
90108,Charni Road,07:25
90110,Charni Road,07:28
90112,Charni Road,07:31
94008,Charni Road,07:15
94010,Charni Road,07:24
90090,Marine Lines,07:20
90098,Marine Lines,06:55
90100,Marine Lines,07:24
90102,Marine Lines,07:03
93002,Marine Lines,06:58
90104,Marine Lines,07:13
90106,Marine Lines,07:08
90108,Marine Lines,07:28
90110,Marine Lines,07:31
90112,Marine Lines,07:34
94008,Marine Lines,07:18
94010,Marine Lines,07:27
90090,CHURCHGATE,07:25
90098,CHURCHGATE,07:02
90100,CHURCHGATE,07:30
90102,CHURCHGATE,07:08
93002,CHURCHGATE,07:05
90104,CHURCHGATE,07:17
90106,CHURCHGATE,07:12
90108,CHURCHGATE,07:33
90110,CHURCHGATE,07:36
90112,CHURCHGATE,07:39
94008,CHURCHGATE,07:22
94010,CHURCHGATE,07:32
92018,VIRAR,06:05
90120,VIRAR,06:03
90122,VIRAR,06:11
90130,VIRAR,06:17
92020,VIRAR,06:21
92018,Nalla Sopara,06:12
90120,Nalla Sopara,06:09
90122,Nalla Sopara,06:17
90130,Nalla Sopara,06:23
92020,Nalla Sopara,06:27
92018,VASAI ROAD,06:17
90120,VASAI ROAD,06:14
90122,VASAI ROAD,06:22
90130,VASAI ROAD,06:28
92020,VASAI ROAD,06:32
90120,Naigaon,06:18
90122,Naigaon,06:26
90130,Naigaon,06:33
92020,Naigaon,06:36
92018,BHAYANDAR,06:25
90120,BHAYANDAR,06:24
90122,BHAYANDAR,06:32
90130,BHAYANDAR,06:39
92020,BHAYANDAR,06:42
90120,Mira Road,06:29
90122,Mira Road,06:37
90130,Mira Road,06:44
92020,Mira Road,06:47
90120,Dahisar,06:33
90122,Dahisar,06:41
90130,Dahisar,06:48
92020,Dahisar,06:51
90116,BORIVALI,06:40
92018,BORIVALI,06:35
90120,BORIVALI,06:40
90122,BORIVALI,06:46
90124,BORIVALI,06:44
90126,BORIVALI,06:47
90128,BORIVALI,06:50
90130,BORIVALI,06:53
94012,BORIVALI,06:51
92020,BORIVALI,06:57
90140,BORIVALI,07:00
90116,Kandivali,06:46
90124,Kandivali,06:49
90126,Kandivali,06:52
90128,Kandivali,06:55
94012,Kandivali,06:58
90140,Kandivali,07:05
90116,Malad,06:49
90124,Malad,06:52
90126,Malad,06:55
90128,Malad,06:58
94012,Malad,07:01
90140,Malad,07:08
90116,Goregaon,06:52
90124,Goregaon,06:55
90126,Goregaon,06:58
90128,Goregaon,07:01
90132,Goregaon,07:00
94012,Goregaon,07:04
90138,Goregaon,07:07
90140,Goregaon,07:12
90116,Ram Mandir,06:54
90124,Ram Mandir,06:57
90126,Ram Mandir,07:00
90128,Ram Mandir,07:03
90132,Ram Mandir,07:04
90138,Ram Mandir,07:11
90140,Ram Mandir,07:14
90116,Jogeshwari,06:56
90124,Jogeshwari,07:00
90126,Jogeshwari,07:03
90128,Jogeshwari,07:06
90132,Jogeshwari,07:07
94012,Jogeshwari,07:09
90138,Jogeshwari,07:13
90140,Jogeshwari,07:17
90116,ANDHERI,07:01
92018,ANDHERI,06:52
90120,ANDHERI,06:54
90122,ANDHERI,07:02
90124,ANDHERI,07:04
90126,ANDHERI,07:07
90128,ANDHERI,07:10
90130,ANDHERI,07:07
90132,ANDHERI,07:12
94012,ANDHERI,07:14
90138,ANDHERI,07:16
90140,ANDHERI,07:22
90116,Vile Parle,07:04
90124,Vile Parle,07:07
90126,Vile Parle,07:10
90128,Vile Parle,07:13
90132,Vile Parle,07:16
90138,Vile Parle,07:20
90140,Vile Parle,07:25
90116,Santa Cruz,07:07
90124,Santa Cruz,07:10
90126,Santa Cruz,07:13
90128,Santa Cruz,07:17
90132,Santa Cruz,07:19
90138,Santa Cruz,07:23
90140,Santa Cruz,07:28
90116,Khar Road,07:10
90124,Khar Road,07:13
90126,Khar Road,07:16
90128,Khar Road,07:20
90132,Khar Road,07:22
90138,Khar Road,07:26
90140,Khar Road,07:31
90116,BANDRA,07:14
90120,BANDRA,07:04
90122,BANDRA,07:12
90124,BANDRA,07:17
90126,BANDRA,07:20
90128,BANDRA,07:24
90130,BANDRA,07:16
90132,BANDRA,07:27
94012,BANDRA,07:23
90138,BANDRA,07:31
90140,BANDRA,07:35
90116,Mahim Jn.,07:17
90124,Mahim Jn.,07:20
90126,Mahim Jn.,07:23
90128,Mahim Jn.,07:27
90132,Mahim Jn.,07:30
90138,Mahim Jn.,07:34
90140,Mahim Jn.,07:38
90116,Matunga Road,07:20
90124,Matunga Road,07:23
90126,Matunga Road,07:26
90128,Matunga Road,07:30
90132,Matunga Road,07:33
90138,Matunga Road,07:37
90140,Matunga Road,07:41
90116,DADAR,07:24
90120,DADAR,07:10
90122,DADAR,07:18
90124,DADAR,07:27
90126,DADAR,07:30
90128,DADAR,07:33
90130,DADAR,07:22
90132,DADAR,07:37
94012,DADAR,07:29
90138,DADAR,07:41
90140,DADAR,07:45
90116,Prabhadevi,07:26
90124,Prabhadevi,07:29
90126,Prabhadevi,07:32
90128,Prabhadevi,07:35
90132,Prabhadevi,07:39
90138,Prabhadevi,07:43
90140,Prabhadevi,07:47
90116,Lower Parel,07:29
90124,Lower Parel,07:32
90126,Lower Parel,07:35
90128,Lower Parel,07:38
90132,Lower Parel,07:42
90138,Lower Parel,07:46
90140,Lower Parel,07:50
90116,Mahalakshmi,07:32
90124,Mahalakshmi,07:35
90126,Mahalakshmi,07:38
90128,Mahalakshmi,07:41
90132,Mahalakshmi,07:45
90138,Mahalakshmi,07:49
90140,Mahalakshmi,07:53
90116,M'BAI CENTRAL(L),07:35
90120,M'BAI CENTRAL(L),07:18
90122,M'BAI CENTRAL(L),07:25
90124,M'BAI CENTRAL(L),07:38
90126,M'BAI CENTRAL(L),07:41
90128,M'BAI CENTRAL(L),07:44
90130,M'BAI CENTRAL(L),07:29
90132,M'BAI CENTRAL(L),07:48
94012,M'BAI CENTRAL(L),07:36
90138,M'BAI CENTRAL(L),07:52
90140,M'BAI CENTRAL(L),07:56
90116,Grant Road,07:37
90120,Grant Road,07:20
90122,Grant Road,07:27
90124,Grant Road,07:40
90126,Grant Road,07:43
90128,Grant Road,07:46
90130,Grant Road,07:31
90132,Grant Road,07:50
94012,Grant Road,07:38
90138,Grant Road,07:54
90140,Grant Road,07:58
90116,Charni Road,07:39
90120,Charni Road,07:22
90122,Charni Road,07:29
90124,Charni Road,07:42
90126,Charni Road,07:45
90128,Charni Road,07:48
90130,Charni Road,07:33
90132,Charni Road,07:52
94012,Charni Road,07:40
90138,Charni Road,07:56
90140,Charni Road,08:00
90116,Marine Lines,07:42
90120,Marine Lines,07:25
90122,Marine Lines,07:32
90124,Marine Lines,07:45
90126,Marine Lines,07:48
90128,Marine Lines,07:51
90130,Marine Lines,07:36
90132,Marine Lines,07:55
94012,Marine Lines,07:43
90138,Marine Lines,07:59
90140,Marine Lines,08:03
90116,CHURCHGATE,07:45
90120,CHURCHGATE,07:29
90122,CHURCHGATE,07:36
90124,CHURCHGATE,07:48
90126,CHURCHGATE,07:51
90128,CHURCHGATE,07:54
90130,CHURCHGATE,07:40
90132,CHURCHGATE,08:00
94012,CHURCHGATE,07:48
90138,CHURCHGATE,08:03
90140,CHURCHGATE,08:07
92024,VIRAR,06:30
90150,VIRAR,06:38
90152,VIRAR,06:44
90158,VIRAR,06:48
92022,Nalla Sopara,06:33
92024,Nalla Sopara,06:36
90150,Nalla Sopara,06:44
90152,Nalla Sopara,06:50
90158,Nalla Sopara,06:54
92022,VASAI ROAD,06:39
92024,VASAI ROAD,06:41
90146,VASAI ROAD,06:43
90150,VASAI ROAD,06:49
90152,VASAI ROAD,06:55
90158,VASAI ROAD,06:59
92022,Naigaon,06:43
92024,Naigaon,06:46
90146,Naigaon,06:49
90150,Naigaon,06:54
90152,Naigaon,07:00
90158,Naigaon,07:03
92022,BHAYANDAR,06:49
92024,BHAYANDAR,06:52
90146,BHAYANDAR,06:55
90150,BHAYANDAR,07:00
90152,BHAYANDAR,07:06
90158,BHAYANDAR,07:09
92022,Mira Road,06:54
92024,Mira Road,06:58
90146,Mira Road,07:01
90150,Mira Road,07:05
90152,Mira Road,07:11
90158,Mira Road,07:14
92022,Dahisar,06:58
92024,Dahisar,07:02
90146,Dahisar,07:05
90150,Dahisar,07:09
90152,Dahisar,07:15
90158,Dahisar,07:18
92022,BORIVALI,07:03
90142,BORIVALI,07:06
90144,BORIVALI,07:09
92024,BORIVALI,07:07
90146,BORIVALI,07:10
90148,BORIVALI,07:13
90150,BORIVALI,07:15
90152,BORIVALI,07:19
90154,BORIVALI,07:21
94112,BORIVALI,07:25
90158,BORIVALI,07:23
90162,BORIVALI,07:28
92022,Kandivali,07:08
90142,Kandivali,07:12
90144,Kandivali,07:15
90148,Kandivali,07:19
90152,Kandivali,07:23
90154,Kandivali,07:27
94112,Kandivali,07:31
90162,Kandivali,07:34
92022,Malad,07:11
90142,Malad,07:15
90144,Malad,07:18
90148,Malad,07:22
90152,Malad,07:26
90154,Malad,07:30
94112,Malad,07:34
90162,Malad,07:37
92022,Goregaon,07:15
90142,Goregaon,07:18
90144,Goregaon,07:21
90148,Goregaon,07:25
90152,Goregaon,07:29
90154,Goregaon,07:33
94112,Goregaon,07:37
90160,Goregaon,07:35
90162,Goregaon,07:40
92022,Ram Mandir,07:17
90142,Ram Mandir,07:20
90144,Ram Mandir,07:23
90152,Ram Mandir,07:31
90154,Ram Mandir,07:35
90160,Ram Mandir,07:38
90162,Ram Mandir,07:42
92022,Jogeshwari,07:20
90142,Jogeshwari,07:23
90144,Jogeshwari,07:26
90148,Jogeshwari,07:29
90152,Jogeshwari,07:34
90154,Jogeshwari,07:38
94112,Jogeshwari,07:41
90160,Jogeshwari,07:41
90162,Jogeshwari,07:45
92022,ANDHERI,07:26
90142,ANDHERI,07:28
90144,ANDHERI,07:31
92024,ANDHERI,07:20
90146,ANDHERI,07:23
90148,ANDHERI,07:34
90150,ANDHERI,07:29
90152,ANDHERI,07:39
90154,ANDHERI,07:42
94112,ANDHERI,07:45
90158,ANDHERI,07:37
90160,ANDHERI,07:45
90162,ANDHERI,07:49
90142,Vile Parle,07:31
90144,Vile Parle,07:34
90152,Vile Parle,07:42
90154,Vile Parle,07:45
90160,Vile Parle,07:48
90162,Vile Parle,07:53
90142,Santa Cruz,07:34
90144,Santa Cruz,07:37
90152,Santa Cruz,07:45
90154,Santa Cruz,07:48
90160,Santa Cruz,07:51
90162,Santa Cruz,07:56
90142,Khar Road,07:37
90144,Khar Road,07:40
90152,Khar Road,07:48
90154,Khar Road,07:51
90160,Khar Road,07:54
90162,Khar Road,07:59
90142,BANDRA,07:42
90144,BANDRA,07:45
92024,BANDRA,07:30
90146,BANDRA,07:33
90148,BANDRA,07:43
90150,BANDRA,07:38
90152,BANDRA,07:52
90154,BANDRA,07:56
94112,BANDRA,07:54
90158,BANDRA,07:46
90160,BANDRA,08:00
90162,BANDRA,08:03
90142,Mahim Jn.,07:45
90144,Mahim Jn.,07:48
90152,Mahim Jn.,07:55
90154,Mahim Jn.,07:59
90160,Mahim Jn.,08:03
90162,Mahim Jn.,08:06
90142,Matunga Road,07:48
90144,Matunga Road,07:51
90152,Matunga Road,07:58
90154,Matunga Road,08:02
90160,Matunga Road,08:06
90162,Matunga Road,08:09
90142,DADAR,07:52
90144,DADAR,07:55
92024,DADAR,07:37
90146,DADAR,07:40
90148,DADAR,07:49
90150,DADAR,07:44
90152,DADAR,08:02
90154,DADAR,08:06
94112,DADAR,08:00
90158,DADAR,07:52
90160,DADAR,08:10
90162,DADAR,08:13
90142,Prabhadevi,07:54
90144,Prabhadevi,07:57
90152,Prabhadevi,08:04
90154,Prabhadevi,08:08
90160,Prabhadevi,08:12
90162,Prabhadevi,08:15
90142,Lower Parel,07:57
90144,Lower Parel,08:00
90152,Lower Parel,08:07
90154,Lower Parel,08:11
90160,Lower Parel,08:15
90162,Lower Parel,08:18
90142,Mahalakshmi,08:00
90144,Mahalakshmi,08:03
90152,Mahalakshmi,08:10
90154,Mahalakshmi,08:14
90160,Mahalakshmi,08:18
90162,Mahalakshmi,08:21
90142,M'BAI CENTRAL(L),08:03
90144,M'BAI CENTRAL(L),08:06
92024,M'BAI CENTRAL(L),07:44
90146,M'BAI CENTRAL(L),07:47
90148,M'BAI CENTRAL(L),07:56
90150,M'BAI CENTRAL(L),07:51
90152,M'BAI CENTRAL(L),08:13
90154,M'BAI CENTRAL(L),08:17
94112,M'BAI CENTRAL(L),08:07
90158,M'BAI CENTRAL(L),07:59
90160,M'BAI CENTRAL(L),08:21
90162,M'BAI CENTRAL(L),08:24
90142,Grant Road,08:05
90144,Grant Road,08:08
90146,Grant Road,07:49
90148,Grant Road,07:58
90150,Grant Road,07:53
90152,Grant Road,08:15
90154,Grant Road,08:19
94112,Grant Road,08:09
90158,Grant Road,08:01
90160,Grant Road,08:23
90162,Grant Road,08:26
90142,Charni Road,08:07
90144,Charni Road,08:10
90146,Charni Road,07:51
90148,Charni Road,08:00
90150,Charni Road,07:55
90152,Charni Road,08:17
90154,Charni Road,08:22
94112,Charni Road,08:11
90158,Charni Road,08:03
90160,Charni Road,08:26
90162,Charni Road,08:28
90142,Marine Lines,08:10
90144,Marine Lines,08:13
90146,Marine Lines,07:54
90148,Marine Lines,08:03
90150,Marine Lines,07:58
90152,Marine Lines,08:20
90154,Marine Lines,08:25
94112,Marine Lines,08:14
90158,Marine Lines,08:06
90160,Marine Lines,08:29
90162,Marine Lines,08:31
90142,CHURCHGATE,08:14
90144,CHURCHGATE,08:18
92024,CHURCHGATE,07:54
90146,CHURCHGATE,07:57
90148,CHURCHGATE,08:08
90150,CHURCHGATE,08:03
90152,CHURCHGATE,08:24
90154,CHURCHGATE,08:29
94112,CHURCHGATE,08:20
90158,CHURCHGATE,08:11
90160,CHURCHGATE,08:32
90162,CHURCHGATE,08:35
VR,VIRAR,06:52
DRD,VIRAR,07:10
VR,VIRAR,07:01
VR,VIRAR,07:06
VR,Nalla Sopara,06:58
VR,Nalla Sopara,07:07
VR,Nalla Sopara,07:12
VR,VASAI ROAD,07:03
DRD,VASAI ROAD,07:18
VR,VASAI ROAD,07:12
BSR,VASAI ROAD,07:14
VR,VASAI ROAD,07:18
VR,Naigaon,07:08
VR,Naigaon,07:17
BSR,Naigaon,07:20
VR,Naigaon,07:24
VR,BHAYANDAR,07:14
DRD,BHAYANDAR,07:26
VR,BHAYANDAR,07:23
BSR,BHAYANDAR,07:26
VR,BHAYANDAR,07:30
VR,Mira Road,07:19
VR,Mira Road,07:28
BSR,Mira Road,07:31
VR,Mira Road,07:35
VR,Dahisar,07:23
VR,Dahisar,07:32
BSR,Dahisar,07:35
VR,Dahisar,07:40
VR,BORIVALI,07:28
DRD,BORIVALI,07:34
BVI,BORIVALI,07:32
BVI,BORIVALI,07:36
VR,BORIVALI,07:37
#,BORIVALI,07:40
BSR,BORIVALI,07:40
BVI,BORIVALI,07:43
VR,BORIVALI,07:46
BVI,BORIVALI,07:46
BVI,Kandivali,07:38
BVI,Kandivali,07:41
#,Kandivali,07:45
BVI,Kandivali,07:49
BVI,Kandivali,07:52
BVI,Malad,07:41
BVI,Malad,07:44
#,Malad,07:48
BVI,Malad,07:52
BVI,Malad,07:55
BVI,Goregaon,07:44
BVI,Goregaon,07:48
#,Goregaon,07:51
BVI,Goregaon,07:55
GMN,Goregaon,07:56
BVI,Goregaon,07:58
BVI,Ram Mandir,07:46
#,Ram Mandir,07:53
BVI,Ram Mandir,07:57
GMN,Ram Mandir,08:00
BVI,Jogeshwari,07:49
BVI,Jogeshwari,07:52
#,Jogeshwari,07:56
BVI,Jogeshwari,08:00
GMN,Jogeshwari,08:03
BVI,Jogeshwari,08:03
VR,ANDHERI,07:42
DRD,ANDHERI,07:48
BVI,ANDHERI,07:53
BVI,ANDHERI,07:57
#,ANDHERI,08:00
BSR,ANDHERI,07:54
ADH,ANDHERI,08:03
BVI,ANDHERI,08:06
GMN,ANDHERI,08:08
VR,ANDHERI,08:03
BVI,ANDHERI,08:09
BVI,Vile Parle,07:56
#,Vile Parle,08:03
ADH,Vile Parle,08:07
BVI,Vile Parle,08:09
GMN,Vile Parle,08:12
BVI,Santa Cruz,07:59
#,Santa Cruz,08:06
ADH,Santa Cruz,08:10
BVI,Santa Cruz,08:12
GMN,Santa Cruz,08:15
BVI,Khar Road,08:03
#,Khar Road,08:10
ADH,Khar Road,08:14
BVI,Khar Road,08:16
GMN,Khar Road,08:20
VR,BANDRA,07:51
DRD,BANDRA,07:57
BVI,BANDRA,08:07
BVI,BANDRA,08:06
BA,BANDRA,08:10
#,BANDRA,08:15
BSR,BANDRA,08:03
ADH,BANDRA,08:18
BVI,BANDRA,08:20
GMN,BANDRA,08:25
VR,BANDRA,08:12
BVI,BANDRA,08:19
BVI,Mahim Jn.,08:10
BA,Mahim Jn.,08:14
#,Mahim Jn.,08:18
ADH,Mahim Jn.,08:21
BVI,Mahim Jn.,08:23
GMN,Mahim Jn.,08:28
BVI,Matunga Road,08:13
BA,Matunga Road,08:17
#,Matunga Road,08:21
ADH,Matunga Road,08:24
BVI,Matunga Road,08:26
GMN,Matunga Road,08:31
VR,DADAR,07:57
DRD,DADAR,08:03
BVI,DADAR,08:17
BVI,DADAR,08:12
BA,DADAR,08:21
#,DADAR,08:25
BSR,DADAR,08:09
ADH,DADAR,08:28
BVI,DADAR,08:30
GMN,DADAR,08:35
VR,DADAR,08:18
BVI,DADAR,08:25
BVI,Prabhadevi,08:19
BA,Prabhadevi,08:23
#,Prabhadevi,08:27
ADH,Prabhadevi,08:30
BVI,Prabhadevi,08:32
GMN,Prabhadevi,08:37
BVI,Lower Parel,08:22
BA,Lower Parel,08:26
#,Lower Parel,08:30
ADH,Lower Parel,08:33
BVI,Lower Parel,08:35
GMN,Lower Parel,08:40
BVI,Mahalakshmi,08:25
BA,Mahalakshmi,08:29
#,Mahalakshmi,08:33
ADH,Mahalakshmi,08:36
BVI,Mahalakshmi,08:38
GMN,Mahalakshmi,08:43
VR,M'BAI CENTRAL(L),08:04
DRD,M'BAI CENTRAL(L),08:10
BVI,M'BAI CENTRAL(L),08:28
BVI,M'BAI CENTRAL(L),08:19
BA,M'BAI CENTRAL(L),08:32
#,M'BAI CENTRAL(L),08:36
BSR,M'BAI CENTRAL(L),08:16
ADH,M'BAI CENTRAL(L),08:39
BVI,M'BAI CENTRAL(L),08:41
GMN,M'BAI CENTRAL(L),08:46
VR,M'BAI CENTRAL(L),08:25
BVI,M'BAI CENTRAL(L),08:32
VR,Grant Road,08:06
DRD,Grant Road,08:12
BVI,Grant Road,08:30
BVI,Grant Road,08:21
BA,Grant Road,08:34
#,Grant Road,08:38
ADH,Grant Road,08:41
BVI,Grant Road,08:43
GMN,Grant Road,08:48
VR,Grant Road,08:27
BVI,Grant Road,08:34
VR,Charni Road,08:08
DRD,Charni Road,08:14
BVI,Charni Road,08:32
BVI,Charni Road,08:24
BA,Charni Road,08:36
#,Charni Road,08:40
ADH,Charni Road,08:43
BVI,Charni Road,08:45
GMN,Charni Road,08:50
VR,Charni Road,08:29
BVI,Charni Road,08:36
VR,Marine Lines,08:11
DRD,Marine Lines,08:17
BVI,Marine Lines,08:35
BVI,Marine Lines,08:28
BA,Marine Lines,08:39
#,Marine Lines,08:43
ADH,Marine Lines,08:46
BVI,Marine Lines,08:48
GMN,Marine Lines,08:53
VR,Marine Lines,08:33
BVI,Marine Lines,08:39
VR,CHURCHGATE,08:16
DRD,CHURCHGATE,08:23
BVI,CHURCHGATE,08:40
BVI,CHURCHGATE,08:32
BA,CHURCHGATE,08:43
#,CHURCHGATE,08:46
BSR,CHURCHGATE,08:29
ADH,CHURCHGATE,08:49
BVI,CHURCHGATE,08:52
GMN,CHURCHGATE,08:56
VR,CHURCHGATE,08:36
BVI,CHURCHGATE,08:42
92028,VIRAR,07:11
94016,VIRAR,07:15
92030,VIRAR,07:18
92032,VIRAR,07:21
90190,VIRAR,07:25
92214,VIRAR,07:32
90200,VIRAR,07:35
92028,Nalla Sopara,07:17
94016,Nalla Sopara,07:21
92032,Nalla Sopara,07:27
90190,Nalla Sopara,07:31
92214,Nalla Sopara,07:38
90200,Nalla Sopara,07:41
92028,VASAI ROAD,07:22
94016,VASAI ROAD,07:26
92030,VASAI ROAD,07:27
92032,VASAI ROAD,07:32
90190,VASAI ROAD,07:36
92034,VASAI ROAD,07:40
92214,VASAI ROAD,07:43
90200,VASAI ROAD,07:46
92028,Naigaon,07:28
94016,Naigaon,07:31
92032,Naigaon,07:37
90190,Naigaon,07:41
92034,Naigaon,07:46
92214,Naigaon,07:49
90200,Naigaon,07:51
92028,BHAYANDAR,07:34
94016,BHAYANDAR,07:37
92030,BHAYANDAR,07:35
92032,BHAYANDAR,07:42
90186,BHAYANDAR,07:40
90190,BHAYANDAR,07:47
92034,BHAYANDAR,07:51
92214,BHAYANDAR,07:55
90200,BHAYANDAR,07:57
92028,Mira Road,07:39
94016,Mira Road,07:42
92032,Mira Road,07:47
90186,Mira Road,07:46
90190,Mira Road,07:52
92034,Mira Road,07:56
92214,Mira Road,07:59
90200,Mira Road,08:02
92028,Dahisar,07:43
94016,Dahisar,07:46
92032,Dahisar,07:52
90186,Dahisar,07:50
90190,Dahisar,07:56
92034,Dahisar,08:01
92214,Dahisar,08:04
90200,Dahisar,08:06
92028,BORIVALI,07:49
94016,BORIVALI,07:53
92032,BORIVALI,07:59
90186,BORIVALI,07:55
90190,BORIVALI,08:01
90194,BORIVALI,08:03
92034,BORIVALI,08:05
92214,BORIVALI,08:09
94124,BORIVALI,08:06
90200,BORIVALI,08:11
92028,Kandivali,07:55
94016,Kandivali,07:58
90190,Kandivali,08:05
90194,Kandivali,08:08
94124,Kandivali,08:11
90200,Kandivali,08:15
92028,Malad,07:58
94016,Malad,08:01
90190,Malad,08:08
90192,Malad,08:08
90194,Malad,08:11
94124,Malad,08:14
90200,Malad,08:18
92028,Goregaon,08:01
94016,Goregaon,08:04
90188,Goregaon,08:07
90190,Goregaon,08:11
90194,Goregaon,08:14
94124,Goregaon,08:17
90200,Goregaon,08:21
92028,Ram Mandir,08:03
90188,Ram Mandir,08:10
90190,Ram Mandir,08:13
90194,Ram Mandir,08:16
94124,Ram Mandir,08:20
90200,Ram Mandir,08:23
92028,Jogeshwari,08:06
94016,Jogeshwari,08:09
90188,Jogeshwari,08:13
90190,Jogeshwari,08:16
90192,Jogeshwari,08:14
90194,Jogeshwari,08:19
94124,Jogeshwari,08:22
90200,Jogeshwari,08:26
92028,ANDHERI,08:12
94016,ANDHERI,08:15
92030,ANDHERI,08:00
90186,ANDHERI,08:12
90188,ANDHERI,08:16
90190,ANDHERI,08:20
90194,ANDHERI,08:23
92034,ANDHERI,08:23
92214,ANDHERI,08:22
94124,ANDHERI,08:27
90200,ANDHERI,08:31
90188,Vile Parle,08:19
90190,Vile Parle,08:23
90194,Vile Parle,08:26
94124,Vile Parle,08:30
90200,Vile Parle,08:34
90188,Santa Cruz,08:22
90190,Santa Cruz,08:26
90194,Santa Cruz,08:29
94124,Santa Cruz,08:33
90200,Santa Cruz,08:37
90188,Khar Road,08:25
90190,Khar Road,08:29
90194,Khar Road,08:32
94124,Khar Road,08:36
90200,Khar Road,08:40
94016,BANDRA,08:24
92030,BANDRA,08:09
90186,BANDRA,08:21
90188,BANDRA,08:30
90190,BANDRA,08:34
90192,BANDRA,08:27
90194,BANDRA,08:36
92214,BANDRA,08:32
94124,BANDRA,08:40
90200,BANDRA,08:44
90188,Mahim Jn.,08:33
90194,Mahim Jn.,08:39
94124,Mahim Jn.,08:43
90200,Mahim Jn.,08:47
90188,Matunga Road,08:36
90194,Matunga Road,08:42
94124,Matunga Road,08:46
90200,Matunga Road,08:50
94016,DADAR,08:30
92030,DADAR,08:16
90186,DADAR,08:27
90188,DADAR,08:39
90192,DADAR,08:33
90194,DADAR,08:45
92214,DADAR,08:38
94124,DADAR,08:50
90200,DADAR,08:54
90188,Prabhadevi,08:41
90194,Prabhadevi,08:47
94124,Prabhadevi,08:52
90200,Prabhadevi,08:56
90188,Lower Parel,08:44
90194,Lower Parel,08:50
94124,Lower Parel,08:55
90200,Lower Parel,08:59
90188,Mahalakshmi,08:47
90194,Mahalakshmi,08:53
94124,Mahalakshmi,08:58
90200,Mahalakshmi,09:02
94016,M'BAI CENTRAL(L),08:37
90186,M'BAI CENTRAL(L),08:34
90188,M'BAI CENTRAL(L),08:50
90192,M'BAI CENTRAL(L),08:40
90194,M'BAI CENTRAL(L),08:56
92214,M'BAI CENTRAL(L),08:45
94124,M'BAI CENTRAL(L),09:01
90200,M'BAI CENTRAL(L),09:05
94016,Grant Road,08:39
90186,Grant Road,08:36
90188,Grant Road,08:52
90192,Grant Road,08:42
90194,Grant Road,08:58
94124,Grant Road,09:03
90200,Grant Road,09:07
94016,Charni Road,08:41
90186,Charni Road,08:38
90188,Charni Road,08:54
90192,Charni Road,08:44
90194,Charni Road,09:00
94124,Charni Road,09:05
90200,Charni Road,09:09
94016,Marine Lines,08:44
90186,Marine Lines,08:41
90188,Marine Lines,08:57
90192,Marine Lines,08:47
90194,Marine Lines,09:03
94124,Marine Lines,09:08
90200,Marine Lines,09:12
94016,CHURCHGATE,08:49
90186,CHURCHGATE,08:46
90188,CHURCHGATE,09:01
90192,CHURCHGATE,08:52
90194,CHURCHGATE,09:06
92214,CHURCHGATE,08:56
94124,CHURCHGATE,09:11
90200,CHURCHGATE,09:15
90206,VIRAR,07:38
92036,VIRAR,07:40
90216,VIRAR,07:45
92038,VIRAR,07:48
92040,VIRAR,07:50
90206,Nalla Sopara,07:45
92036,Nalla Sopara,07:46
90216,Nalla Sopara,07:51
92038,Nalla Sopara,07:54
92040,Nalla Sopara,07:56
90206,VASAI ROAD,07:50
92036,VASAI ROAD,07:52
90216,VASAI ROAD,07:56
92038,VASAI ROAD,07:59
92040,VASAI ROAD,08:01
90206,Naigaon,07:55
92036,Naigaon,07:58
90216,Naigaon,08:02
92040,Naigaon,08:06
90206,BHAYANDAR,08:01
92210,BHAYANDAR,08:00
92036,BHAYANDAR,08:04
90216,BHAYANDAR,08:08
92038,BHAYANDAR,08:07
92040,BHAYANDAR,08:12
90206,Mira Road,08:06
92210,Mira Road,08:06
92036,Mira Road,08:10
90216,Mira Road,08:14
92040,Mira Road,08:18
90206,Dahisar,08:10
92210,Dahisar,08:11
92036,Dahisar,08:14
90216,Dahisar,08:18
92040,Dahisar,08:22
90206,BORIVALI,08:14
92210,BORIVALI,08:17
90212,BORIVALI,08:16
90214,BORIVALI,08:19
92036,BORIVALI,08:20
90216,BORIVALI,08:22
92038,BORIVALI,08:18
94018,BORIVALI,08:26
92040,BORIVALI,08:26
90212,Kandivali,08:21
90214,Kandivali,08:24
90216,Kandivali,08:27
94018,Kandivali,08:31
90212,Malad,08:24
90214,Malad,08:27
90216,Malad,08:30
94018,Malad,08:34
90220,Malad,08:26
90204,Goregaon,08:16
90210,Goregaon,08:27
90212,Goregaon,08:27
90214,Goregaon,08:30
90216,Goregaon,08:33
94018,Goregaon,08:37
90210,Ram Mandir,08:30
90212,Ram Mandir,08:30
90214,Ram Mandir,08:32
90216,Ram Mandir,08:35
90204,Jogeshwari,08:21
90210,Jogeshwari,08:32
90212,Jogeshwari,08:32
90214,Jogeshwari,08:35
90216,Jogeshwari,08:38
94018,Jogeshwari,08:41
90220,Jogeshwari,08:32
90202,ANDHERI,08:34
90206,ANDHERI,08:28
92210,ANDHERI,08:31
90210,ANDHERI,08:36
90212,ANDHERI,08:37
90214,ANDHERI,08:40
90216,ANDHERI,08:43
92038,ANDHERI,08:38
94018,ANDHERI,08:46
90202,Vile Parle,08:37
90210,Vile Parle,08:40
90212,Vile Parle,08:41
90214,Vile Parle,08:44
90216,Vile Parle,08:47
90202,Santa Cruz,08:40
90210,Santa Cruz,08:43
90212,Santa Cruz,08:45
90214,Santa Cruz,08:48
90216,Santa Cruz,08:51
90202,Khar Road,08:43
90210,Khar Road,08:46
90212,Khar Road,08:48
90214,Khar Road,08:51
90216,Khar Road,08:54
90202,BANDRA,08:47
90204,BANDRA,08:35
90206,BANDRA,08:38
92210,BANDRA,08:41
90210,BANDRA,08:50
90212,BANDRA,08:53
90214,BANDRA,08:56
90216,BANDRA,08:59
94018,BANDRA,08:55
90220,BANDRA,08:45
90202,Mahim Jn.,08:50
90210,Mahim Jn.,08:53
90212,Mahim Jn.,08:56
90214,Mahim Jn.,08:59
90202,Matunga Road,08:53
90210,Matunga Road,08:56
90212,Matunga Road,08:59
90214,Matunga Road,09:02
90202,DADAR,08:57
90204,DADAR,08:41
90206,DADAR,08:44
92210,DADAR,08:48
90210,DADAR,09:00
90212,DADAR,09:03
90214,DADAR,09:06
94018,DADAR,09:01
90220,DADAR,08:51
90202,Prabhadevi,08:59
90210,Prabhadevi,09:02
90212,Prabhadevi,09:05
90214,Prabhadevi,09:08
90202,Lower Parel,09:02
90210,Lower Parel,09:05
90212,Lower Parel,09:08
90214,Lower Parel,09:11
90202,Mahalakshmi,09:05
90210,Mahalakshmi,09:08
90212,Mahalakshmi,09:11
90214,Mahalakshmi,09:14
90202,M'BAI CENTRAL(L),09:08
90204,M'BAI CENTRAL(L),08:48
90206,M'BAI CENTRAL(L),08:51
92210,M'BAI CENTRAL(L),08:55
90210,M'BAI CENTRAL(L),09:11
90212,M'BAI CENTRAL(L),09:14
90214,M'BAI CENTRAL(L),09:17
94018,M'BAI CENTRAL(L),09:08
90220,M'BAI CENTRAL(L),08:58
90202,Grant Road,09:10
90204,Grant Road,08:50
90206,Grant Road,08:53
90210,Grant Road,09:13
90212,Grant Road,09:16
90214,Grant Road,09:19
94018,Grant Road,09:10
90220,Grant Road,09:00
90202,Charni Road,09:12
90204,Charni Road,08:52
90206,Charni Road,08:55
90210,Charni Road,09:15
90212,Charni Road,09:18
90214,Charni Road,09:21
94018,Charni Road,09:12
90220,Charni Road,09:02
90202,Marine Lines,09:15
90204,Marine Lines,08:55
90206,Marine Lines,08:58
90210,Marine Lines,09:18
90212,Marine Lines,09:21
90214,Marine Lines,09:24
94018,Marine Lines,09:15
90220,Marine Lines,09:05
90202,CHURCHGATE,09:18
90204,CHURCHGATE,09:00
90206,CHURCHGATE,09:03
92210,CHURCHGATE,09:06
90210,CHURCHGATE,09:22
90212,CHURCHGATE,09:25
90214,CHURCHGATE,09:28
94018,CHURCHGATE,09:19
90220,CHURCHGATE,09:10
92042,VIRAR,07:55
94020,VIRAR,07:59
93006,VIRAR,08:10
92042,Nalla Sopara,08:01
94020,Nalla Sopara,08:05
92042,VASAI ROAD,08:06
94020,VASAI ROAD,08:10
90242,VASAI ROAD,08:14
92042,Naigaon,08:11
94020,Naigaon,08:15
90242,Naigaon,08:21
92042,BHAYANDAR,08:17
94020,BHAYANDAR,08:21
94022,BHAYANDAR,08:24
90242,BHAYANDAR,08:27
92042,Mira Road,08:22
94020,Mira Road,08:26
94022,Mira Road,08:30
90242,Mira Road,08:33
92042,Dahisar,08:27
94020,Dahisar,08:30
94022,Dahisar,08:35
90242,Dahisar,08:37
90226,BORIVALI,08:30
94020,BORIVALI,08:36
90230,BORIVALI,08:34
94022,BORIVALI,08:40
90236,BORIVALI,08:38
90238,BORIVALI,08:40
90242,BORIVALI,08:43
90226,Kandivali,08:35
90230,Kandivali,08:40
90236,Kandivali,08:43
90238,Kandivali,08:46
90226,Malad,08:38
90230,Malad,08:43
90236,Malad,08:46
90238,Malad,08:49
90222,Goregaon,08:36
90226,Goregaon,08:41
90230,Goregaon,08:46
90236,Goregaon,08:49
90238,Goregaon,08:52
90222,Ram Mandir,08:39
90226,Ram Mandir,08:43
90236,Ram Mandir,08:51
90222,Jogeshwari,08:42
90226,Jogeshwari,08:46
90230,Jogeshwari,08:50
90236,Jogeshwari,08:54
90238,Jogeshwari,08:57
90222,ANDHERI,08:46
90224,ANDHERI,08:48
90226,ANDHERI,08:52
92042,ANDHERI,08:43
94020,ANDHERI,08:49
90230,ANDHERI,08:55
90232,ANDHERI,08:57
94022,ANDHERI,08:52
90236,ANDHERI,09:00
90238,ANDHERI,09:03
90242,ANDHERI,08:59
90222,Vile Parle,08:50
90224,Vile Parle,08:52
90226,Vile Parle,08:57
90232,Vile Parle,09:01
90236,Vile Parle,09:04
90222,Santa Cruz,08:53
90224,Santa Cruz,08:55
90226,Santa Cruz,09:00
90232,Santa Cruz,09:04
90236,Santa Cruz,09:07
90222,Khar Road,08:56
90224,Khar Road,08:58
90226,Khar Road,09:03
90232,Khar Road,09:07
90236,Khar Road,09:10
90222,BANDRA,09:01
90224,BANDRA,09:04
90226,BANDRA,09:08
92042,BANDRA,08:52
94020,BANDRA,08:58
90230,BANDRA,09:05
90232,BANDRA,09:11
94022,BANDRA,09:02
90236,BANDRA,09:14
90238,BANDRA,09:13
90240,BANDRA,09:16
90242,BANDRA,09:08
90222,Mahim Jn.,09:04
90224,Mahim Jn.,09:07
90226,Mahim Jn.,09:11
90232,Mahim Jn.,09:14
90236,Mahim Jn.,09:17
90240,Mahim Jn.,09:20
90222,Matunga Road,09:07
90224,Matunga Road,09:10
90226,Matunga Road,09:14
90232,Matunga Road,09:17
90236,Matunga Road,09:20
90240,Matunga Road,09:23
90222,DADAR,09:10
90224,DADAR,09:13
90226,DADAR,09:18
92042,DADAR,08:58
94020,DADAR,09:04
90230,DADAR,09:11
90232,DADAR,09:21
94022,DADAR,09:08
90236,DADAR,09:24
90238,DADAR,09:19
90240,DADAR,09:27
90242,DADAR,09:14
90222,Prabhadevi,09:12
90224,Prabhadevi,09:15
90226,Prabhadevi,09:20
90232,Prabhadevi,09:23
90236,Prabhadevi,09:26
90240,Prabhadevi,09:29
90222,Lower Parel,09:15
90224,Lower Parel,09:18
90226,Lower Parel,09:23
90232,Lower Parel,09:26
90236,Lower Parel,09:29
90240,Lower Parel,09:32
90222,Mahalakshmi,09:18
90224,Mahalakshmi,09:21
90226,Mahalakshmi,09:26
90232,Mahalakshmi,09:29
90236,Mahalakshmi,09:32
90240,Mahalakshmi,09:35
90222,M'BAI CENTRAL(L),09:21
90224,M'BAI CENTRAL(L),09:24
90226,M'BAI CENTRAL(L),09:29
92042,M'BAI CENTRAL(L),09:05
94020,M'BAI CENTRAL(L),09:11
90230,M'BAI CENTRAL(L),09:18
90232,M'BAI CENTRAL(L),09:32
94022,M'BAI CENTRAL(L),09:15
90236,M'BAI CENTRAL(L),09:35
90238,M'BAI CENTRAL(L),09:26
90240,M'BAI CENTRAL(L),09:38
90242,M'BAI CENTRAL(L),09:21
90222,Grant Road,09:23
90224,Grant Road,09:26
90226,Grant Road,09:31
94020,Grant Road,09:13
90230,Grant Road,09:20
90232,Grant Road,09:34
94022,Grant Road,09:17
90236,Grant Road,09:37
90238,Grant Road,09:28
90240,Grant Road,09:40
90242,Grant Road,09:23
90222,Charni Road,09:25
90224,Charni Road,09:28
90226,Charni Road,09:33
94020,Charni Road,09:15
90230,Charni Road,09:22
90232,Charni Road,09:36
94022,Charni Road,09:19
90236,Charni Road,09:39
90238,Charni Road,09:30
90240,Charni Road,09:42
90242,Charni Road,09:25
90222,Marine Lines,09:28
90224,Marine Lines,09:31
90226,Marine Lines,09:36
94020,Marine Lines,09:18
90230,Marine Lines,09:25
90232,Marine Lines,09:39
94022,Marine Lines,09:22
90236,Marine Lines,09:42
90238,Marine Lines,09:33
90240,Marine Lines,09:45
90242,Marine Lines,09:28
90222,CHURCHGATE,09:31
90224,CHURCHGATE,09:35
90226,CHURCHGATE,09:41
92042,CHURCHGATE,09:16
94020,CHURCHGATE,09:22
90230,CHURCHGATE,09:30
90232,CHURCHGATE,09:44
94022,CHURCHGATE,09:27
90236,CHURCHGATE,09:47
90238,CHURCHGATE,09:37
90240,CHURCHGATE,09:50
90242,CHURCHGATE,09:33
90244,VIRAR,08:08
92044,VIRAR,08:14
90252,VIRAR,08:18
92046,VIRAR,08:23
92048,VIRAR,08:24
94136,VIRAR,08:28
90244,Nalla Sopara,08:15
92044,Nalla Sopara,08:20
90252,Nalla Sopara,08:25
92046,Nalla Sopara,08:29
92048,Nalla Sopara,08:30
94136,Nalla Sopara,08:34
90244,VASAI ROAD,08:20
92044,VASAI ROAD,08:25
90252,VASAI ROAD,08:31
92046,VASAI ROAD,08:34
92048,VASAI ROAD,08:35
94136,VASAI ROAD,08:39
90244,Naigaon,08:25
92044,Naigaon,08:30
90252,Naigaon,08:36
92046,Naigaon,08:38
92048,Naigaon,08:40
94136,Naigaon,08:43
90244,BHAYANDAR,08:31
92044,BHAYANDAR,08:36
90252,BHAYANDAR,08:41
92046,BHAYANDAR,08:43
92048,BHAYANDAR,08:45
94136,BHAYANDAR,08:48
92050,BHAYANDAR,08:51
90244,Mira Road,08:36
92044,Mira Road,08:41
90252,Mira Road,08:46
92046,Mira Road,08:48
92048,Mira Road,08:50
94136,Mira Road,08:53
92050,Mira Road,08:56
90244,Dahisar,08:40
92044,Dahisar,08:45
90252,Dahisar,08:50
92046,Dahisar,08:52
92048,Dahisar,08:54
94136,Dahisar,08:57
92050,Dahisar,09:00
90244,BORIVALI,08:45
90248,BORIVALI,08:47
92044,BORIVALI,08:49
90252,BORIVALI,08:55
90254,BORIVALI,08:52
90256,BORIVALI,08:58
92048,BORIVALI,08:59
90258,BORIVALI,09:01
94136,BORIVALI,09:02
92050,BORIVALI,09:05
90244,Kandivali,08:49
90248,Kandivali,08:53
92044,Kandivali,08:56
90254,Kandivali,08:59
90256,Kandivali,09:03
90258,Kandivali,09:06
92050,Kandivali,09:09
90244,Malad,08:52
90248,Malad,08:56
92044,Malad,08:59
90254,Malad,09:02
90256,Malad,09:06
90258,Malad,09:09
92050,Malad,09:12
90244,Goregaon,08:55
90246,Goregaon,08:55
90248,Goregaon,08:59
90250,Goregaon,08:56
92044,Goregaon,09:02
90254,Goregaon,09:05
90256,Goregaon,09:09
90258,Goregaon,09:12
92050,Goregaon,09:15
90244,Ram Mandir,08:57
90246,Ram Mandir,08:58
90248,Ram Mandir,09:01
92044,Ram Mandir,09:04
90254,Ram Mandir,09:07
90256,Ram Mandir,09:11
90258,Ram Mandir,09:14
92050,Ram Mandir,09:17
90244,Jogeshwari,09:00
90246,Jogeshwari,09:01
90248,Jogeshwari,09:04
90250,Jogeshwari,09:02
92044,Jogeshwari,09:07
90254,Jogeshwari,09:10
90256,Jogeshwari,09:14
90258,Jogeshwari,09:17
92050,Jogeshwari,09:20
90244,ANDHERI,09:06
90246,ANDHERI,09:06
90248,ANDHERI,09:09
92044,ANDHERI,09:13
90252,ANDHERI,09:09
90254,ANDHERI,09:15
90256,ANDHERI,09:19
92046,ANDHERI,09:12
90258,ANDHERI,09:22
94136,ANDHERI,09:15
92050,ANDHERI,09:25
90244,Vile Parle,09:09
90246,Vile Parle,09:11
90248,Vile Parle,09:14
90254,Vile Parle,09:19
90256,Vile Parle,09:24
90258,Vile Parle,09:27
90244,Santa Cruz,09:12
90246,Santa Cruz,09:14
90248,Santa Cruz,09:18
90254,Santa Cruz,09:23
90256,Santa Cruz,09:28
90258,Santa Cruz,09:31
90244,Khar Road,09:15
90246,Khar Road,09:19
90248,Khar Road,09:21
90254,Khar Road,09:26
90256,Khar Road,09:31
90258,Khar Road,09:34
90244,BANDRA,09:19
90246,BANDRA,09:24
90248,BANDRA,09:27
90250,BANDRA,09:16
90252,BANDRA,09:19
90254,BANDRA,09:30
90256,BANDRA,09:35
92046,BANDRA,09:22
90258,BANDRA,09:38
94136,BANDRA,09:25
90244,Mahim Jn.,09:23
90246,Mahim Jn.,09:27
90248,Mahim Jn.,09:30
90254,Mahim Jn.,09:33
90256,Mahim Jn.,09:38
90258,Mahim Jn.,09:41
90244,Matunga Road,09:26
90246,Matunga Road,09:30
90248,Matunga Road,09:33
90254,Matunga Road,09:36
90256,Matunga Road,09:41
90258,Matunga Road,09:44
90244,DADAR,09:30
90246,DADAR,09:34
90248,DADAR,09:37
90250,DADAR,09:22
90252,DADAR,09:25
90254,DADAR,09:40
90256,DADAR,09:45
92046,DADAR,09:29
90258,DADAR,09:48
94136,DADAR,09:31
90244,Prabhadevi,09:32
90246,Prabhadevi,09:36
90248,Prabhadevi,09:39
90254,Prabhadevi,09:42
90256,Prabhadevi,09:47
90258,Prabhadevi,09:50
90244,Lower Parel,09:35
90246,Lower Parel,09:39
90248,Lower Parel,09:42
90254,Lower Parel,09:45
90256,Lower Parel,09:50
90258,Lower Parel,09:53
90244,Mahalakshmi,09:38
90246,Mahalakshmi,09:42
90248,Mahalakshmi,09:45
90254,Mahalakshmi,09:48
90256,Mahalakshmi,09:53
90258,Mahalakshmi,09:56
90244,M'BAI CENTRAL(L),09:41
90246,M'BAI CENTRAL(L),09:45
90248,M'BAI CENTRAL(L),09:48
90250,M'BAI CENTRAL(L),09:29
90252,M'BAI CENTRAL(L),09:32
90254,M'BAI CENTRAL(L),09:51
90256,M'BAI CENTRAL(L),09:56
90258,M'BAI CENTRAL(L),09:59
94136,M'BAI CENTRAL(L),09:38
90244,Grant Road,09:43
90246,Grant Road,09:47
90248,Grant Road,09:50
90250,Grant Road,09:31
90252,Grant Road,09:34
90254,Grant Road,09:53
90256,Grant Road,09:58
90258,Grant Road,10:01
94136,Grant Road,09:40
90244,Charni Road,09:45
90246,Charni Road,09:49
90248,Charni Road,09:52
90250,Charni Road,09:33
90252,Charni Road,09:36
90254,Charni Road,09:55
90256,Charni Road,10:00
90258,Charni Road,10:03
94136,Charni Road,09:42
90244,Marine Lines,09:48
90246,Marine Lines,09:52
90248,Marine Lines,09:55
90250,Marine Lines,09:36
90252,Marine Lines,09:39
90254,Marine Lines,09:58
90256,Marine Lines,10:03
90258,Marine Lines,10:06
94136,Marine Lines,09:45
90244,CHURCHGATE,09:53
90246,CHURCHGATE,09:56
90248,CHURCHGATE,09:59
90250,CHURCHGATE,09:40
90252,CHURCHGATE,09:44
90254,CHURCHGATE,10:01
90256,CHURCHGATE,10:06
90258,CHURCHGATE,10:09
94136,CHURCHGATE,09:49
93202,VIRAR,08:40
94024,VIRAR,08:33
90270,VIRAR,08:40
92052,VIRAR,08:44
90280,VIRAR,08:49
94024,Nalla Sopara,08:39
90270,Nalla Sopara,08:47
92052,Nalla Sopara,08:51
90280,Nalla Sopara,08:55
93202,VASAI ROAD,08:48
94024,VASAI ROAD,08:44
90266,VASAI ROAD,08:47
90270,VASAI ROAD,08:52
92052,VASAI ROAD,08:56
90280,VASAI ROAD,09:01
94024,Naigaon,08:48
90266,Naigaon,08:53
90270,Naigaon,08:57
92052,Naigaon,09:02
90280,Naigaon,09:06
93202,BHAYANDAR,08:55
94024,BHAYANDAR,08:54
90266,BHAYANDAR,08:59
90270,BHAYANDAR,09:03
90274,BHAYANDAR,09:06
92052,BHAYANDAR,09:09
90280,BHAYANDAR,09:13
94024,Mira Road,08:59
90266,Mira Road,09:04
90270,Mira Road,09:08
90274,Mira Road,09:11
92052,Mira Road,09:14
90280,Mira Road,09:26
94024,Dahisar,09:03
90266,Dahisar,09:08
90270,Dahisar,09:12
90274,Dahisar,09:15
92052,Dahisar,09:18
90280,Dahisar,09:23
90262,BORIVALI,09:06
93202,BORIVALI,09:05
94024,BORIVALI,09:09
90266,BORIVALI,09:13
90268,BORIVALI,09:15
90270,BORIVALI,09:17
90274,BORIVALI,09:21
92052,BORIVALI,09:24
92232,BORIVALI,09:22
90280,BORIVALI,09:28
90262,Kandivali,09:12
94024,Kandivali,09:15
90268,Kandivali,09:21
90274,Kandivali,09:25
92232,Kandivali,09:29
90280,Kandivali,09:32
90262,Malad,09:15
94024,Malad,09:18
90268,Malad,09:24
90274,Malad,09:28
92232,Malad,09:32
90280,Malad,09:35
90262,Goregaon,09:18
90264,Goregaon,09:18
94024,Goregaon,09:21
90268,Goregaon,09:27
90274,Goregaon,09:31
90276,Goregaon,09:34
92232,Goregaon,09:36
90280,Goregaon,09:38
90262,Ram Mandir,09:20
90264,Ram Mandir,09:21
94024,Ram Mandir,09:23
90268,Ram Mandir,09:29
90274,Ram Mandir,09:33
90276,Ram Mandir,09:37
90280,Ram Mandir,09:40
90262,Jogeshwari,09:23
90264,Jogeshwari,09:24
94024,Jogeshwari,09:26
90268,Jogeshwari,09:32
90274,Jogeshwari,09:36
90276,Jogeshwari,09:40
92232,Jogeshwari,09:40
90280,Jogeshwari,09:43
90262,ANDHERI,09:28
90264,ANDHERI,09:28
93202,ANDHERI,09:18
94024,ANDHERI,09:31
90266,ANDHERI,09:29
90268,ANDHERI,09:36
90270,ANDHERI,09:32
90272,ANDHERI,09:38
90274,ANDHERI,09:41
90276,ANDHERI,09:45
92232,ANDHERI,09:45
90280,ANDHERI,09:47
90262,Vile Parle,09:31
90264,Vile Parle,09:32
94024,Vile Parle,09:35
90268,Vile Parle,09:40
90272,Vile Parle,09:43
90274,Vile Parle,09:46
90276,Vile Parle,09:49
90280,Vile Parle,09:51
90262,Santa Cruz,09:34
90264,Santa Cruz,09:35
94024,Santa Cruz,09:38
90268,Santa Cruz,09:43
90272,Santa Cruz,09:46
90274,Santa Cruz,09:49
90276,Santa Cruz,09:52
90280,Santa Cruz,09:54
90262,Khar Road,09:37
90264,Khar Road,09:38
94024,Khar Road,09:41
90268,Khar Road,09:46
90272,Khar Road,09:49
90274,Khar Road,09:52
90276,Khar Road,09:55
90280,Khar Road,09:57
90262,BANDRA,09:41
90264,BANDRA,09:44
93202,BANDRA,09:28
94024,BANDRA,09:47
90266,BANDRA,09:40
90268,BANDRA,09:50
90270,BANDRA,09:43
90272,BANDRA,09:53
90274,BANDRA,09:56
90276,BANDRA,09:59
92232,BANDRA,09:55
90280,BANDRA,10:02
90262,Mahim Jn.,09:44
90264,Mahim Jn.,09:47
94024,Mahim Jn.,09:50
90268,Mahim Jn.,09:53
90272,Mahim Jn.,09:56
90274,Mahim Jn.,09:59
90276,Mahim Jn.,10:02
90280,Mahim Jn.,10:05
90262,Matunga Road,09:47
90264,Matunga Road,09:50
94024,Matunga Road,09:53
90268,Matunga Road,09:56
90272,Matunga Road,09:59
90274,Matunga Road,10:02
90276,Matunga Road,10:05
90280,Matunga Road,10:08
90262,DADAR,09:51
90264,DADAR,09:54
93202,DADAR,09:34
94024,DADAR,09:57
90266,DADAR,09:45
90268,DADAR,10:00
90270,DADAR,09:48
90272,DADAR,10:03
90274,DADAR,10:06
90276,DADAR,10:09
92232,DADAR,10:01
90280,DADAR,10:12
90262,Prabhadevi,09:53
90264,Prabhadevi,09:56
94024,Prabhadevi,09:59
90268,Prabhadevi,10:02
90272,Prabhadevi,10:05
90274,Prabhadevi,10:08
90276,Prabhadevi,10:11
90280,Prabhadevi,10:14
90262,Lower Parel,09:56
90264,Lower Parel,09:59
94024,Lower Parel,10:02
90268,Lower Parel,10:05
90272,Lower Parel,10:08
90274,Lower Parel,10:11
90276,Lower Parel,10:14
90280,Lower Parel,10:17
90262,Mahalakshmi,09:59
90264,Mahalakshmi,10:02
94024,Mahalakshmi,10:05
90268,Mahalakshmi,10:08
90272,Mahalakshmi,10:11
90274,Mahalakshmi,10:14
90276,Mahalakshmi,10:17
90280,Mahalakshmi,10:20
90262,M'BAI CENTRAL(L),10:02
90264,M'BAI CENTRAL(L),10:05
93202,M'BAI CENTRAL(L),09:41
94024,M'BAI CENTRAL(L),10:08
90266,M'BAI CENTRAL(L),09:52
90268,M'BAI CENTRAL(L),10:11
90270,M'BAI CENTRAL(L),09:55
90272,M'BAI CENTRAL(L),10:14
90274,M'BAI CENTRAL(L),10:17
90276,M'BAI CENTRAL(L),10:20
92232,M'BAI CENTRAL(L),10:08
90280,M'BAI CENTRAL(L),10:23
90262,Grant Road,10:04
90264,Grant Road,10:07
94024,Grant Road,10:10
90266,Grant Road,09:54
90268,Grant Road,10:13
90270,Grant Road,09:57
90272,Grant Road,10:16
90274,Grant Road,10:19
90276,Grant Road,10:22
90280,Grant Road,10:25
90262,Charni Road,10:06
90264,Charni Road,10:09
94024,Charni Road,10:12
90266,Charni Road,09:56
90268,Charni Road,10:15
90270,Charni Road,09:59
90272,Charni Road,10:18
90274,Charni Road,10:21
90276,Charni Road,10:24
90280,Charni Road,10:27
90262,Marine Lines,10:09
90264,Marine Lines,10:12
94024,Marine Lines,10:15
90266,Marine Lines,09:59
90268,Marine Lines,10:18
90270,Marine Lines,10:02
90272,Marine Lines,10:21
90274,Marine Lines,10:24
90276,Marine Lines,10:27
90280,Marine Lines,10:30
90262,CHURCHGATE,10:13
90264,CHURCHGATE,10:16
93202,CHURCHGATE,09:56
94024,CHURCHGATE,10:20
90266,CHURCHGATE,10:03
90268,CHURCHGATE,10:23
90270,CHURCHGATE,10:08
90272,CHURCHGATE,10:27
90274,CHURCHGATE,10:30
90276,CHURCHGATE,10:33
92232,CHURCHGATE,10:19
90280,CHURCHGATE,10:36
90290,VIRAR,08:53
92056,VIRAR,09:00
90294,VIRAR,09:04
92058,VIRAR,09:05
94028,VIRAR,09:09
90290,Nalla Sopara,09:00
92056,Nalla Sopara,09:06
90294,Nalla Sopara,09:10
92058,Nalla Sopara,09:12
94028,Nalla Sopara,09:15
90290,VASAI ROAD,09:05
92054,VASAI ROAD,09:08
92056,VASAI ROAD,09:12
90294,VASAI ROAD,09:15
92058,VASAI ROAD,09:17
94028,VASAI ROAD,09:20
90290,Naigaon,09:09
92054,Naigaon,09:14
92056,Naigaon,09:18
90294,Naigaon,09:20
92058,Naigaon,09:21
94028,Naigaon,09:25
90290,BHAYANDAR,09:15
92054,BHAYANDAR,09:20
92056,BHAYANDAR,09:24
90294,BHAYANDAR,09:26
92058,BHAYANDAR,09:27
94028,BHAYANDAR,09:31
90290,Mira Road,09:20
92054,Mira Road,09:25
92056,Mira Road,09:29
90294,Mira Road,09:31
92058,Mira Road,09:32
94028,Mira Road,09:36
90290,Dahisar,09:25
92054,Dahisar,09:29
92056,Dahisar,09:33
90294,Dahisar,09:35
92058,Dahisar,09:36
94028,Dahisar,09:40
90288,BORIVALI,09:28
90290,BORIVALI,09:31
92054,BORIVALI,09:33
94026,BORIVALI,09:35
90292,BORIVALI,09:38
90294,BORIVALI,09:41
90296,BORIVALI,09:41
92058,BORIVALI,09:41
94028,BORIVALI,09:45
90288,Kandivali,09:35
92054,Kandivali,09:38
94026,Kandivali,09:41
90292,Kandivali,09:44
90296,Kandivali,09:47
90288,Malad,09:38
92054,Malad,09:42
94026,Malad,09:44
90292,Malad,09:47
90296,Malad,09:50
90282,Goregaon,09:30
90286,Goregaon,09:40
90288,Goregaon,09:42
92054,Goregaon,09:45
94026,Goregaon,09:48
90292,Goregaon,09:50
90296,Goregaon,09:53
90286,Ram Mandir,09:44
90288,Ram Mandir,09:44
92054,Ram Mandir,09:47
90292,Ram Mandir,09:52
90296,Ram Mandir,09:55
90282,Jogeshwari,09:35
90286,Jogeshwari,09:47
90288,Jogeshwari,09:47
92054,Jogeshwari,09:50
94026,Jogeshwari,09:53
90292,Jogeshwari,09:55
90296,Jogeshwari,09:58
90284,ANDHERI,09:50
90286,ANDHERI,09:52
90288,ANDHERI,09:53
90290,ANDHERI,09:48
92054,ANDHERI,09:56
94026,ANDHERI,09:57
92056,ANDHERI,09:52
90292,ANDHERI,10:00
90296,ANDHERI,10:03
92058,ANDHERI,09:56
94028,ANDHERI,09:58
90284,Vile Parle,09:55
90286,Vile Parle,09:57
90288,Vile Parle,09:58
90292,Vile Parle,10:05
90296,Vile Parle,10:08
90284,Santa Cruz,09:58
90286,Santa Cruz,10:00
90288,Santa Cruz,10:01
90292,Santa Cruz,10:08
90296,Santa Cruz,10:11
90284,Khar Road,10:01
90286,Khar Road,10:03
90288,Khar Road,10:05
90292,Khar Road,10:11
90296,Khar Road,10:14
90282,BANDRA,09:50
90284,BANDRA,10:06
90286,BANDRA,10:09
90288,BANDRA,10:12
90290,BANDRA,09:58
94026,BANDRA,10:06
92056,BANDRA,10:02
90292,BANDRA,10:15
90296,BANDRA,10:18
94028,BANDRA,10:09
90284,Mahim Jn.,10:09
90286,Mahim Jn.,10:12
90288,Mahim Jn.,10:15
90292,Mahim Jn.,10:18
90296,Mahim Jn.,10:21
90284,Matunga Road,10:12
90286,Matunga Road,10:15
90288,Matunga Road,10:18
90292,Matunga Road,10:21
90296,Matunga Road,10:24
90282,DADAR,09:56
90284,DADAR,10:16
90286,DADAR,10:19
90288,DADAR,10:22
90290,DADAR,10:04
94026,DADAR,10:12
92056,DADAR,10:10
90292,DADAR,10:25
90296,DADAR,10:28
94028,DADAR,10:15
90284,Prabhadevi,10:18
90286,Prabhadevi,10:21
90288,Prabhadevi,10:24
90292,Prabhadevi,10:27
90296,Prabhadevi,10:30
90284,Lower Parel,10:21
90286,Lower Parel,10:24
90288,Lower Parel,10:27
90292,Lower Parel,10:30
90296,Lower Parel,10:33
90284,Mahalakshmi,10:24
90286,Mahalakshmi,10:27
90288,Mahalakshmi,10:30
90292,Mahalakshmi,10:33
90296,Mahalakshmi,10:36
90282,M'BAI CENTRAL(L),10:03
90284,M'BAI CENTRAL(L),10:27
90286,M'BAI CENTRAL(L),10:30
90288,M'BAI CENTRAL(L),10:33
90290,M'BAI CENTRAL(L),10:11
94026,M'BAI CENTRAL(L),10:19
90292,M'BAI CENTRAL(L),10:36
90296,M'BAI CENTRAL(L),10:39
94028,M'BAI CENTRAL(L),10:22
90282,Grant Road,10:05
90284,Grant Road,10:29
90286,Grant Road,10:32
90288,Grant Road,10:35
90290,Grant Road,10:13
94026,Grant Road,10:21
90292,Grant Road,10:38
90296,Grant Road,10:41
94028,Grant Road,10:24
90282,Charni Road,10:07
90284,Charni Road,10:31
90286,Charni Road,10:34
90288,Charni Road,10:37
90290,Charni Road,10:15
94026,Charni Road,10:23
90292,Charni Road,10:40
90296,Charni Road,10:43
94028,Charni Road,10:26
90282,Marine Lines,10:10
90284,Marine Lines,10:34
90286,Marine Lines,10:37
90288,Marine Lines,10:40
90290,Marine Lines,10:18
94026,Marine Lines,10:26
90292,Marine Lines,10:43
90296,Marine Lines,10:46
94028,Marine Lines,10:29
90282,CHURCHGATE,10:14
90284,CHURCHGATE,10:39
90286,CHURCHGATE,10:42
90288,CHURCHGATE,10:45
90290,CHURCHGATE,10:23
94026,CHURCHGATE,10:29
90292,CHURCHGATE,10:48
90296,CHURCHGATE,10:51
94028,CHURCHGATE,10:32
90310,VIRAR,09:15
92062,VIRAR,09:19
94030,VIRAR,09:23
92064,VIRAR,09:24
90310,Nalla Sopara,09:22
92062,Nalla Sopara,09:25
94030,Nalla Sopara,09:29
92064,Nalla Sopara,09:31
90310,VASAI ROAD,09:27
92062,VASAI ROAD,09:30
94030,VASAI ROAD,09:35
92064,VASAI ROAD,09:36
90310,Naigaon,09:33
92062,Naigaon,09:34
94030,Naigaon,09:39
92064,Naigaon,09:40
92060,BHAYANDAR,09:35
90310,BHAYANDAR,09:39
92062,BHAYANDAR,09:40
94030,BHAYANDAR,09:45
92064,BHAYANDAR,09:46
92060,Mira Road,09:41
90310,Mira Road,09:45
92062,Mira Road,09:45
94030,Mira Road,09:50
92064,Mira Road,09:51
92060,Dahisar,09:45
90310,Dahisar,09:50
92062,Dahisar,09:49
94030,Dahisar,09:55
92064,Dahisar,09:56
92216,BORIVALI,09:48
92060,BORIVALI,09:50
90306,BORIVALI,09:50
90310,BORIVALI,09:55
92062,BORIVALI,09:55
90312,BORIVALI,09:55
94030,BORIVALI,10:00
90316,BORIVALI,10:00
92064,BORIVALI,10:04
92216,Kandivali,09:56
90306,Kandivali,09:56
90312,Kandivali,10:01
90316,Kandivali,10:05
92216,Malad,09:59
90306,Malad,09:59
90312,Malad,10:04
90316,Malad,10:08
90300,Goregaon,09:53
90302,Goregaon,09:57
90306,Goregaon,10:02
90312,Goregaon,10:07
90316,Goregaon,10:11
94126,Goregaon,10:11
90302,Ram Mandir,10:00
92216,Ram Mandir,10:04
90306,Ram Mandir,10:04
90312,Ram Mandir,10:09
90316,Ram Mandir,10:13
94126,Ram Mandir,10:15
90300,Jogeshwari,09:58
90302,Jogeshwari,10:03
90306,Jogeshwari,10:07
90312,Jogeshwari,10:12
90316,Jogeshwari,10:16
94126,Jogeshwari,10:17
90302,ANDHERI,10:07
92216,ANDHERI,10:09
92060,ANDHERI,10:05
90306,ANDHERI,10:12
90308,ANDHERI,10:14
90310,ANDHERI,10:12
90312,ANDHERI,10:17
94030,ANDHERI,10:15
90316,ANDHERI,10:21
94126,ANDHERI,10:22
90302,Vile Parle,10:12
90306,Vile Parle,10:15
90308,Vile Parle,10:18
90312,Vile Parle,10:21
90316,Vile Parle,10:24
94126,Vile Parle,10:26
90302,Santa Cruz,10:15
90306,Santa Cruz,10:18
90308,Santa Cruz,10:21
90312,Santa Cruz,10:24
90316,Santa Cruz,10:27
94126,Santa Cruz,10:29
90302,Khar Road,10:18
90306,Khar Road,10:21
90308,Khar Road,10:24
90312,Khar Road,10:27
90316,Khar Road,10:30
94126,Khar Road,10:32
90300,BANDRA,10:13
90302,BANDRA,10:22
92216,BANDRA,10:19
92060,BANDRA,10:16
90306,BANDRA,10:25
90308,BANDRA,10:28
90310,BANDRA,10:22
90312,BANDRA,10:31
94030,BANDRA,10:25
90316,BANDRA,10:34
94126,BANDRA,10:37
90302,Mahim Jn.,10:25
90306,Mahim Jn.,10:28
90308,Mahim Jn.,10:31
90312,Mahim Jn.,10:34
90316,Mahim Jn.,10:38
94126,Mahim Jn.,10:41
90302,Matunga Road,10:28
90306,Matunga Road,10:31
90308,Matunga Road,10:34
90312,Matunga Road,10:37
90316,Matunga Road,10:41
94126,Matunga Road,10:44
90300,DADAR,10:19
90302,DADAR,10:32
92216,DADAR,10:25
92060,DADAR,10:24
90306,DADAR,10:35
90308,DADAR,10:38
90310,DADAR,10:28
90312,DADAR,10:41
94030,DADAR,10:31
90316,DADAR,10:45
94126,DADAR,10:48
90302,Prabhadevi,10:34
90306,Prabhadevi,10:37
90308,Prabhadevi,10:40
90312,Prabhadevi,10:43
90316,Prabhadevi,10:47
94126,Prabhadevi,10:50
90302,Lower Parel,10:37
90306,Lower Parel,10:40
90308,Lower Parel,10:43
90312,Lower Parel,10:46
90316,Lower Parel,10:50
94126,Lower Parel,10:53
90302,Mahalakshmi,10:40
90306,Mahalakshmi,10:43
90308,Mahalakshmi,10:46
90312,Mahalakshmi,10:49
90316,Mahalakshmi,10:53
94126,Mahalakshmi,10:56
90300,M'BAI CENTRAL(L),10:26
90302,M'BAI CENTRAL(L),10:43
92216,M'BAI CENTRAL(L),10:32
90306,M'BAI CENTRAL(L),10:46
90308,M'BAI CENTRAL(L),10:49
90310,M'BAI CENTRAL(L),10:35
90312,M'BAI CENTRAL(L),10:52
94030,M'BAI CENTRAL(L),10:38
90316,M'BAI CENTRAL(L),10:56
94126,M'BAI CENTRAL(L),10:59
90300,Grant Road,10:28
90302,Grant Road,10:45
90306,Grant Road,10:48
90308,Grant Road,10:51
90310,Grant Road,10:37
90312,Grant Road,10:54
94030,Grant Road,10:40
90316,Grant Road,10:58
94126,Grant Road,11:01
90300,Charni Road,10:30
90302,Charni Road,10:47
90306,Charni Road,10:50
90308,Charni Road,10:53
90310,Charni Road,10:39
90312,Charni Road,10:56
94030,Charni Road,10:42
90316,Charni Road,11:00
94126,Charni Road,11:03
90300,Marine Lines,10:33
90302,Marine Lines,10:50
90306,Marine Lines,10:53
90308,Marine Lines,10:56
90310,Marine Lines,10:42
90312,Marine Lines,10:59
94030,Marine Lines,10:45
90316,Marine Lines,11:03
94126,Marine Lines,11:06
90300,CHURCHGATE,10:36
90302,CHURCHGATE,10:54
92216,CHURCHGATE,10:42
90306,CHURCHGATE,10:57
90308,CHURCHGATE,11:00
90310,CHURCHGATE,10:46
90312,CHURCHGATE,11:03
94030,CHURCHGATE,10:50
90316,CHURCHGATE,11:06
94126,CHURCHGATE,11:09
90324,VIRAR,09:30
92066,VIRAR,09:37
92068,VIRAR,09:41
90334,VIRAR,09:43
90324,Nalla Sopara,09:36
92066,Nalla Sopara,09:43
92068,Nalla Sopara,09:47
90334,Nalla Sopara,09:49
90324,VASAI ROAD,09:41
92066,VASAI ROAD,09:49
92068,VASAI ROAD,09:52
90334,VASAI ROAD,09:54
90324,Naigaon,09:46
92066,Naigaon,09:54
92068,Naigaon,09:57
90334,Naigaon,09:59
90322,BHAYANDAR,09:49
90324,BHAYANDAR,09:53
92066,BHAYANDAR,10:00
92068,BHAYANDAR,10:03
90334,BHAYANDAR,10:05
90322,Mira Road,09:56
90324,Mira Road,09:59
92066,Mira Road,10:05
92068,Mira Road,10:07
90334,Mira Road,10:10
90322,Dahisar,10:00
90324,Dahisar,10:04
92066,Dahisar,10:09
92068,Dahisar,10:11
90334,Dahisar,10:14
90320,BORIVALI,10:04
90322,BORIVALI,10:05
90324,BORIVALI,10:10
90328,BORIVALI,10:06
92066,BORIVALI,10:14
92068,BORIVALI,10:16
90332,BORIVALI,10:12
90334,BORIVALI,10:18
94032,BORIVALI,10:16
90340,BORIVALI,10:19
90320,Kandivali,10:10
90328,Kandivali,10:13
90332,Kandivali,10:18
94032,Kandivali,10:21
90340,Kandivali,10:25
90320,Malad,10:13
90328,Malad,10:16
90332,Malad,10:21
94032,Malad,10:24
90340,Malad,10:28
90320,Goregaon,10:16
90326,Goregaon,10:18
90328,Goregaon,10:19
90332,Goregaon,10:24
94032,Goregaon,10:27
90338,Goregaon,10:29
90340,Goregaon,10:31
90320,Ram Mandir,10:18
90326,Ram Mandir,10:21
90332,Ram Mandir,10:26
90338,Ram Mandir,10:32
90340,Ram Mandir,10:33
90320,Jogeshwari,10:21
90326,Jogeshwari,10:24
90328,Jogeshwari,10:24
90332,Jogeshwari,10:29
94032,Jogeshwari,10:32
90338,Jogeshwari,10:35
90340,Jogeshwari,10:36
90320,ANDHERI,10:26
90322,ANDHERI,10:18
90324,ANDHERI,10:25
90326,ANDHERI,10:27
90328,ANDHERI,10:28
92066,ANDHERI,10:29
90330,ANDHERI,10:31
90332,ANDHERI,10:34
90334,ANDHERI,10:31
94032,ANDHERI,10:37
90338,ANDHERI,10:39
90340,ANDHERI,10:40
90320,Vile Parle,10:29
90326,Vile Parle,10:33
90330,Vile Parle,10:36
90332,Vile Parle,10:38
90338,Vile Parle,10:42
90340,Vile Parle,10:44
90320,Santa Cruz,10:32
90326,Santa Cruz,10:36
90330,Santa Cruz,10:39
90332,Santa Cruz,10:41
90338,Santa Cruz,10:45
90340,Santa Cruz,10:47
90320,Khar Road,10:35
90326,Khar Road,10:39
90330,Khar Road,10:42
90332,Khar Road,10:44
90338,Khar Road,10:48
90340,Khar Road,10:50
90320,BANDRA,10:40
90322,BANDRA,10:28
90324,BANDRA,10:35
90326,BANDRA,10:44
90328,BANDRA,10:38
90330,BANDRA,10:47
90332,BANDRA,10:49
90334,BANDRA,10:41
94032,BANDRA,10:47
90338,BANDRA,10:52
90340,BANDRA,10:55
90320,Mahim Jn.,10:44
90326,Mahim Jn.,10:47
90330,Mahim Jn.,10:50
90332,Mahim Jn.,10:52
90338,Mahim Jn.,10:55
90340,Mahim Jn.,10:58
90320,Matunga Road,10:47
90326,Matunga Road,10:50
90330,Matunga Road,10:53
90332,Matunga Road,10:55
90338,Matunga Road,10:58
90340,Matunga Road,11:01
90320,DADAR,10:51
90322,DADAR,10:34
90324,DADAR,10:40
90326,DADAR,10:54
90328,DADAR,10:44
90330,DADAR,10:57
90332,DADAR,10:59
90334,DADAR,10:47
94032,DADAR,10:53
90338,DADAR,11:02
90340,DADAR,11:05
90320,Prabhadevi,10:53
90326,Prabhadevi,10:56
90330,Prabhadevi,10:59
90332,Prabhadevi,11:01
90338,Prabhadevi,11:04
90340,Prabhadevi,11:07
90320,Lower Parel,10:56
90326,Lower Parel,10:59
90330,Lower Parel,11:02
90332,Lower Parel,11:04
90338,Lower Parel,11:07
90340,Lower Parel,11:10
90320,Mahalakshmi,10:59
90326,Mahalakshmi,11:02
90330,Mahalakshmi,11:05
90332,Mahalakshmi,11:07
90338,Mahalakshmi,11:10
90340,Mahalakshmi,11:13
90320,M'BAI CENTRAL(L),11:02
90322,M'BAI CENTRAL(L),10:41
90324,M'BAI CENTRAL(L),10:47
90326,M'BAI CENTRAL(L),11:05
90328,M'BAI CENTRAL(L),10:51
90330,M'BAI CENTRAL(L),11:08
90332,M'BAI CENTRAL(L),11:10
90334,M'BAI CENTRAL(L),10:54
94032,M'BAI CENTRAL(L),11:00
90338,M'BAI CENTRAL(L),11:13
90340,M'BAI CENTRAL(L),11:16
90320,Grant Road,11:04
90322,Grant Road,10:43
90324,Grant Road,10:49
90326,Grant Road,11:07
90328,Grant Road,10:53
90330,Grant Road,11:10
90332,Grant Road,11:12
90334,Grant Road,10:56
94032,Grant Road,11:02
90338,Grant Road,11:15
90340,Grant Road,11:18
90320,Charni Road,11:06
90322,Charni Road,10:45
90324,Charni Road,10:51
90326,Charni Road,11:09
90328,Charni Road,10:55
90330,Charni Road,11:12
90332,Charni Road,11:14
90334,Charni Road,10:58
94032,Charni Road,11:04
90338,Charni Road,11:17
90340,Charni Road,11:20
90320,Marine Lines,11:09
90322,Marine Lines,10:48
90324,Marine Lines,10:54
90326,Marine Lines,11:12
90328,Marine Lines,10:58
90330,Marine Lines,11:15
90332,Marine Lines,11:17
90334,Marine Lines,11:01
94032,Marine Lines,11:07
90338,Marine Lines,11:20
90340,Marine Lines,11:23
90320,CHURCHGATE,11:12
90322,CHURCHGATE,10:53
90324,CHURCHGATE,10:57
90326,CHURCHGATE,11:15
90328,CHURCHGATE,11:03
90330,CHURCHGATE,11:18
90332,CHURCHGATE,11:21
90334,CHURCHGATE,11:06
94032,CHURCHGATE,11:12
90338,CHURCHGATE,11:24
90340,CHURCHGATE,11:27
90342,VIRAR,09:47
93010,VIRAR,09:49
92070,VIRAR,09:52
90356,VIRAR,09:56
94114,VIRAR,10:08
92074,VIRAR,10:04
90342,Nalla Sopara,09:53
92070,Nalla Sopara,09:58
90356,Nalla Sopara,10:02
94114,Nalla Sopara,10:14
92074,Nalla Sopara,10:10
90342,VASAI ROAD,09:58
93010,VASAI ROAD,09:59
92070,VASAI ROAD,10:03
90350,VASAI ROAD,10:02
90356,VASAI ROAD,10:07
94114,VASAI ROAD,10:19
92074,VASAI ROAD,10:15
90342,Naigaon,10:03
92070,Naigaon,10:09
90350,Naigaon,10:08
90356,Naigaon,10:12
94114,Naigaon,10:23
92074,Naigaon,10:19
90342,BHAYANDAR,10:08
93010,BHAYANDAR,10:08
90346,BHAYANDAR,10:11
92070,BHAYANDAR,10:15
90350,BHAYANDAR,10:14
90356,BHAYANDAR,10:18
92072,BHAYANDAR,10:20
94114,BHAYANDAR,10:29
92074,BHAYANDAR,10:25
90342,Mira Road,10:13
90346,Mira Road,10:17
92070,Mira Road,10:20
90350,Mira Road,10:20
90356,Mira Road,10:23
92072,Mira Road,10:27
94114,Mira Road,10:34
92074,Mira Road,10:30
90342,Dahisar,10:17
90346,Dahisar,10:21
92070,Dahisar,10:24
90350,Dahisar,10:24
90356,Dahisar,10:27
92072,Dahisar,10:31
94114,Dahisar,10:38
92074,Dahisar,10:34
90342,BORIVALI,10:22
93010,BORIVALI,10:21
90344,BORIVALI,10:22
90346,BORIVALI,10:26
92070,BORIVALI,10:29
90350,BORIVALI,10:28
90352,BORIVALI,10:31
90356,BORIVALI,10:33
90358,BORIVALI,10:36
92072,BORIVALI,10:36
94114,BORIVALI,10:43
92074,BORIVALI,10:39
90344,Kandivali,10:28
90350,Kandivali,10:32
90352,Kandivali,10:36
90358,Kandivali,10:40
92074,Kandivali,10:43
90344,Malad,10:31
90350,Malad,10:35
90352,Malad,10:39
90358,Malad,10:43
92074,Malad,10:46
90344,Goregaon,10:34
90350,Goregaon,10:38
90352,Goregaon,10:42
90358,Goregaon,10:46
92074,Goregaon,10:49
90350,Ram Mandir,10:40
90352,Ram Mandir,10:44
92074,Ram Mandir,10:51
90344,Jogeshwari,10:39
90350,Jogeshwari,10:43
90352,Jogeshwari,10:47
90358,Jogeshwari,10:51
92074,Jogeshwari,10:54
90342,ANDHERI,10:35
90344,ANDHERI,10:43
90346,ANDHERI,10:40
92070,ANDHERI,10:44
90348,ANDHERI,10:45
90350,ANDHERI,10:48
90352,ANDHERI,10:51
90356,ANDHERI,10:47
90358,ANDHERI,10:56
92072,ANDHERI,10:50
94114,ANDHERI,10:54
92074,ANDHERI,11:00
90348,Vile Parle,10:49
90350,Vile Parle,10:53
90352,Vile Parle,10:56
90348,Santa Cruz,10:52
90350,Santa Cruz,10:56
90352,Santa Cruz,10:59
90348,Khar Road,10:55
90350,Khar Road,10:59
90352,Khar Road,11:02
90342,BANDRA,10:44
90344,BANDRA,10:53
90346,BANDRA,10:50
90348,BANDRA,10:59
90350,BANDRA,11:03
90352,BANDRA,11:06
90356,BANDRA,10:57
90358,BANDRA,11:06
92072,BANDRA,11:00
94114,BANDRA,11:03
90348,Mahim Jn.,11:03
90350,Mahim Jn.,11:06
90352,Mahim Jn.,11:09
90348,Matunga Road,11:06
90350,Matunga Road,11:09
90352,Matunga Road,11:12
90342,DADAR,10:50
90344,DADAR,10:58
90346,DADAR,10:55
90348,DADAR,11:09
90350,DADAR,11:13
90352,DADAR,11:16
90356,DADAR,11:02
90358,DADAR,11:12
92072,DADAR,11:06
94114,DADAR,11:09
90348,Prabhadevi,11:11
90350,Prabhadevi,11:15
90352,Prabhadevi,11:18
90348,Lower Parel,11:14
90350,Lower Parel,11:18
90352,Lower Parel,11:21
90348,Mahalakshmi,11:17
90350,Mahalakshmi,11:21
90352,Mahalakshmi,11:24
90342,M'BAI CENTRAL(L),10:57
90344,M'BAI CENTRAL(L),11:05
90346,M'BAI CENTRAL(L),11:02
90348,M'BAI CENTRAL(L),11:20
90350,M'BAI CENTRAL(L),11:24
90352,M'BAI CENTRAL(L),11:26
90356,M'BAI CENTRAL(L),11:09
90358,M'BAI CENTRAL(L),11:19
92072,M'BAI CENTRAL(L),11:13
94114,M'BAI CENTRAL(L),11:16
90342,Grant Road,10:59
90344,Grant Road,11:07
90346,Grant Road,11:04
90348,Grant Road,11:22
90350,Grant Road,11:26
90352,Grant Road,11:29
90356,Grant Road,11:11
90358,Grant Road,11:21
94114,Grant Road,11:18
90342,Charni Road,11:01
90344,Charni Road,11:09
90346,Charni Road,11:06
90348,Charni Road,11:24
90350,Charni Road,11:28
90352,Charni Road,11:31
90356,Charni Road,11:13
90358,Charni Road,11:23
94114,Charni Road,11:20
90342,Marine Lines,11:04
90344,Marine Lines,11:12
90346,Marine Lines,11:09
90348,Marine Lines,11:27
90350,Marine Lines,11:31
90352,Marine Lines,11:34
90356,Marine Lines,11:16
90358,Marine Lines,11:26
94114,Marine Lines,11:23
90342,CHURCHGATE,11:09
90344,CHURCHGATE,11:18
90346,CHURCHGATE,11:15
90348,CHURCHGATE,11:30
90350,CHURCHGATE,11:36
90352,CHURCHGATE,11:40
90356,CHURCHGATE,11:21
90358,CHURCHGATE,11:30
92072,CHURCHGATE,11:24
94114,CHURCHGATE,11:27
90364,VIRAR,10:12
92076,VIRAR,10:16
94034,VIRAR,10:20
90382,VIRAR,10:29
90364,Nalla Sopara,10:18
92076,Nalla Sopara,10:22
94034,Nalla Sopara,10:26
90382,Nalla Sopara,10:35
90364,VASAI ROAD,10:23
92076,VASAI ROAD,10:27
94034,VASAI ROAD,10:31
90382,VASAI ROAD,10:40
90364,Naigaon,10:27
92076,Naigaon,10:32
94034,Naigaon,10:36
90382,Naigaon,10:45
90364,BHAYANDAR,10:33
92076,BHAYANDAR,10:38
94034,BHAYANDAR,10:42
90382,BHAYANDAR,10:51
90364,Mira Road,10:38
92076,Mira Road,10:43
94034,Mira Road,10:47
90382,Mira Road,10:56
90364,Dahisar,10:42
92076,Dahisar,10:47
94034,Dahisar,10:51
90382,Dahisar,11:01
90362,BORIVALI,10:40
90364,BORIVALI,10:47
90368,BORIVALI,10:47
94138,BORIVALI,10:50
92076,BORIVALI,10:53
90374,BORIVALI,10:53
94034,BORIVALI,10:55
90376,BORIVALI,10:57
90380,BORIVALI,11:01
90382,BORIVALI,11:07
90362,Kandivali,10:46
90368,Kandivali,10:51
94138,Kandivali,10:55
90374,Kandivali,10:58
90376,Kandivali,11:02
90380,Kandivali,11:07
90382,Kandivali,11:13
90362,Malad,10:49
90368,Malad,10:54
94138,Malad,10:58
90374,Malad,11:01
90376,Malad,11:05
90380,Malad,11:10
90382,Malad,11:16
90362,Goregaon,10:53
90366,Goregaon,10:53
90368,Goregaon,10:58
94138,Goregaon,11:02
90372,Goregaon,11:02
90374,Goregaon,11:05
90376,Goregaon,11:09
90380,Goregaon,11:13
90382,Goregaon,11:20
90362,Ram Mandir,10:55
90366,Ram Mandir,10:57
90368,Ram Mandir,11:00
90372,Ram Mandir,11:06
90374,Ram Mandir,11:07
90376,Ram Mandir,11:11
90380,Ram Mandir,11:15
90382,Ram Mandir,11:22
90362,Jogeshwari,10:58
90366,Jogeshwari,11:00
90368,Jogeshwari,11:03
94138,Jogeshwari,11:07
90372,Jogeshwari,11:09
90374,Jogeshwari,11:10
90376,Jogeshwari,11:14
90380,Jogeshwari,11:18
90382,Jogeshwari,11:25
90362,ANDHERI,11:03
90364,ANDHERI,11:00
90366,ANDHERI,11:03
90368,ANDHERI,11:08
94138,ANDHERI,11:12
90372,ANDHERI,11:12
90374,ANDHERI,11:15
94034,ANDHERI,11:09
90376,ANDHERI,11:18
90378,ANDHERI,11:21
90380,ANDHERI,11:24
90382,ANDHERI,11:30
90362,Vile Parle,11:06
90366,Vile Parle,11:08
90368,Vile Parle,11:11
90372,Vile Parle,11:16
90374,Vile Parle,11:18
90376,Vile Parle,11:21
90378,Vile Parle,11:25
90380,Vile Parle,11:28
90382,Vile Parle,11:33
90362,Santa Cruz,11:09
90366,Santa Cruz,11:11
90368,Santa Cruz,11:14
90372,Santa Cruz,11:19
90374,Santa Cruz,11:21
90376,Santa Cruz,11:24
90378,Santa Cruz,11:28
90380,Santa Cruz,11:31
90382,Santa Cruz,11:36
90362,Khar Road,11:12
90366,Khar Road,11:14
90368,Khar Road,11:17
90372,Khar Road,11:22
90374,Khar Road,11:24
90376,Khar Road,11:27
90378,Khar Road,11:31
90380,Khar Road,11:34
90382,Khar Road,11:39
90362,BANDRA,11:16
90364,BANDRA,11:10
90366,BANDRA,11:18
90368,BANDRA,11:21
94138,BANDRA,11:22
90372,BANDRA,11:26
90374,BANDRA,11:28
94034,BANDRA,11:18
90376,BANDRA,11:31
90378,BANDRA,11:34
90380,BANDRA,11:37
90382,BANDRA,11:45
90362,Mahim Jn.,11:19
90366,Mahim Jn.,11:21
90368,Mahim Jn.,11:24
90372,Mahim Jn.,11:29
90374,Mahim Jn.,11:31
90376,Mahim Jn.,11:34
90378,Mahim Jn.,11:37
90380,Mahim Jn.,11:40
90362,Matunga Road,11:22
90366,Matunga Road,11:24
90368,Matunga Road,11:27
90372,Matunga Road,11:32
90374,Matunga Road,11:34
90376,Matunga Road,11:37
90378,Matunga Road,11:40
90380,Matunga Road,11:43
90362,DADAR,11:25
90364,DADAR,11:16
90366,DADAR,11:28
90368,DADAR,11:31
94138,DADAR,11:28
90372,DADAR,11:36
90374,DADAR,11:38
94034,DADAR,11:24
90376,DADAR,11:41
90378,DADAR,11:44
90380,DADAR,11:47
90362,Prabhadevi,11:27
90366,Prabhadevi,11:30
90368,Prabhadevi,11:33
90372,Prabhadevi,11:38
90374,Prabhadevi,11:40
90376,Prabhadevi,11:43
90378,Prabhadevi,11:46
90380,Prabhadevi,11:49
90362,Lower Parel,11:30
90366,Lower Parel,11:33
90368,Lower Parel,11:36
90372,Lower Parel,11:41
90374,Lower Parel,11:43
90376,Lower Parel,11:46
90378,Lower Parel,11:49
90380,Lower Parel,11:52
90362,Mahalakshmi,11:33
90366,Mahalakshmi,11:36
90368,Mahalakshmi,11:39
90372,Mahalakshmi,11:44
90374,Mahalakshmi,11:46
90376,Mahalakshmi,11:49
90378,Mahalakshmi,11:52
90380,Mahalakshmi,11:55
90362,M'BAI CENTRAL(L),11:36
90364,M'BAI CENTRAL(L),11:23
90366,M'BAI CENTRAL(L),11:39
90368,M'BAI CENTRAL(L),11:42
94138,M'BAI CENTRAL(L),11:37
90372,M'BAI CENTRAL(L),11:47
90374,M'BAI CENTRAL(L),11:49
94034,M'BAI CENTRAL(L),11:33
90376,M'BAI CENTRAL(L),11:52
90378,M'BAI CENTRAL(L),11:55
90380,M'BAI CENTRAL(L),11:58
90362,Grant Road,11:38
90364,Grant Road,11:25
90366,Grant Road,11:41
90368,Grant Road,11:44
94138,Grant Road,11:39
90372,Grant Road,11:49
90374,Grant Road,11:51
94034,Grant Road,11:35
90376,Grant Road,11:54
90378,Grant Road,11:57
90380,Grant Road,12:00
90362,Charni Road,11:40
90364,Charni Road,11:27
90366,Charni Road,11:43
90368,Charni Road,11:46
94138,Charni Road,11:41
90372,Charni Road,11:51
90374,Charni Road,11:53
94034,Charni Road,11:37
90376,Charni Road,11:56
90378,Charni Road,11:59
90380,Charni Road,12:02
90362,Marine Lines,11:43
90364,Marine Lines,11:30
90366,Marine Lines,11:46
90368,Marine Lines,11:49
94138,Marine Lines,11:44
90372,Marine Lines,11:54
90374,Marine Lines,11:56
94034,Marine Lines,11:40
90376,Marine Lines,11:59
90378,Marine Lines,12:02
90380,Marine Lines,12:05
90362,CHURCHGATE,11:46
90364,CHURCHGATE,11:35
90366,CHURCHGATE,11:49
90368,CHURCHGATE,11:52
94138,CHURCHGATE,11:47
90372,CHURCHGATE,11:57
90374,CHURCHGATE,12:00
94034,CHURCHGATE,11:44
90376,CHURCHGATE,12:03
90378,CHURCHGATE,12:07
90380,CHURCHGATE,12:10
90388,VIRAR,10:33
92078,VIRAR,10:39
92080,VIRAR,10:44
93012,VIRAR,10:55
90388,Nalla Sopara,10:39
92078,Nalla Sopara,10:45
90388,VASAI ROAD,10:44
92078,VASAI ROAD,10:50
92080,VASAI ROAD,10:53
92082,VASAI ROAD,10:58
90388,Naigaon,10:49
92078,Naigaon,10:54
92082,Naigaon,11:04
90388,BHAYANDAR,10:54
92078,BHAYANDAR,11:00
92080,BHAYANDAR,11:01
90394,BHAYANDAR,11:04
92082,BHAYANDAR,11:10
90388,Mira Road,10:59
92078,Mira Road,11:05
90394,Mira Road,11:10
92082,Mira Road,11:15
90388,Dahisar,11:03
92078,Dahisar,11:09
92080,Dahisar,11:07
90394,Dahisar,11:14
92082,Dahisar,11:20
90386,BORIVALI,11:04
90388,BORIVALI,11:08
90390,BORIVALI,11:13
92078,BORIVALI,11:15
90394,BORIVALI,11:19
90398,BORIVALI,11:20
94036,BORIVALI,11:23
90402,BORIVALI,11:23
92082,BORIVALI,11:26
90386,Kandivali,11:10
90390,Kandivali,11:18
90398,Kandivali,11:25
90402,Kandivali,11:29
92082,Kandivali,11:32
90386,Malad,11:13
90390,Malad,11:21
90398,Malad,11:28
90402,Malad,11:32
92082,Malad,11:35
90384,Goregaon,11:16
90386,Goregaon,11:17
90390,Goregaon,11:24
90398,Goregaon,11:31
90402,Goregaon,11:35
92082,Goregaon,11:38
90384,Ram Mandir,11:19
90390,Ram Mandir,11:26
90398,Ram Mandir,11:33
90402,Ram Mandir,11:37
92082,Ram Mandir,11:40
90384,Jogeshwari,11:21
90386,Jogeshwari,11:22
90390,Jogeshwari,11:29
90398,Jogeshwari,11:36
90402,Jogeshwari,11:40
92082,Jogeshwari,11:43
90384,ANDHERI,11:26
90386,ANDHERI,11:27
90388,ANDHERI,11:20
90390,ANDHERI,11:34
92078,ANDHERI,11:32
92080,ANDHERI,11:23
90394,ANDHERI,11:35
90396,ANDHERI,11:37
90398,ANDHERI,11:41
94036,ANDHERI,11:38
90402,ANDHERI,11:46
92082,ANDHERI,11:49
90384,Vile Parle,11:30
90390,Vile Parle,11:37
90396,Vile Parle,11:42
90398,Vile Parle,11:45
90402,Vile Parle,11:50
90384,Santa Cruz,11:33
90390,Santa Cruz,11:40
90396,Santa Cruz,11:45
90398,Santa Cruz,11:48
90402,Santa Cruz,11:53
90384,Khar Road,11:36
90390,Khar Road,11:43
90396,Khar Road,11:48
90398,Khar Road,11:51
90402,Khar Road,11:56
90384,BANDRA,11:41
90386,BANDRA,11:37
90388,BANDRA,11:29
90390,BANDRA,11:48
92078,BANDRA,11:42
90394,BANDRA,11:44
90396,BANDRA,11:52
90398,BANDRA,11:55
94036,BANDRA,11:47
90402,BANDRA,12:01
90384,Mahim Jn.,11:44
90390,Mahim Jn.,11:51
90396,Mahim Jn.,11:55
90398,Mahim Jn.,11:58
90402,Mahim Jn.,12:04
90384,Matunga Road,11:47
90390,Matunga Road,11:54
90396,Matunga Road,11:58
90398,Matunga Road,12:01
90402,Matunga Road,12:07
90384,DADAR,11:51
90386,DADAR,11:43
90388,DADAR,11:35
90390,DADAR,11:58
92078,DADAR,11:48
92080,DADAR,11:41
90394,DADAR,11:50
90396,DADAR,12:02
90398,DADAR,12:05
94036,DADAR,11:53
90402,DADAR,12:11
90384,Prabhadevi,11:53
90390,Prabhadevi,12:00
90396,Prabhadevi,12:04
90398,Prabhadevi,12:07
90402,Prabhadevi,12:13
90384,Lower Parel,11:56
90390,Lower Parel,12:03
90396,Lower Parel,12:07
90398,Lower Parel,12:10
90402,Lower Parel,12:16
90384,Mahalakshmi,11:59
90390,Mahalakshmi,12:06
90396,Mahalakshmi,12:10
90398,Mahalakshmi,12:13
90402,Mahalakshmi,12:19
90384,M'BAI CENTRAL(L),12:02
90386,M'BAI CENTRAL(L),11:50
90388,M'BAI CENTRAL(L),11:43
90390,M'BAI CENTRAL(L),12:09
92078,M'BAI CENTRAL(L),11:55
90394,M'BAI CENTRAL(L),11:57
90396,M'BAI CENTRAL(L),12:13
90398,M'BAI CENTRAL(L),12:16
94036,M'BAI CENTRAL(L),12:00
90402,M'BAI CENTRAL(L),12:22
90384,Grant Road,12:04
90386,Grant Road,11:52
90388,Grant Road,11:45
90390,Grant Road,12:11
90394,Grant Road,11:59
90396,Grant Road,12:15
90398,Grant Road,12:18
94036,Grant Road,12:02
90402,Grant Road,12:24
90384,Charni Road,12:06
90386,Charni Road,11:54
90388,Charni Road,11:47
90390,Charni Road,12:13
90394,Charni Road,12:01
90396,Charni Road,12:17
90398,Charni Road,12:20
94036,Charni Road,12:04
90402,Charni Road,12:26
90384,Marine Lines,12:09
90386,Marine Lines,11:57
90388,Marine Lines,11:50
90390,Marine Lines,12:16
90394,Marine Lines,12:04
90396,Marine Lines,12:20
90398,Marine Lines,12:23
94036,Marine Lines,12:07
90402,Marine Lines,12:29
90384,CHURCHGATE,12:14
90386,CHURCHGATE,12:01
90388,CHURCHGATE,11:55
90390,CHURCHGATE,12:19
92078,CHURCHGATE,12:05
90394,CHURCHGATE,12:09
90396,CHURCHGATE,12:23
90398,CHURCHGATE,12:26
94036,CHURCHGATE,12:12
90402,CHURCHGATE,12:33
94038,VIRAR,10:52
92084,VIRAR,10:56
94042,VIRAR,11:00
90412,VIRAR,11:06
92086,VIRAR,11:10
92088,VIRAR,11:15
94038,Nalla Sopara,10:58
92084,Nalla Sopara,11:02
94042,Nalla Sopara,11:06
90412,Nalla Sopara,11:12
92086,Nalla Sopara,11:17
92088,Nalla Sopara,11:21
94038,VASAI ROAD,11:04
92084,VASAI ROAD,11:07
94042,VASAI ROAD,11:11
90412,VASAI ROAD,11:17
92086,VASAI ROAD,11:22
92088,VASAI ROAD,11:26
94038,Naigaon,11:08
92084,Naigaon,11:11
94042,Naigaon,11:16
90412,Naigaon,11:22
92086,Naigaon,11:26
92088,Naigaon,11:30
94038,BHAYANDAR,11:14
92084,BHAYANDAR,11:17
94042,BHAYANDAR,11:22
90412,BHAYANDAR,11:28
92086,BHAYANDAR,11:32
92088,BHAYANDAR,11:36
94038,Mira Road,11:20
92084,Mira Road,11:23
94042,Mira Road,11:27
90412,Mira Road,11:33
92086,Mira Road,11:37
92088,Mira Road,11:41
94038,Dahisar,11:24
92084,Dahisar,11:27
94042,Dahisar,11:32
90412,Dahisar,11:37
92086,Dahisar,11:41
92088,Dahisar,11:45
94038,BORIVALI,11:30
90404,BORIVALI,11:29
92084,BORIVALI,11:33
94040,BORIVALI,11:35
90408,BORIVALI,11:40
90412,BORIVALI,11:42
92086,BORIVALI,11:46
90414,BORIVALI,11:47
90416,BORIVALI,11:50
92088,BORIVALI,11:50
90404,Kandivali,11:35
94040,Kandivali,11:40
90408,Kandivali,11:45
90414,Kandivali,11:52
92088,Kandivali,11:55
90404,Malad,11:38
94040,Malad,11:43
90408,Malad,11:48
90414,Malad,11:55
92088,Malad,11:58
90404,Goregaon,11:41
94040,Goregaon,11:46
90408,Goregaon,11:51
90410,Goregaon,11:50
90414,Goregaon,11:58
92088,Goregaon,12:01
90418,Goregaon,12:02
90404,Ram Mandir,11:43
94040,Ram Mandir,11:48
90408,Ram Mandir,11:53
90410,Ram Mandir,11:54
90414,Ram Mandir,12:00
92088,Ram Mandir,12:03
90418,Ram Mandir,12:05
90404,Jogeshwari,11:46
94040,Jogeshwari,11:51
90408,Jogeshwari,11:56
90410,Jogeshwari,11:57
90414,Jogeshwari,12:03
92088,Jogeshwari,12:06
90418,Jogeshwari,12:08
94038,ANDHERI,11:45
90404,ANDHERI,11:51
94040,ANDHERI,11:56
94042,ANDHERI,11:54
90408,ANDHERI,12:01
90410,ANDHERI,12:02
90412,ANDHERI,11:57
92086,ANDHERI,12:00
90414,ANDHERI,12:08
90416,ANDHERI,12:04
92088,ANDHERI,12:12
90418,ANDHERI,12:12
90404,Vile Parle,11:54
94040,Vile Parle,11:59
90408,Vile Parle,12:04
90410,Vile Parle,12:06
90414,Vile Parle,12:12
90418,Vile Parle,12:16
90404,Santa Cruz,11:57
94040,Santa Cruz,12:02
90408,Santa Cruz,12:07
90410,Santa Cruz,12:09
90414,Santa Cruz,12:15
90418,Santa Cruz,12:19
90404,Khar Road,12:00
94040,Khar Road,12:05
90408,Khar Road,12:10
90410,Khar Road,12:12
90414,Khar Road,12:18
90418,Khar Road,12:22
94038,BANDRA,11:54
90404,BANDRA,12:04
94040,BANDRA,12:09
94042,BANDRA,12:03
90408,BANDRA,12:14
90410,BANDRA,12:17
90412,BANDRA,12:06
92086,BANDRA,12:09
90414,BANDRA,12:22
90416,BANDRA,12:12
90418,BANDRA,12:26
90404,Mahim Jn.,12:07
94040,Mahim Jn.,12:12
90408,Mahim Jn.,12:17
90410,Mahim Jn.,12:20
90414,Mahim Jn.,12:25
90418,Mahim Jn.,12:29
90404,Matunga Road,12:10
94040,Matunga Road,12:15
90408,Matunga Road,12:20
90410,Matunga Road,12:23
90414,Matunga Road,12:28
90418,Matunga Road,12:32
94038,DADAR,12:00
90404,DADAR,12:14
94040,DADAR,12:19
94042,DADAR,12:09
90408,DADAR,12:24
90410,DADAR,12:27
90412,DADAR,12:12
92086,DADAR,12:15
90414,DADAR,12:32
90416,DADAR,12:18
90418,DADAR,12:36
90404,Prabhadevi,12:16
94040,Prabhadevi,12:21
90408,Prabhadevi,12:26
90410,Prabhadevi,12:29
90414,Prabhadevi,12:34
90418,Prabhadevi,12:38
90404,Lower Parel,12:19
94040,Lower Parel,12:24
90408,Lower Parel,12:29
90410,Lower Parel,12:32
90414,Lower Parel,12:37
90418,Lower Parel,12:41
90404,Mahalakshmi,12:22
94040,Mahalakshmi,12:27
90408,Mahalakshmi,12:32
90410,Mahalakshmi,12:35
90414,Mahalakshmi,12:40
90418,Mahalakshmi,12:44
94038,M'BAI CENTRAL(L),12:07
90404,M'BAI CENTRAL(L),12:25
94040,M'BAI CENTRAL(L),12:30
94042,M'BAI CENTRAL(L),12:16
90408,M'BAI CENTRAL(L),12:35
90410,M'BAI CENTRAL(L),12:38
90412,M'BAI CENTRAL(L),12:19
92086,M'BAI CENTRAL(L),12:22
90414,M'BAI CENTRAL(L),12:43
90416,M'BAI CENTRAL(L),12:25
90418,M'BAI CENTRAL(L),12:47
94038,Grant Road,12:09
90404,Grant Road,12:27
94040,Grant Road,12:32
94042,Grant Road,12:18
90408,Grant Road,12:37
90410,Grant Road,12:40
90412,Grant Road,12:21
90414,Grant Road,12:45
90416,Grant Road,12:27
90418,Grant Road,12:49
94038,Charni Road,12:11
90404,Charni Road,12:29
94040,Charni Road,12:34
94042,Charni Road,12:20
90408,Charni Road,12:39
90410,Charni Road,12:42
90412,Charni Road,12:23
90414,Charni Road,12:47
90416,Charni Road,12:29
90418,Charni Road,12:51
94038,Marine Lines,12:14
90404,Marine Lines,12:32
94040,Marine Lines,12:37
94042,Marine Lines,12:23
90408,Marine Lines,12:42
90410,Marine Lines,12:45
90412,Marine Lines,12:26
90414,Marine Lines,12:50
90416,Marine Lines,12:32
90418,Marine Lines,12:54
94038,CHURCHGATE,12:19
90404,CHURCHGATE,12:36
94040,CHURCHGATE,12:40
94042,CHURCHGATE,12:27
90408,CHURCHGATE,12:45
90410,CHURCHGATE,12:51
90412,CHURCHGATE,12:30
92086,CHURCHGATE,12:34
90414,CHURCHGATE,12:54
90416,CHURCHGATE,12:37
90418,CHURCHGATE,12:58
90420A,VIRAR,11:19
90422,VIRAR,11:22
92090,VIRAR,11:29
93014,VIRAR,11:30
90428,VIRAR,11:35
92092,VIRAR,11:38
90420A,Nalla Sopara,11:25
90422,Nalla Sopara,11:28
92090,Nalla Sopara,11:35
92092,Nalla Sopara,11:44
90420A,VASAI ROAD,11:30
90422,VASAI ROAD,11:33
92090,VASAI ROAD,11:40
90428,VASAI ROAD,11:44
92092,VASAI ROAD,11:49
90420A,Naigaon,11:34
90422,Naigaon,11:38
92090,Naigaon,11:44
92092,Naigaon,11:54
90420A,BHAYANDAR,11:40
90422,BHAYANDAR,11:44
92090,BHAYANDAR,11:50
90428,BHAYANDAR,11:52
94044,BHAYANDAR,11:54
92092,BHAYANDAR,11:59
90420A,Mira Road,11:45
90422,Mira Road,11:49
92090,Mira Road,11:55
94044,Mira Road,12:00
92092,Mira Road,12:04
90420A,Dahisar,11:50
90422,Dahisar,11:53
92090,Dahisar,11:59
94044,Dahisar,12:04
92092,Dahisar,12:08
90420,BORIVALI,11:52
90420A,BORIVALI,11:56
90422,BORIVALI,11:58
90424,BORIVALI,11:59
92090,BORIVALI,12:03
90426,BORIVALI,12:07
90428,BORIVALI,12:02
94044,BORIVALI,12:09
90430,BORIVALI,12:11
92092,BORIVALI,12:13
90432,BORIVALI,12:14
90436,BORIVALI,12:17
90420,Kandivali,11:59
90420A,Kandivali,12:02
90424,Kandivali,12:05
92090,Kandivali,12:09
90426,Kandivali,12:13
90430,Kandivali,12:16
90432,Kandivali,12:19
90420,Malad,12:02
90420A,Malad,12:05
90424,Malad,12:08
92090,Malad,12:12
90426,Malad,12:16
90430,Malad,12:19
90432,Malad,12:22
90420,Goregaon,12:05
90420A,Goregaon,12:08
90424,Goregaon,12:11
92090,Goregaon,12:15
90426,Goregaon,12:19
90430,Goregaon,12:22
90432,Goregaon,12:25
90420,Ram Mandir,12:07
90420A,Ram Mandir,12:10
90424,Ram Mandir,12:13
92090,Ram Mandir,12:17
90426,Ram Mandir,12:21
90430,Ram Mandir,12:24
90432,Ram Mandir,12:27
90420,Jogeshwari,12:10
90420A,Jogeshwari,12:13
90424,Jogeshwari,12:16
92090,Jogeshwari,12:20
90426,Jogeshwari,12:24
90430,Jogeshwari,12:27
90432,Jogeshwari,12:30
90420,ANDHERI,12:15
90420A,ANDHERI,12:18
90422,ANDHERI,12:12
90424,ANDHERI,12:21
92090,ANDHERI,12:26
90426,ANDHERI,12:29
90428,ANDHERI,12:17
94044,ANDHERI,12:23
90430,ANDHERI,12:32
92092,ANDHERI,12:26
90432,ANDHERI,12:35
90436,ANDHERI,12:31
90420,Vile Parle,12:19
90420A,Vile Parle,12:22
90424,Vile Parle,12:25
90426,Vile Parle,12:32
90430,Vile Parle,12:35
90432,Vile Parle,12:38
90420,Santa Cruz,12:22
90420A,Santa Cruz,12:25
90424,Santa Cruz,12:28
90426,Santa Cruz,12:35
90430,Santa Cruz,12:38
90432,Santa Cruz,12:41
90420,Khar Road,12:25
90420A,Khar Road,12:28
90424,Khar Road,12:31
90426,Khar Road,12:38
90430,Khar Road,12:41
90432,Khar Road,12:44
90420,BANDRA,12:30
90420A,BANDRA,12:33
90422,BANDRA,12:22
90424,BANDRA,12:36
90426,BANDRA,12:42
90428,BANDRA,12:27
94044,BANDRA,12:32
90430,BANDRA,12:45
92092,BANDRA,12:34
90432,BANDRA,12:48
90436,BANDRA,12:40
90420,Mahim Jn.,12:33
90424,Mahim Jn.,12:39
90426,Mahim Jn.,12:45
90430,Mahim Jn.,12:48
90432,Mahim Jn.,12:51
90420,Matunga Road,12:36
90424,Matunga Road,12:42
90426,Matunga Road,12:48
90430,Matunga Road,12:51
90432,Matunga Road,12:54
90420,DADAR,12:40
90422,DADAR,12:28
90424,DADAR,12:46
90426,DADAR,12:52
90428,DADAR,12:33
94044,DADAR,12:37
90430,DADAR,12:55
92092,DADAR,12:40
90432,DADAR,12:58
90436,DADAR,12:46
90420,Prabhadevi,12:42
90424,Prabhadevi,12:48
90426,Prabhadevi,12:54
90430,Prabhadevi,12:57
90432,Prabhadevi,13:00
90420,Lower Parel,12:45
90424,Lower Parel,12:51
90426,Lower Parel,12:57
90430,Lower Parel,13:00
90432,Lower Parel,13:03
90420,Mahalakshmi,12:48
90424,Mahalakshmi,12:54
90426,Mahalakshmi,13:00
90430,Mahalakshmi,13:03
90432,Mahalakshmi,13:06
90420,M'BAI CENTRAL(L),12:51
90422,M'BAI CENTRAL(L),12:35
90424,M'BAI CENTRAL(L),12:57
90426,M'BAI CENTRAL(L),13:03
90428,M'BAI CENTRAL(L),12:40
94044,M'BAI CENTRAL(L),12:44
90430,M'BAI CENTRAL(L),13:06
92092,M'BAI CENTRAL(L),12:48
90432,M'BAI CENTRAL(L),13:09
90436,M'BAI CENTRAL(L),12:53
90420,Grant Road,12:53
90422,Grant Road,12:37
90424,Grant Road,12:59
90426,Grant Road,13:05
90428,Grant Road,12:42
94044,Grant Road,12:46
90430,Grant Road,13:08
90432,Grant Road,13:11
90436,Grant Road,12:55
90420,Charni Road,12:55
90422,Charni Road,12:39
90424,Charni Road,13:01
90426,Charni Road,13:07
90428,Charni Road,12:44
94044,Charni Road,12:48
90430,Charni Road,13:10
90432,Charni Road,13:13
90436,Charni Road,12:57
90420,Marine Lines,12:58
90422,Marine Lines,12:42
90424,Marine Lines,13:04
90426,Marine Lines,13:10
90428,Marine Lines,12:47
94044,Marine Lines,12:51
90430,Marine Lines,13:13
90432,Marine Lines,13:16
90436,Marine Lines,13:00
90420,CHURCHGATE,13:02
90422,CHURCHGATE,12:48
90424,CHURCHGATE,13:08
90426,CHURCHGATE,13:13
90428,CHURCHGATE,12:52
94044,CHURCHGATE,12:57
90430,CHURCHGATE,13:16
92092,CHURCHGATE,13:00
90432,CHURCHGATE,13:19
90436,CHURCHGATE,13:05
92094,VIRAR,11:42
92096,VIRAR,11:46
93016,VIRAR,11:45
90440,VIRAR,11:50
90450,VIRAR,12:00
92234,VIRAR,12:05
92094,Nalla Sopara,11:48
92096,Nalla Sopara,11:53
90440,Nalla Sopara,11:56
90450,Nalla Sopara,12:07
92234,Nalla Sopara,12:11
92094,VASAI ROAD,11:53
92096,VASAI ROAD,11:58
90440,VASAI ROAD,12:01
90450,VASAI ROAD,12:13
92234,VASAI ROAD,12:16
92094,Naigaon,11:58
92096,Naigaon,12:02
90440,Naigaon,12:06
90450,Naigaon,12:18
92234,Naigaon,12:20
92094,BHAYANDAR,12:03
92096,BHAYANDAR,12:08
90440,BHAYANDAR,12:11
90444A,BHAYANDAR,12:14
90448,BHAYANDAR,12:20
90450,BHAYANDAR,12:24
92234,BHAYANDAR,12:27
92094,Mira Road,12:08
92096,Mira Road,12:13
90440,Mira Road,12:16
90444A,Mira Road,12:20
90448,Mira Road,12:26
90450,Mira Road,12:29
92234,Mira Road,12:32
92094,Dahisar,12:12
92096,Dahisar,12:17
90440,Dahisar,12:20
90444A,Dahisar,12:25
90448,Dahisar,12:31
90450,Dahisar,12:34
92234,Dahisar,12:36
92094,BORIVALI,12:18
90438,BORIVALI,12:19
92096,BORIVALI,12:23
90440,BORIVALI,12:26
90444A,BORIVALI,12:32
90444,BORIVALI,12:29
90446,BORIVALI,12:37
90448,BORIVALI,12:36
90450,BORIVALI,12:40
92234,BORIVALI,12:41
90438,Kandivali,12:24
92096,Kandivali,12:29
90444A,Kandivali,12:38
90444,Kandivali,12:35
90446,Kandivali,12:42
92234,Kandivali,12:45
90438,Malad,12:27
92096,Malad,12:32
90444A,Malad,12:41
90444,Malad,12:38
90446,Malad,12:45
92234,Malad,12:48
90438,Goregaon,12:30
92096,Goregaon,12:35
90444A,Goregaon,12:44
90442,Goregaon,12:30
90444,Goregaon,12:41
90446,Goregaon,12:48
90452,Goregaon,12:50
92234,Goregaon,12:51
90438,Ram Mandir,12:32
92096,Ram Mandir,12:37
90444A,Ram Mandir,12:46
90442,Ram Mandir,12:33
90444,Ram Mandir,12:43
90446,Ram Mandir,12:50
90452,Ram Mandir,12:53
92234,Ram Mandir,12:53
90438,Jogeshwari,12:35
92096,Jogeshwari,12:40
90444A,Jogeshwari,12:49
90442,Jogeshwari,12:36
90444,Jogeshwari,12:46
90446,Jogeshwari,12:53
90452,Jogeshwari,12:56
92234,Jogeshwari,12:56
90438,ANDHERI,12:39
92096,ANDHERI,12:46
90440,ANDHERI,12:40
90444A,ANDHERI,12:54
90442,ANDHERI,12:40
90444,ANDHERI,12:50
90446,ANDHERI,12:57
90448,ANDHERI,12:50
90450,ANDHERI,12:54
90452,ANDHERI,13:00
92234,ANDHERI,13:03
90438,Vile Parle,12:42
90444A,Vile Parle,12:57
90442,Vile Parle,12:44
90444,Vile Parle,12:53
90446,Vile Parle,13:00
90452,Vile Parle,13:03
90438,Santa Cruz,12:45
90444A,Santa Cruz,13:00
90442,Santa Cruz,12:47
90444,Santa Cruz,12:56
90446,Santa Cruz,13:03
90452,Santa Cruz,13:06
90438,Khar Road,12:48
90444A,Khar Road,13:03
90442,Khar Road,12:50
90444,Khar Road,12:59
90446,Khar Road,13:06
90452,Khar Road,13:09
90438,BANDRA,12:53
90440,BANDRA,12:49
90444A,BANDRA,13:07
90442,BANDRA,12:56
90444,BANDRA,13:03
90446,BANDRA,13:10
90448,BANDRA,12:59
90450,BANDRA,13:03
90452,BANDRA,13:13
90438,Mahim Jn.,12:56
90444A,Mahim Jn.,13:10
90442,Mahim Jn.,12:59
90444,Mahim Jn.,13:06
90446,Mahim Jn.,13:13
90452,Mahim Jn.,13:16
90438,Matunga Road,12:59
90444A,Matunga Road,13:13
90442,Matunga Road,13:02
90444,Matunga Road,13:09
90446,Matunga Road,13:16
90452,Matunga Road,13:19
90438,DADAR,13:02
90440,DADAR,12:55
90444A,DADAR,13:16
90442,DADAR,13:06
90444,DADAR,13:13
90446,DADAR,13:20
90448,DADAR,13:06
90450,DADAR,13:09
90452,DADAR,13:23
90438,Prabhadevi,13:04
90444A,Prabhadevi,13:18
90442,Prabhadevi,13:08
90444,Prabhadevi,13:15
90446,Prabhadevi,13:22
90452,Prabhadevi,13:25
90438,Lower Parel,13:07
90444A,Lower Parel,13:21
90442,Lower Parel,13:11
90444,Lower Parel,13:18
90446,Lower Parel,13:25
90452,Lower Parel,13:28
90438,Mahalakshmi,13:10
90444A,Mahalakshmi,13:24
90442,Mahalakshmi,13:14
90444,Mahalakshmi,13:21
90446,Mahalakshmi,13:28
90452,Mahalakshmi,13:31
90438,M'BAI CENTRAL(L),13:13
90440,M'BAI CENTRAL(L),13:03
90444A,M'BAI CENTRAL(L),13:27
90442,M'BAI CENTRAL(L),13:17
90444,M'BAI CENTRAL(L),13:24
90446,M'BAI CENTRAL(L),13:31
90450,M'BAI CENTRAL(L),13:16
90452,M'BAI CENTRAL(L),13:34
90438,Grant Road,13:15
90440,Grant Road,13:05
90444A,Grant Road,13:29
90442,Grant Road,13:19
90444,Grant Road,13:26
90446,Grant Road,13:33
90450,Grant Road,13:18
90452,Grant Road,13:36
90438,Charni Road,13:17
90440,Charni Road,13:07
90444A,Charni Road,13:31
90442,Charni Road,13:21
90444,Charni Road,13:28
90446,Charni Road,13:35
90450,Charni Road,13:20
90452,Charni Road,13:38
90438,Marine Lines,13:20
90440,Marine Lines,13:10
90444A,Marine Lines,13:34
90442,Marine Lines,13:24
90444,Marine Lines,13:31
90446,Marine Lines,13:38
90450,Marine Lines,13:23
90452,Marine Lines,13:41
90438,CHURCHGATE,13:24
90440,CHURCHGATE,13:15
90444A,CHURCHGATE,13:38
90442,CHURCHGATE,13:28
90444,CHURCHGATE,13:34
90446,CHURCHGATE,13:41
90450,CHURCHGATE,13:28
90452,CHURCHGATE,13:45
92098,VIRAR,12:09
92100,VIRAR,12:10
92218,VIRAR,12:13
94046,VIRAR,12:20
90470,VIRAR,12:26
92102,VIRAR,12:30
93018,VIRAR,12:53
92098,Nalla Sopara,12:15
92100,Nalla Sopara,12:15
92218,Nalla Sopara,12:19
94046,Nalla Sopara,12:26
90470,Nalla Sopara,12:32
92102,Nalla Sopara,12:36
92098,VASAI ROAD,12:20
92100,VASAI ROAD,12:20
92218,VASAI ROAD,12:24
94046,VASAI ROAD,12:31
90470,VASAI ROAD,12:37
92102,VASAI ROAD,12:41
92098,Naigaon,12:24
92100,Naigaon,12:25
92218,Naigaon,12:29
94046,Naigaon,12:36
90470,Naigaon,12:42
92102,Naigaon,12:47
92098,BHAYANDAR,12:30
92100,BHAYANDAR,12:31
92218,BHAYANDAR,12:34
94046,BHAYANDAR,12:41
94116,BHAYANDAR,12:44
90470,BHAYANDAR,12:48
92102,BHAYANDAR,12:53
92098,Mira Road,12:35
92100,Mira Road,12:36
92218,Mira Road,12:39
94046,Mira Road,12:46
94116,Mira Road,12:50
90470,Mira Road,12:53
92102,Mira Road,12:58
92098,Dahisar,12:39
92100,Dahisar,12:40
92218,Dahisar,12:43
94046,Dahisar,12:50
94116,Dahisar,12:54
90470,Dahisar,12:57
92102,Dahisar,13:02
92098,BORIVALI,12:45
90456,BORIVALI,12:45
92100,BORIVALI,12:44
92218,BORIVALI,12:48
90460,BORIVALI,12:52
90462,BORIVALI,12:55
94046,BORIVALI,12:54
90466,BORIVALI,13:01
94116,BORIVALI,12:58
90470,BORIVALI,13:02
90472,BORIVALI,13:05
92102,BORIVALI,13:06
90456,Kandivali,12:50
90460,Kandivali,12:56
90462,Kandivali,12:59
90466,Kandivali,13:06
90472,Kandivali,13:11
90456,Malad,12:53
90460,Malad,12:59
90462,Malad,13:02
90466,Malad,13:09
90472,Malad,13:14
90456,Goregaon,12:56
90460,Goregaon,13:02
90462,Goregaon,13:05
90466,Goregaon,13:12
90472,Goregaon,13:17
90456,Ram Mandir,12:58
90460,Ram Mandir,13:04
90462,Ram Mandir,13:07
90466,Ram Mandir,13:14
90472,Ram Mandir,13:19
90456,Jogeshwari,13:01
90460,Jogeshwari,13:07
90462,Jogeshwari,13:10
90466,Jogeshwari,13:17
90472,Jogeshwari,13:22
90456,ANDHERI,13:05
92100,ANDHERI,12:57
92218,ANDHERI,13:01
90460,ANDHERI,13:11
90462,ANDHERI,13:14
94046,ANDHERI,13:08
90466,ANDHERI,13:21
94116,ANDHERI,13:13
90470,ANDHERI,13:17
90472,ANDHERI,13:26
92102,ANDHERI,13:20
90456,Vile Parle,13:08
90460,Vile Parle,13:14
90462,Vile Parle,13:17
90466,Vile Parle,13:24
90472,Vile Parle,13:29
90456,Santa Cruz,13:11
90460,Santa Cruz,13:17
90462,Santa Cruz,13:20
90466,Santa Cruz,13:27
90472,Santa Cruz,13:32
90456,Khar Road,13:14
90460,Khar Road,13:20
90462,Khar Road,13:23
90466,Khar Road,13:30
90472,Khar Road,13:35
90456,BANDRA,13:18
92100,BANDRA,13:06
92218,BANDRA,13:11
90460,BANDRA,13:24
90462,BANDRA,13:27
94046,BANDRA,13:18
90466,BANDRA,13:34
94116,BANDRA,13:22
90470,BANDRA,13:26
90472,BANDRA,13:39
92102,BANDRA,13:29
90456,Mahim Jn.,13:21
90460,Mahim Jn.,13:27
90462,Mahim Jn.,13:30
90466,Mahim Jn.,13:37
90472,Mahim Jn.,13:42
90456,Matunga Road,13:24
90460,Matunga Road,13:30
90462,Matunga Road,13:33
90466,Matunga Road,13:40
90472,Matunga Road,13:45
90456,DADAR,13:28
92100,DADAR,13:16
92218,DADAR,13:18
90460,DADAR,13:34
90462,DADAR,13:37
94046,DADAR,13:23
90466,DADAR,13:44
94116,DADAR,13:28
90470,DADAR,13:32
90472,DADAR,13:49
92102,DADAR,13:36
90456,Prabhadevi,13:30
90460,Prabhadevi,13:36
90462,Prabhadevi,13:39
90466,Prabhadevi,13:46
90472,Prabhadevi,13:51
90456,Lower Parel,13:33
90460,Lower Parel,13:39
90462,Lower Parel,13:42
90466,Lower Parel,13:49
90472,Lower Parel,13:54
90456,Mahalakshmi,13:36
90460,Mahalakshmi,13:42
90462,Mahalakshmi,13:45
90466,Mahalakshmi,13:52
90472,Mahalakshmi,13:57
90456,M'BAI CENTRAL(L),13:39
92218,M'BAI CENTRAL(L),13:25
90460,M'BAI CENTRAL(L),13:45
90462,M'BAI CENTRAL(L),13:48
94046,M'BAI CENTRAL(L),13:30
90466,M'BAI CENTRAL(L),13:55
94116,M'BAI CENTRAL(L),13:35
90470,M'BAI CENTRAL(L),13:39
90472,M'BAI CENTRAL(L),14:00
90456,Grant Road,13:41
90460,Grant Road,13:47
90462,Grant Road,13:50
94046,Grant Road,13:32
90466,Grant Road,13:57
94116,Grant Road,13:37
90470,Grant Road,13:41
90472,Grant Road,14:02
90456,Charni Road,13:43
90460,Charni Road,13:49
90462,Charni Road,13:52
94046,Charni Road,13:34
90466,Charni Road,13:59
94116,Charni Road,13:39
90470,Charni Road,13:43
90472,Charni Road,14:04
90456,Marine Lines,13:46
90460,Marine Lines,13:52
90462,Marine Lines,13:55
94046,Marine Lines,13:37
90466,Marine Lines,14:02
94116,Marine Lines,13:42
90470,Marine Lines,13:46
90472,Marine Lines,14:07
90456,CHURCHGATE,13:51
92218,CHURCHGATE,13:36
90460,CHURCHGATE,13:55
90462,CHURCHGATE,14:01
94046,CHURCHGATE,13:41
90466,CHURCHGATE,14:05
94116,CHURCHGATE,13:48
90470,CHURCHGATE,13:51
90472,CHURCHGATE,14:10
90478,VIRAR,12:38
90484,VIRAR,12:45
94048,VIRAR,12:45
90498,VIRAR,12:55
90478,Nalla Sopara,12:44
90484,Nalla Sopara,12:51
90498,Nalla Sopara,13:01
90478,VASAI ROAD,12:49
90484,VASAI ROAD,12:56
94048,VASAI ROAD,12:54
90498,VASAI ROAD,13:06
90478,Naigaon,12:54
90484,Naigaon,13:01
90498,Naigaon,13:11
90478,BHAYANDAR,13:00
90484,BHAYANDAR,13:07
90486,BHAYANDAR,13:09
94048,BHAYANDAR,13:02
90498,BHAYANDAR,13:17
90478,Mira Road,13:06
90484,Mira Road,13:12
90486,Mira Road,13:16
90498,Mira Road,13:23
90478,Dahisar,13:10
90484,Dahisar,13:16
90486,Dahisar,13:20
90498,Dahisar,13:27
90476,BORIVALI,13:10
90478,BORIVALI,13:15
90480,BORIVALI,13:13
90482,BORIVALI,13:18
90484,BORIVALI,13:21
90486,BORIVALI,13:24
94048,BORIVALI,13:10
90490,BORIVALI,13:22
90492,BORIVALI,13:29
90494,BORIVALI,13:32
90496,BORIVALI,13:35
90498,BORIVALI,13:34
90476,Kandivali,13:16
90480,Kandivali,13:20
90482,Kandivali,13:24
90484,Kandivali,13:27
90490,Kandivali,13:30
90492,Kandivali,13:34
90494,Kandivali,13:37
90496,Kandivali,13:40
90476,Malad,13:19
90480,Malad,13:23
90482,Malad,13:27
90484,Malad,13:30
90490,Malad,13:33
90492,Malad,13:37
90494,Malad,13:40
90496,Malad,13:43
90474,Goregaon,13:19
90476,Goregaon,13:22
90480,Goregaon,13:26
90482,Goregaon,13:30
90484,Goregaon,13:33
90490,Goregaon,13:36
90492,Goregaon,13:40
90494,Goregaon,13:43
90496,Goregaon,13:47
90474,Ram Mandir,13:22
90476,Ram Mandir,13:24
90480,Ram Mandir,13:28
90482,Ram Mandir,13:32
90484,Ram Mandir,13:35
90490,Ram Mandir,13:38
90492,Ram Mandir,13:42
90496,Ram Mandir,13:49
90474,Jogeshwari,13:25
90476,Jogeshwari,13:27
90480,Jogeshwari,13:31
90482,Jogeshwari,13:35
90484,Jogeshwari,13:38
90490,Jogeshwari,13:41
90492,Jogeshwari,13:45
90494,Jogeshwari,13:48
90496,Jogeshwari,13:52
90474,ANDHERI,13:29
90476,ANDHERI,13:32
90478,ANDHERI,13:28
90480,ANDHERI,13:36
90482,ANDHERI,13:40
90484,ANDHERI,13:43
90486,ANDHERI,13:38
94048,ANDHERI,13:24
90490,ANDHERI,13:46
90492,ANDHERI,13:50
90494,ANDHERI,13:53
90496,ANDHERI,13:56
90498,ANDHERI,13:46
90474,Vile Parle,13:33
90476,Vile Parle,13:36
90480,Vile Parle,13:40
90482,Vile Parle,13:43
90484,Vile Parle,13:46
90490,Vile Parle,13:50
90492,Vile Parle,13:54
90496,Vile Parle,13:59
90474,Santa Cruz,13:36
90476,Santa Cruz,13:39
90480,Santa Cruz,13:43
90482,Santa Cruz,13:46
90484,Santa Cruz,13:49
90490,Santa Cruz,13:53
90492,Santa Cruz,13:57
90496,Santa Cruz,14:02
90474,Khar Road,13:39
90476,Khar Road,13:42
90480,Khar Road,13:46
90482,Khar Road,13:49
90484,Khar Road,13:52
90490,Khar Road,13:56
90492,Khar Road,14:00
90496,Khar Road,14:05
90474,BANDRA,13:43
90476,BANDRA,13:46
90478,BANDRA,13:37
90480,BANDRA,13:50
90482,BANDRA,13:53
90484,BANDRA,13:56
90486,BANDRA,13:47
94048,BANDRA,13:33
90490,BANDRA,14:01
90492,BANDRA,14:05
90494,BANDRA,14:03
90496,BANDRA,14:09
90498,BANDRA,13:56
90474,Mahim Jn.,13:46
90476,Mahim Jn.,13:49
90480,Mahim Jn.,13:53
90482,Mahim Jn.,13:56
90484,Mahim Jn.,13:59
90490,Mahim Jn.,14:04
90492,Mahim Jn.,14:08
90496,Mahim Jn.,14:12
90474,Matunga Road,13:49
90476,Matunga Road,13:52
90480,Matunga Road,13:56
90482,Matunga Road,13:59
90484,Matunga Road,14:02
90490,Matunga Road,14:07
90492,Matunga Road,14:11
90496,Matunga Road,14:15
90474,DADAR,13:53
90476,DADAR,13:56
90478,DADAR,13:43
90480,DADAR,14:00
90482,DADAR,14:03
90484,DADAR,14:06
90486,DADAR,13:55
94048,DADAR,13:39
90490,DADAR,14:11
90492,DADAR,14:15
90494,DADAR,14:09
90496,DADAR,14:19
90498,DADAR,14:02
90474,Prabhadevi,13:55
90476,Prabhadevi,13:58
90480,Prabhadevi,14:02
90482,Prabhadevi,14:05
90484,Prabhadevi,14:08
90490,Prabhadevi,14:13
90492,Prabhadevi,14:17
90496,Prabhadevi,14:21
90474,Lower Parel,13:58
90476,Lower Parel,14:01
90480,Lower Parel,14:05
90482,Lower Parel,14:08
90484,Lower Parel,14:11
90490,Lower Parel,14:16
90492,Lower Parel,14:20
90496,Lower Parel,14:24
90474,Mahalakshmi,14:01
90476,Mahalakshmi,14:04
90480,Mahalakshmi,14:08
90482,Mahalakshmi,14:11
90484,Mahalakshmi,14:14
90490,Mahalakshmi,14:19
90492,Mahalakshmi,14:23
90496,Mahalakshmi,14:27
90474,M'BAI CENTRAL(L),14:04
90476,M'BAI CENTRAL(L),14:07
90478,M'BAI CENTRAL(L),13:51
90480,M'BAI CENTRAL(L),14:11
90482,M'BAI CENTRAL(L),14:14
90484,M'BAI CENTRAL(L),14:17
94048,M'BAI CENTRAL(L),13:46
90490,M'BAI CENTRAL(L),14:22
90492,M'BAI CENTRAL(L),14:26
90494,M'BAI CENTRAL(L),14:16
90496,M'BAI CENTRAL(L),14:30
90498,M'BAI CENTRAL(L),14:09
90474,Grant Road,14:06
90476,Grant Road,14:09
90478,Grant Road,13:53
90480,Grant Road,14:13
90482,Grant Road,14:16
90484,Grant Road,14:19
94048,Grant Road,13:48
90490,Grant Road,14:24
90492,Grant Road,14:28
90494,Grant Road,14:18
90496,Grant Road,14:32
90498,Grant Road,14:11
90474,Charni Road,14:08
90476,Charni Road,14:11
90478,Charni Road,13:55
90480,Charni Road,14:15
90482,Charni Road,14:18
90484,Charni Road,14:21
94048,Charni Road,13:50
90490,Charni Road,14:26
90492,Charni Road,14:30
90494,Charni Road,14:20
90496,Charni Road,14:34
90498,Charni Road,14:13
90474,Marine Lines,14:11
90476,Marine Lines,14:14
90478,Marine Lines,13:58
90480,Marine Lines,14:18
90482,Marine Lines,14:21
90484,Marine Lines,14:24
94048,Marine Lines,13:53
90490,Marine Lines,14:29
90492,Marine Lines,14:33
90494,Marine Lines,14:23
90496,Marine Lines,14:37
90498,Marine Lines,14:16
90474,CHURCHGATE,14:14
90476,CHURCHGATE,14:17
90478,CHURCHGATE,14:05
90480,CHURCHGATE,14:21
90482,CHURCHGATE,14:24
90484,CHURCHGATE,14:27
94048,CHURCHGATE,14:00
90490,CHURCHGATE,14:32
90492,CHURCHGATE,14:38
90494,CHURCHGATE,14:30
90496,CHURCHGATE,14:41
90498,CHURCHGATE,14:20
92104,VIRAR,13:02
92106,VIRAR,13:06
92108,VIRAR,13:11
92110,VIRAR,13:14
94050,VIRAR,13:18
90512,VIRAR,13:25
92104,Nalla Sopara,13:08
92106,Nalla Sopara,13:12
92108,Nalla Sopara,13:18
94050,Nalla Sopara,13:24
90512,Nalla Sopara,13:31
90500,VASAI ROAD,13:09
92104,VASAI ROAD,13:13
92106,VASAI ROAD,13:17
92108,VASAI ROAD,13:23
92110,VASAI ROAD,13:23
94050,VASAI ROAD,13:29
90512,VASAI ROAD,13:36
90500,Naigaon,13:15
92104,Naigaon,13:18
92106,Naigaon,13:21
92108,Naigaon,13:28
94050,Naigaon,13:34
90512,Naigaon,13:40
90500,BHAYANDAR,13:21
92104,BHAYANDAR,13:23
92106,BHAYANDAR,13:26
90506,BHAYANDAR,13:30
92108,BHAYANDAR,13:34
92110,BHAYANDAR,13:30
94050,BHAYANDAR,13:40
90512,BHAYANDAR,13:46
90500,Mira Road,13:27
92104,Mira Road,13:28
92106,Mira Road,13:31
90506,Mira Road,13:36
92108,Mira Road,13:40
94050,Mira Road,13:45
90512,Mira Road,13:51
90500,Dahisar,13:31
92104,Dahisar,13:32
92106,Dahisar,13:36
90506,Dahisar,13:40
92108,Dahisar,13:44
92110,Dahisar,13:38
94050,Dahisar,13:49
90512,Dahisar,13:55
90500,BORIVALI,13:37
92104,BORIVALI,13:37
90504,BORIVALI,13:40
92106,BORIVALI,13:42
90506,BORIVALI,13:45
90508,BORIVALI,13:46
92108,BORIVALI,13:49
94050,BORIVALI,13:54
90510,BORIVALI,13:51
94052,BORIVALI,13:55
90512,BORIVALI,14:01
92104,Kandivali,13:42
90504,Kandivali,13:46
90508,Kandivali,13:52
90510,Kandivali,13:56
94052,Kandivali,14:00
92104,Malad,13:45
90504,Malad,13:49
90508,Malad,13:55
90510,Malad,13:59
94052,Malad,14:03
92104,Goregaon,13:48
90502,Goregaon,13:49
90504,Goregaon,13:52
90508,Goregaon,13:58
90510,Goregaon,14:02
94052,Goregaon,14:06
92104,Ram Mandir,13:50
90502,Ram Mandir,13:52
90504,Ram Mandir,13:54
90508,Ram Mandir,14:00
90510,Ram Mandir,14:04
94052,Ram Mandir,14:08
92104,Jogeshwari,13:53
90502,Jogeshwari,13:55
90504,Jogeshwari,13:57
90508,Jogeshwari,14:03
90510,Jogeshwari,14:07
94052,Jogeshwari,14:11
90500,ANDHERI,13:49
92104,ANDHERI,14:00
90502,ANDHERI,13:59
90504,ANDHERI,14:02
92106,ANDHERI,13:55
90506,ANDHERI,13:59
90508,ANDHERI,14:07
92108,ANDHERI,14:05
92110,ANDHERI,13:53
94050,ANDHERI,14:10
90510,ANDHERI,14:12
94052,ANDHERI,14:15
90512,ANDHERI,14:14
90502,Vile Parle,14:03
90504,Vile Parle,14:06
90508,Vile Parle,14:11
90510,Vile Parle,14:15
94052,Vile Parle,14:18
90502,Santa Cruz,14:06
90504,Santa Cruz,14:09
90508,Santa Cruz,14:14
90510,Santa Cruz,14:18
94052,Santa Cruz,14:21
90502,Khar Road,14:09
90504,Khar Road,14:12
90508,Khar Road,14:17
90510,Khar Road,14:21
94052,Khar Road,14:24
90500,BANDRA,13:59
90502,BANDRA,14:13
90504,BANDRA,14:16
92106,BANDRA,14:05
90506,BANDRA,14:09
90508,BANDRA,14:21
92108,BANDRA,14:14
94050,BANDRA,14:19
90510,BANDRA,14:25
94052,BANDRA,14:28
90512,BANDRA,14:23
90502,Mahim Jn.,14:16
90504,Mahim Jn.,14:19
90508,Mahim Jn.,14:24
90510,Mahim Jn.,14:28
94052,Mahim Jn.,14:31
90502,Matunga Road,14:19
90504,Matunga Road,14:22
90508,Matunga Road,14:27
90510,Matunga Road,14:31
94052,Matunga Road,14:34
90500,DADAR,14:05
90502,DADAR,14:22
90504,DADAR,14:26
92106,DADAR,14:11
90506,DADAR,14:15
90508,DADAR,14:31
92108,DADAR,14:22
94050,DADAR,14:25
90510,DADAR,14:35
94052,DADAR,14:38
90512,DADAR,14:29
90502,Prabhadevi,14:24
90504,Prabhadevi,14:28
90508,Prabhadevi,14:33
90510,Prabhadevi,14:37
94052,Prabhadevi,14:40
90502,Lower Parel,14:27
90504,Lower Parel,14:31
90508,Lower Parel,14:36
90510,Lower Parel,14:40
94052,Lower Parel,14:43
90502,Mahalakshmi,14:30
90504,Mahalakshmi,14:34
90508,Mahalakshmi,14:39
90510,Mahalakshmi,14:43
94052,Mahalakshmi,14:46
90500,M'BAI CENTRAL(L),14:12
90502,M'BAI CENTRAL(L),14:33
90504,M'BAI CENTRAL(L),14:37
90506,M'BAI CENTRAL(L),14:22
90508,M'BAI CENTRAL(L),14:42
94050,M'BAI CENTRAL(L),14:32
90510,M'BAI CENTRAL(L),14:46
94052,M'BAI CENTRAL(L),14:49
90512,M'BAI CENTRAL(L),14:36
90500,Grant Road,14:14
90502,Grant Road,14:35
90504,Grant Road,14:39
90506,Grant Road,14:24
90508,Grant Road,14:44
94050,Grant Road,14:34
90510,Grant Road,14:48
94052,Grant Road,14:51
90512,Grant Road,14:38
90500,Charni Road,14:16
90502,Charni Road,14:37
90504,Charni Road,14:41
90506,Charni Road,14:26
90508,Charni Road,14:46
94050,Charni Road,14:36
90510,Charni Road,14:50
94052,Charni Road,14:53
90512,Charni Road,14:40
90500,Marine Lines,14:19
90502,Marine Lines,14:40
90504,Marine Lines,14:44
90506,Marine Lines,14:29
90508,Marine Lines,14:49
94050,Marine Lines,14:39
90510,Marine Lines,14:53
94052,Marine Lines,14:56
90512,Marine Lines,14:43
90500,CHURCHGATE,14:23
90502,CHURCHGATE,14:44
90504,CHURCHGATE,14:48
90506,CHURCHGATE,14:33
90508,CHURCHGATE,14:53
94050,CHURCHGATE,14:44
90510,CHURCHGATE,14:57
94052,CHURCHGATE,15:00
90512,CHURCHGATE,14:47
92112,VIRAR,13:29
90522,VIRAR,13:34
94054,VIRAR,13:34
92114,VIRAR,13:42
93020,VIRAR,13:42
92112,Nalla Sopara,13:36
90522,Nalla Sopara,13:40
92114,Nalla Sopara,13:48
92112,VASAI ROAD,13:41
90522,VASAI ROAD,13:45
90526,VASAI ROAD,13:48
94054,VASAI ROAD,13:43
92114,VASAI ROAD,13:53
92112,Naigaon,13:45
90522,Naigaon,13:49
90526,Naigaon,13:53
92114,Naigaon,13:57
92112,BHAYANDAR,13:51
90522,BHAYANDAR,13:55
90526,BHAYANDAR,13:59
94054,BHAYANDAR,13:51
92114,BHAYANDAR,14:03
90536,BHAYANDAR,14:07
92112,Mira Road,13:56
90522,Mira Road,14:00
90526,Mira Road,14:04
92114,Mira Road,14:08
90536,Mira Road,14:12
92112,Dahisar,14:00
90522,Dahisar,14:04
90526,Dahisar,14:08
92114,Dahisar,14:12
90536,Dahisar,14:16
90514,BORIVALI,13:59
90516,BORIVALI,14:04
92112,BORIVALI,14:06
90520,BORIVALI,14:08
90522,BORIVALI,14:09
90524,BORIVALI,14:11
90526,BORIVALI,14:14
94054,BORIVALI,14:03
90532,BORIVALI,14:17
92114,BORIVALI,14:18
90536,BORIVALI,14:21
90514,Kandivali,14:05
90516,Kandivali,14:09
90520,Kandivali,14:13
90524,Kandivali,14:16
90526,Kandivali,14:20
90532,Kandivali,14:22
90536,Kandivali,14:25
90514,Malad,14:08
90516,Malad,14:12
90520,Malad,14:16
90524,Malad,14:19
90526,Malad,14:23
90532,Malad,14:25
90536,Malad,14:28
90514,Goregaon,14:11
90516,Goregaon,14:15
90520,Goregaon,14:19
90524,Goregaon,14:22
90526,Goregaon,14:26
90532,Goregaon,14:28
90534,Goregaon,14:28
90536,Goregaon,14:31
90514,Ram Mandir,14:13
90516,Ram Mandir,14:17
90520,Ram Mandir,14:21
90524,Ram Mandir,14:24
90526,Ram Mandir,14:28
90532,Ram Mandir,14:30
90534,Ram Mandir,14:32
90514,Jogeshwari,14:15
90516,Jogeshwari,14:20
90520,Jogeshwari,14:24
90524,Jogeshwari,14:27
90526,Jogeshwari,14:31
90532,Jogeshwari,14:33
90534,Jogeshwari,14:35
90536,Jogeshwari,14:36
90514,ANDHERI,14:19
90516,ANDHERI,14:24
92112,ANDHERI,14:21
90520,ANDHERI,14:28
90522,ANDHERI,14:23
90524,ANDHERI,14:31
90526,ANDHERI,14:35
94054,ANDHERI,14:18
90532,ANDHERI,14:38
92114,ANDHERI,14:32
90534,ANDHERI,14:39
90536,ANDHERI,14:41
90514,Vile Parle,14:22
90516,Vile Parle,14:27
90520,Vile Parle,14:31
90524,Vile Parle,14:34
90526,Vile Parle,14:38
90532,Vile Parle,14:41
90534,Vile Parle,14:43
90514,Santa Cruz,14:25
90516,Santa Cruz,14:30
90520,Santa Cruz,14:34
90524,Santa Cruz,14:37
90526,Santa Cruz,14:41
90532,Santa Cruz,14:44
90534,Santa Cruz,14:46
90514,Khar Road,14:28
90516,Khar Road,14:33
90520,Khar Road,14:37
90524,Khar Road,14:40
90526,Khar Road,14:44
90532,Khar Road,14:47
90534,Khar Road,14:49
90514,BANDRA,14:32
90516,BANDRA,14:37
90520,BANDRA,14:41
90522,BANDRA,14:32
90524,BANDRA,14:44
90526,BANDRA,14:48
94054,BANDRA,14:28
90532,BANDRA,14:51
92114,BANDRA,14:42
90534,BANDRA,14:54
90536,BANDRA,14:51
90514,Mahim Jn.,14:35
90516,Mahim Jn.,14:40
90520,Mahim Jn.,14:44
90524,Mahim Jn.,14:47
90526,Mahim Jn.,14:51
90532,Mahim Jn.,14:54
90534,Mahim Jn.,14:57
90514,Matunga Road,14:38
90516,Matunga Road,14:43
90520,Matunga Road,14:47
90524,Matunga Road,14:50
90526,Matunga Road,14:54
90532,Matunga Road,14:57
90534,Matunga Road,15:00
90514,DADAR,14:41
90516,DADAR,14:47
90520,DADAR,14:51
90522,DADAR,14:37
90524,DADAR,14:54
90526,DADAR,14:58
94054,DADAR,14:34
90532,DADAR,15:01
92114,DADAR,14:48
90534,DADAR,15:04
90536,DADAR,14:57
90514,Prabhadevi,14:43
90516,Prabhadevi,14:49
90520,Prabhadevi,14:53
90524,Prabhadevi,14:56
90526,Prabhadevi,15:00
90532,Prabhadevi,15:03
90514,Lower Parel,14:46
90516,Lower Parel,14:52
90520,Lower Parel,14:56
90524,Lower Parel,14:59
90526,Lower Parel,15:03
90532,Lower Parel,15:06
90534,Lower Parel,15:09
90514,Mahalakshmi,14:49
90516,Mahalakshmi,14:55
90520,Mahalakshmi,14:59
90524,Mahalakshmi,15:02
90526,Mahalakshmi,15:06
90532,Mahalakshmi,15:09
90534,Mahalakshmi,15:12
90514,M'BAI CENTRAL(L),14:52
90516,M'BAI CENTRAL(L),14:58
90520,M'BAI CENTRAL(L),15:02
90522,M'BAI CENTRAL(L),14:44
90524,M'BAI CENTRAL(L),15:05
90526,M'BAI CENTRAL(L),15:09
94054,M'BAI CENTRAL(L),14:41
90532,M'BAI CENTRAL(L),15:12
92114,M'BAI CENTRAL(L),14:55
90534,M'BAI CENTRAL(L),15:15
90536,M'BAI CENTRAL(L),15:04
90514,Grant Road,14:54
90516,Grant Road,15:00
90520,Grant Road,15:04
90522,Grant Road,14:46
90524,Grant Road,15:07
90526,Grant Road,15:11
94054,Grant Road,14:43
90532,Grant Road,15:14
90534,Grant Road,15:17
90536,Grant Road,15:06
90514,Charni Road,14:56
90516,Charni Road,15:02
90520,Charni Road,15:06
90522,Charni Road,14:48
90524,Charni Road,15:09
90526,Charni Road,15:13
94054,Charni Road,14:45
90532,Charni Road,15:16
90534,Charni Road,15:19
90536,Charni Road,15:08
90514,Marine Lines,14:59
90516,Marine Lines,15:05
90520,Marine Lines,15:09
90522,Marine Lines,14:51
90524,Marine Lines,15:12
90526,Marine Lines,15:16
94054,Marine Lines,14:48
90532,Marine Lines,15:19
90534,Marine Lines,15:22
90536,Marine Lines,15:11
90514,CHURCHGATE,15:02
90516,CHURCHGATE,15:08
90520,CHURCHGATE,15:13
90522,CHURCHGATE,14:56
90524,CHURCHGATE,15:16
90526,CHURCHGATE,15:19
94054,CHURCHGATE,14:53
90532,CHURCHGATE,15:23
92114,CHURCHGATE,15:05
90534,CHURCHGATE,15:26
90536,CHURCHGATE,15:15
92116,VIRAR,13:46
92118,VIRAR,13:52
93022,VIRAR,13:57
94056,VIRAR,14:06
94058,VIRAR,14:05
92120,VIRAR,14:09
92116,Nalla Sopara,13:53
92118,Nalla Sopara,13:58
94056,Nalla Sopara,14:12
94058,Nalla Sopara,14:11
92120,Nalla Sopara,14:15
92116,VASAI ROAD,13:58
92118,VASAI ROAD,14:03
93022,VASAI ROAD,14:07
94056,VASAI ROAD,14:17
94058,VASAI ROAD,14:16
92120,VASAI ROAD,14:20
92116,Naigaon,14:04
92118,Naigaon,14:08
94056,Naigaon,14:21
94058,Naigaon,14:20
92120,Naigaon,14:24
92116,BHAYANDAR,14:10
92118,BHAYANDAR,14:14
93022,BHAYANDAR,14:14
94056,BHAYANDAR,14:26
94058,BHAYANDAR,14:26
92120,BHAYANDAR,14:30
92116,Mira Road,14:15
92118,Mira Road,14:19
94056,Mira Road,14:30
94058,Mira Road,14:31
92120,Mira Road,14:35
92116,Dahisar,14:19
92118,Dahisar,14:24
94056,Dahisar,14:34
94058,Dahisar,14:35
92120,Dahisar,14:39
92116,BORIVALI,14:24
92118,BORIVALI,14:30
90538,BORIVALI,14:27
93022,BORIVALI,14:24
90540,BORIVALI,14:30
94056,BORIVALI,14:38
90546,BORIVALI,14:35
94058,BORIVALI,14:41
90550,BORIVALI,14:40
92120,BORIVALI,14:44
90552,BORIVALI,14:43
90554,BORIVALI,14:48
92116,Kandivali,14:28
90538,Kandivali,14:33
90540,Kandivali,14:36
90546,Kandivali,14:41
90550,Kandivali,14:46
90552,Kandivali,14:49
90554,Kandivali,14:54
92116,Malad,14:31
90538,Malad,14:36
90540,Malad,14:39
90546,Malad,14:44
90550,Malad,14:49
90552,Malad,14:52
90554,Malad,14:57
92116,Goregaon,14:34
90538,Goregaon,14:39
90540,Goregaon,14:42
90546,Goregaon,14:47
90550,Goregaon,14:52
90552,Goregaon,14:55
90554,Goregaon,15:00
92116,Ram Mandir,14:36
90538,Ram Mandir,14:41
90540,Ram Mandir,14:44
90546,Ram Mandir,14:49
90550,Ram Mandir,14:54
90552,Ram Mandir,14:57
90554,Ram Mandir,15:02
92116,Jogeshwari,14:39
90538,Jogeshwari,14:43
90540,Jogeshwari,14:47
90546,Jogeshwari,14:52
90550,Jogeshwari,14:57
90552,Jogeshwari,15:00
90554,Jogeshwari,15:05
92116,ANDHERI,14:46
92118,ANDHERI,14:45
90538,ANDHERI,14:48
93022,ANDHERI,14:36
90540,ANDHERI,14:51
94056,ANDHERI,14:51
90546,ANDHERI,14:57
94058,ANDHERI,14:55
90550,ANDHERI,15:02
92120,ANDHERI,14:58
90552,ANDHERI,15:04
90554,ANDHERI,15:09
90538,Vile Parle,14:51
90540,Vile Parle,14:54
90546,Vile Parle,15:00
90550,Vile Parle,15:05
90552,Vile Parle,15:07
90554,Vile Parle,15:12
90538,Santa Cruz,14:54
90540,Santa Cruz,14:57
90546,Santa Cruz,15:03
90550,Santa Cruz,15:08
90552,Santa Cruz,15:10
90554,Santa Cruz,15:15
90538,Khar Road,14:57
90540,Khar Road,15:00
90546,Khar Road,15:06
90550,Khar Road,15:11
90552,Khar Road,15:13
90554,Khar Road,15:18
90536A,BANDRA,14:57
90538,BANDRA,15:01
93022,BANDRA,14:45
90540,BANDRA,15:04
94056,BANDRA,15:00
90546,BANDRA,15:10
94058,BANDRA,15:04
90550,BANDRA,15:15
92120,BANDRA,15:07
90552,BANDRA,15:17
90554,BANDRA,15:22
90536A,Mahim Jn.,15:00
90538,Mahim Jn.,15:04
90540,Mahim Jn.,15:07
90546,Mahim Jn.,15:13
90550,Mahim Jn.,15:18
90552,Mahim Jn.,15:20
90554,Mahim Jn.,15:25
90536A,Matunga Road,15:03
90538,Matunga Road,15:07
90540,Matunga Road,15:10
90546,Matunga Road,15:16
90550,Matunga Road,15:21
90552,Matunga Road,15:23
90554,Matunga Road,15:28
90536A,DADAR,15:07
90538,DADAR,15:11
93022,DADAR,14:51
90540,DADAR,15:14
94056,DADAR,15:06
90546,DADAR,15:20
94058,DADAR,15:10
90550,DADAR,15:25
92120,DADAR,15:14
90552,DADAR,15:27
90554,DADAR,15:32
90536A,Prabhadevi,15:09
90538,Prabhadevi,15:13
90540,Prabhadevi,15:16
90546,Prabhadevi,15:22
90550,Prabhadevi,15:27
90552,Prabhadevi,15:29
90554,Prabhadevi,15:34
90536A,Lower Parel,15:12
90538,Lower Parel,15:16
90540,Lower Parel,15:19
90546,Lower Parel,15:25
90550,Lower Parel,15:30
90552,Lower Parel,15:32
90554,Lower Parel,15:37
90536A,Mahalakshmi,15:15
90538,Mahalakshmi,15:19
90540,Mahalakshmi,15:22
90546,Mahalakshmi,15:28
90550,Mahalakshmi,15:33
90552,Mahalakshmi,15:35
90554,Mahalakshmi,15:40
90536A,M'BAI CENTRAL(L),15:18
90538,M'BAI CENTRAL(L),15:22
93022,M'BAI CENTRAL(L),14:58
90540,M'BAI CENTRAL(L),15:25
94056,M'BAI CENTRAL(L),15:13
90546,M'BAI CENTRAL(L),15:31
94058,M'BAI CENTRAL(L),15:17
90550,M'BAI CENTRAL(L),15:36
90552,M'BAI CENTRAL(L),15:38
90554,M'BAI CENTRAL(L),15:43
90536A,Grant Road,15:20
90538,Grant Road,15:24
93022,Grant Road,15:00
90540,Grant Road,15:27
94056,Grant Road,15:15
90546,Grant Road,15:33
94058,Grant Road,15:19
90550,Grant Road,15:38
90552,Grant Road,15:40
90554,Grant Road,15:45
90536A,Charni Road,15:22
90538,Charni Road,15:26
93022,Charni Road,15:02
90540,Charni Road,15:29
94056,Charni Road,15:17
90546,Charni Road,15:35
94058,Charni Road,15:21
90550,Charni Road,15:40
90552,Charni Road,15:42
90554,Charni Road,15:47
90536A,Marine Lines,15:25
90538,Marine Lines,15:29
93022,Marine Lines,15:05
90540,Marine Lines,15:32
94056,Marine Lines,15:20
90546,Marine Lines,15:38
94058,Marine Lines,15:24
90550,Marine Lines,15:43
90552,Marine Lines,15:45
90554,Marine Lines,15:50
90536A,CHURCHGATE,15:29
90538,CHURCHGATE,15:32
93022,CHURCHGATE,15:09
90540,CHURCHGATE,15:35
94056,CHURCHGATE,15:23
90546,CHURCHGATE,15:41
94058,CHURCHGATE,15:28
90550,CHURCHGATE,15:46
90552,CHURCHGATE,15:48
90554,CHURCHGATE,15:53
90560,VIRAR,14:14
90562,VIRAR,14:18
93024,VIRAR,14:35
92122,VIRAR,14:27
90572,VIRAR,14:32
92124,VIRAR,14:37
90560,Nalla Sopara,14:20
90562,Nalla Sopara,14:24
92122,Nalla Sopara,14:34
90572,Nalla Sopara,14:38
92124,Nalla Sopara,14:43
90560,VASAI ROAD,14:25
90562,VASAI ROAD,14:29
90568,VASAI ROAD,14:36
92122,VASAI ROAD,14:39
90572,VASAI ROAD,14:43
92124,VASAI ROAD,14:48
90560,Naigaon,14:30
90562,Naigaon,14:34
90568,Naigaon,14:42
92122,Naigaon,14:45
90572,Naigaon,14:48
92124,Naigaon,14:53
90560,BHAYANDAR,14:36
90562,BHAYANDAR,14:40
90568,BHAYANDAR,14:47
92122,BHAYANDAR,14:51
90572,BHAYANDAR,14:54
92124,BHAYANDAR,14:59
90560,Mira Road,14:41
90562,Mira Road,14:45
90568,Mira Road,14:52
92122,Mira Road,14:55
90572,Mira Road,14:59
92124,Mira Road,15:04
90560,Dahisar,14:45
90562,Dahisar,14:49
90568,Dahisar,14:56
92122,Dahisar,14:59
90572,Dahisar,15:03
92124,Dahisar,15:08
92218,BORIVALI,14:47
90560,BORIVALI,14:50
90562,BORIVALI,14:54
90564,BORIVALI,14:56
90568,BORIVALI,14:59
92122,BORIVALI,15:05
90570,BORIVALI,15:03
90572,BORIVALI,15:09
90574,BORIVALI,15:09
92124,BORIVALI,15:14
90560,Kandivali,14:57
90564,Kandivali,15:02
90568,Kandivali,15:04
90570,Kandivali,15:09
90574,Kandivali,15:15
90560,Malad,15:00
90564,Malad,15:05
90568,Malad,15:07
90570,Malad,15:12
90574,Malad,15:18
90560,Goregaon,15:03
90564,Goregaon,15:08
90566,Goregaon,15:10
90568,Goregaon,15:10
90570,Goregaon,15:15
90574,Goregaon,15:21
90560,Ram Mandir,15:06
90566,Ram Mandir,15:13
90568,Ram Mandir,15:12
90570,Ram Mandir,15:17
90560,Jogeshwari,15:09
90564,Jogeshwari,15:13
90566,Jogeshwari,15:16
90568,Jogeshwari,15:15
90570,Jogeshwari,15:20
90574,Jogeshwari,15:26
92218,ANDHERI,15:01
90558,ANDHERI,15:12
90560,ANDHERI,15:15
90562,ANDHERI,15:06
90564,ANDHERI,15:18
90566,ANDHERI,15:20
90568,ANDHERI,15:22
92122,ANDHERI,15:21
90570,ANDHERI,15:24
90572,ANDHERI,15:24
90574,ANDHERI,15:30
92124,ANDHERI,15:28
90558,Vile Parle,15:16
90560,Vile Parle,15:19
90566,Vile Parle,15:24
90570,Vile Parle,15:27
90558,Santa Cruz,15:19
90560,Santa Cruz,15:22
90566,Santa Cruz,15:27
90570,Santa Cruz,15:30
90558,Khar Road,15:22
90560,Khar Road,15:25
90566,Khar Road,15:30
90570,Khar Road,15:33
92218,BANDRA,15:10
90558,BANDRA,15:27
90560,BANDRA,15:31
90562,BANDRA,15:15
90564,BANDRA,15:28
90566,BANDRA,15:34
92122,BANDRA,15:31
90570,BANDRA,15:37
90572,BANDRA,15:34
90574,BANDRA,15:40
92124,BANDRA,15:37
90558,Mahim Jn.,15:30
90566,Mahim Jn.,15:37
90570,Mahim Jn.,15:40
90558,Matunga Road,15:33
90566,Matunga Road,15:40
90570,Matunga Road,15:43
92218,DADAR,15:16
90558,DADAR,15:37
90562,DADAR,15:25
90564,DADAR,15:35
90566,DADAR,15:44
92122,DADAR,15:38
90570,DADAR,15:47
90572,DADAR,15:40
90574,DADAR,15:46
92124,DADAR,15:43
90558,Prabhadevi,15:39
90566,Prabhadevi,15:46
90570,Prabhadevi,15:49
90558,Lower Parel,15:42
90566,Lower Parel,15:49
90570,Lower Parel,15:52
90558,Mahalakshmi,15:45
90566,Mahalakshmi,15:52
90570,Mahalakshmi,15:55
92218,M'BAI CENTRAL(L),15:25
90558,M'BAI CENTRAL(L),15:48
90562,M'BAI CENTRAL(L),15:32
90564,M'BAI CENTRAL(L),15:42
90566,M'BAI CENTRAL(L),15:55
90570,M'BAI CENTRAL(L),15:58
90572,M'BAI CENTRAL(L),15:47
90574,M'BAI CENTRAL(L),15:53
92124,M'BAI CENTRAL(L),15:50
90558,Grant Road,15:50
90562,Grant Road,15:34
90564,Grant Road,15:44
90566,Grant Road,15:57
90570,Grant Road,16:00
90572,Grant Road,15:49
90574,Grant Road,15:55
90558,Charni Road,15:52
90562,Charni Road,15:36
90564,Charni Road,15:46
90566,Charni Road,15:59
90570,Charni Road,16:02
90572,Charni Road,15:51
90574,Charni Road,15:57
90558,Marine Lines,15:55
90562,Marine Lines,15:39
90564,Marine Lines,15:49
90566,Marine Lines,16:02
90570,Marine Lines,16:05
90572,Marine Lines,15:54
90574,Marine Lines,16:00
92218,CHURCHGATE,15:36
90558,CHURCHGATE,15:59
90562,CHURCHGATE,15:46
90564,CHURCHGATE,15:52
90566,CHURCHGATE,16:05
90570,CHURCHGATE,16:08
90572,CHURCHGATE,15:57
90574,CHURCHGATE,16:03
92124,CHURCHGATE,16:00
92126,VIRAR,14:48
92128,VIRAR,14:48
92130,VIRAR,14:51
90588,VIRAR,14:56
94060,VIRAR,15:00
92130,Nalla Sopara,14:57
90588,Nalla Sopara,15:02
94060,Nalla Sopara,15:06
92126,VASAI ROAD,14:59
92128,VASAI ROAD,14:57
92130,VASAI ROAD,15:02
90588,VASAI ROAD,15:07
94060,VASAI ROAD,15:11
92130,Naigaon,15:06
90588,Naigaon,15:12
94060,Naigaon,15:15
92126,BHAYANDAR,15:07
92128,BHAYANDAR,15:05
90582,BHAYANDAR,15:08
92130,BHAYANDAR,15:12
90588,BHAYANDAR,15:18
94060,BHAYANDAR,15:21
90582,Mira Road,15:14
92130,Mira Road,15:17
90588,Mira Road,15:23
94060,Mira Road,15:26
90582,Dahisar,15:18
92130,Dahisar,15:21
90588,Dahisar,15:27
94060,Dahisar,15:30
90576,BORIVALI,15:12
90578,BORIVALI,15:18
92126,BORIVALI,15:17
92128,BORIVALI,15:18
90580,BORIVALI,15:23
90582,BORIVALI,15:23
92130,BORIVALI,15:26
90586,BORIVALI,15:30
90588,BORIVALI,15:32
94060,BORIVALI,15:36
90594,BORIVALI,15:36
90596,BORIVALI,15:40
90576,Kandivali,15:18
90578,Kandivali,15:24
90580,Kandivali,15:29
92130,Kandivali,15:32
90586,Kandivali,15:36
90594,Kandivali,15:42
90596,Kandivali,15:45
90576,Malad,15:21
90578,Malad,15:27
90580,Malad,15:32
92130,Malad,15:35
90586,Malad,15:39
90594,Malad,15:45
90596,Malad,15:48
90576,Goregaon,15:24
90578,Goregaon,15:30
90580,Goregaon,15:35
92130,Goregaon,15:38
90586,Goregaon,15:42
90592,Goregaon,15:46
90594,Goregaon,15:48
90596,Goregaon,15:51
90576,Ram Mandir,15:26
90578,Ram Mandir,15:32
90580,Ram Mandir,15:37
92130,Ram Mandir,15:40
90586,Ram Mandir,15:44
90592,Ram Mandir,15:48
90596,Ram Mandir,15:53
90576,Jogeshwari,15:29
90578,Jogeshwari,15:35
90580,Jogeshwari,15:40
92130,Jogeshwari,15:43
90586,Jogeshwari,15:47
90592,Jogeshwari,15:51
90594,Jogeshwari,15:53
90596,Jogeshwari,15:56
90576,ANDHERI,15:33
90578,ANDHERI,15:39
92126,ANDHERI,15:33
90580,ANDHERI,15:45
90582,ANDHERI,15:38
92130,ANDHERI,15:50
90586,ANDHERI,15:52
90588,ANDHERI,15:46
90592,ANDHERI,15:56
90594,ANDHERI,15:58
90596,ANDHERI,16:01
90576,Vile Parle,15:36
90578,Vile Parle,15:42
90580,Vile Parle,15:48
90586,Vile Parle,15:55
90592,Vile Parle,15:59
90596,Vile Parle,16:04
90576,Santa Cruz,15:39
90578,Santa Cruz,15:45
90580,Santa Cruz,15:51
90586,Santa Cruz,15:58
90592,Santa Cruz,16:02
90596,Santa Cruz,16:07
90576,Khar Road,15:42
90578,Khar Road,15:48
90580,Khar Road,15:54
90586,Khar Road,16:01
90592,Khar Road,16:05
90596,Khar Road,16:10
90576,BANDRA,15:46
90578,BANDRA,15:52
92126,BANDRA,15:43
90580,BANDRA,15:59
90582,BANDRA,15:48
90586,BANDRA,16:06
90588,BANDRA,15:54
90592,BANDRA,16:09
90594,BANDRA,16:07
90596,BANDRA,16:14
90576,Mahim Jn.,15:49
90578,Mahim Jn.,15:55
90580,Mahim Jn.,16:02
90586,Mahim Jn.,16:09
90592,Mahim Jn.,16:12
90596,Mahim Jn.,16:17
90576,Matunga Road,15:52
90578,Matunga Road,15:58
90580,Matunga Road,16:05
90586,Matunga Road,16:12
90592,Matunga Road,16:15
90596,Matunga Road,16:20
90576,DADAR,15:56
90578,DADAR,16:02
92126,DADAR,15:49
90580,DADAR,16:09
90582,DADAR,15:54
90586,DADAR,16:16
90588,DADAR,15:59
90592,DADAR,16:19
90594,DADAR,16:12
90596,DADAR,16:24
90576,Prabhadevi,15:58
90578,Prabhadevi,16:04
90580,Prabhadevi,16:12
90586,Prabhadevi,16:18
90592,Prabhadevi,16:21
90596,Prabhadevi,16:26
90576,Lower Parel,16:01
90578,Lower Parel,16:07
90580,Lower Parel,16:15
90586,Lower Parel,16:21
90592,Lower Parel,16:24
90596,Lower Parel,16:29
90576,Mahalakshmi,16:04
90578,Mahalakshmi,16:10
90580,Mahalakshmi,16:18
90586,Mahalakshmi,16:24
90592,Mahalakshmi,16:27
90596,Mahalakshmi,16:32
90576,M'BAI CENTRAL(L),16:07
90578,M'BAI CENTRAL(L),16:13
92126,M'BAI CENTRAL(L),15:56
90580,M'BAI CENTRAL(L),16:21
90582,M'BAI CENTRAL(L),16:01
90586,M'BAI CENTRAL(L),16:27
90588,M'BAI CENTRAL(L),16:06
90592,M'BAI CENTRAL(L),16:30
90594,M'BAI CENTRAL(L),16:19
90596,M'BAI CENTRAL(L),16:35
90576,Grant Road,16:09
90578,Grant Road,16:15
90580,Grant Road,16:23
90582,Grant Road,16:03
90586,Grant Road,16:29
90588,Grant Road,16:08
90592,Grant Road,16:32
90594,Grant Road,16:21
90596,Grant Road,16:37
90576,Charni Road,16:11
90578,Charni Road,16:17
90580,Charni Road,16:25
90582,Charni Road,16:05
90586,Charni Road,16:31
90588,Charni Road,16:10
90592,Charni Road,16:34
90594,Charni Road,16:23
90596,Charni Road,16:39
90576,Marine Lines,16:14
90578,Marine Lines,16:20
90580,Marine Lines,16:28
90582,Marine Lines,16:08
90586,Marine Lines,16:34
90588,Marine Lines,16:13
90592,Marine Lines,16:37
90594,Marine Lines,16:26
90596,Marine Lines,16:42
90576,CHURCHGATE,16:17
90578,CHURCHGATE,16:24
92126,CHURCHGATE,16:05
90580,CHURCHGATE,16:32
90582,CHURCHGATE,16:13
90586,CHURCHGATE,16:37
90588,CHURCHGATE,16:16
90592,CHURCHGATE,16:40
90594,CHURCHGATE,16:29
90596,CHURCHGATE,16:46
90600,VIRAR,15:12
93026,VIRAR,15:21
92134,VIRAR,15:16
90608,VIRAR,15:20
94064,VIRAR,15:27
90614,VIRAR,15:30
90600,Nalla Sopara,15:18
92134,Nalla Sopara,15:22
90608,Nalla Sopara,15:26
90614,Nalla Sopara,15:36
92132,VASAI ROAD,15:16
90600,VASAI ROAD,15:23
93026,VASAI ROAD,15:32
92134,VASAI ROAD,15:27
90608,VASAI ROAD,15:32
94064,VASAI ROAD,15:37
90614,VASAI ROAD,15:41
92132,Naigaon,15:23
90600,Naigaon,15:28
92134,Naigaon,15:32
90608,Naigaon,15:37
90614,Naigaon,15:46
92132,BHAYANDAR,15:29
94062,BHAYANDAR,15:32
90600,BHAYANDAR,15:34
93026,BHAYANDAR,15:40
92134,BHAYANDAR,15:38
90608,BHAYANDAR,15:43
94064,BHAYANDAR,15:46
90614,BHAYANDAR,15:52
92132,Mira Road,15:34
94062,Mira Road,15:38
90600,Mira Road,15:39
92134,Mira Road,15:43
90608,Mira Road,15:48
90614,Mira Road,15:57
92132,Dahisar,15:38
94062,Dahisar,15:43
90600,Dahisar,15:44
92134,Dahisar,15:48
90608,Dahisar,15:52
90614,Dahisar,16:01
92132,BORIVALI,15:43
90598,BORIVALI,15:43
94062,BORIVALI,15:47
90600,BORIVALI,15:50
90602,BORIVALI,15:48
93026,BORIVALI,15:53
92134,BORIVALI,15:53
90606,BORIVALI,15:54
90608,BORIVALI,15:57
90612,BORIVALI,15:58
94064,BORIVALI,15:57
90614,BORIVALI,16:06
92132,Kandivali,15:48
90598,Kandivali,15:51
90602,Kandivali,15:54
92134,Kandivali,15:57
90606,Kandivali,16:00
90612,Kandivali,16:04
92132,Malad,15:51
90598,Malad,15:54
90602,Malad,15:57
92134,Malad,16:00
90606,Malad,16:03
90612,Malad,16:07
92132,Goregaon,15:54
90598,Goregaon,15:57
90602,Goregaon,16:00
92134,Goregaon,16:03
90606,Goregaon,16:06
90610,Goregaon,16:06
90612,Goregaon,16:10
92132,Ram Mandir,15:56
90598,Ram Mandir,15:59
90602,Ram Mandir,16:02
92134,Ram Mandir,16:05
90606,Ram Mandir,16:08
90610,Ram Mandir,16:09
90612,Ram Mandir,16:12
92132,Jogeshwari,15:59
90598,Jogeshwari,16:02
90602,Jogeshwari,16:05
92134,Jogeshwari,16:08
90606,Jogeshwari,16:11
90610,Jogeshwari,16:12
90612,Jogeshwari,16:15
92132,ANDHERI,16:05
90598,ANDHERI,16:07
94062,ANDHERI,16:01
90600,ANDHERI,16:04
90602,ANDHERI,16:10
93026,ANDHERI,16:09
92134,ANDHERI,16:14
90606,ANDHERI,16:16
90610,ANDHERI,16:17
90612,ANDHERI,16:19
94064,ANDHERI,16:13
90614,ANDHERI,16:19
90598,Vile Parle,16:10
90602,Vile Parle,16:13
90606,Vile Parle,16:19
90610,Vile Parle,16:22
90612,Vile Parle,16:22
90598,Santa Cruz,16:13
90602,Santa Cruz,16:16
90606,Santa Cruz,16:22
90610,Santa Cruz,16:25
90612,Santa Cruz,16:25
90598,Khar Road,16:16
90602,Khar Road,16:19
90606,Khar Road,16:25
90610,Khar Road,16:28
90612,Khar Road,16:28
90598,BANDRA,16:20
94062,BANDRA,16:11
90600,BANDRA,16:14
90602,BANDRA,16:23
93026,BANDRA,16:19
90606,BANDRA,16:29
90610,BANDRA,16:32
90612,BANDRA,16:35
94064,BANDRA,16:23
90614,BANDRA,16:28
90598,Mahim Jn.,16:23
90602,Mahim Jn.,16:26
90606,Mahim Jn.,16:32
90610,Mahim Jn.,16:35
90612,Mahim Jn.,16:38
90598,Matunga Road,16:26
90602,Matunga Road,16:29
90606,Matunga Road,16:35
90610,Matunga Road,16:38
90612,Matunga Road,16:41
90598,DADAR,16:30
94062,DADAR,16:17
90600,DADAR,16:20
90602,DADAR,16:33
93026,DADAR,16:24
90606,DADAR,16:39
90610,DADAR,16:42
90612,DADAR,16:45
94064,DADAR,16:29
90614,DADAR,16:34
90598,Prabhadevi,16:32
90602,Prabhadevi,16:35
90606,Prabhadevi,16:41
90610,Prabhadevi,16:44
90612,Prabhadevi,16:47
90598,Lower Parel,16:35
90602,Lower Parel,16:38
90606,Lower Parel,16:44
90610,Lower Parel,16:47
90612,Lower Parel,16:50
90598,Mahalakshmi,16:38
90602,Mahalakshmi,16:41
90606,Mahalakshmi,16:47
90610,Mahalakshmi,16:50
90612,Mahalakshmi,16:53
90598,M'BAI CENTRAL(L),16:41
94062,M'BAI CENTRAL(L),16:24
90600,M'BAI CENTRAL(L),16:27
90602,M'BAI CENTRAL(L),16:44
93026,M'BAI CENTRAL(L),16:31
90606,M'BAI CENTRAL(L),16:50
90610,M'BAI CENTRAL(L),16:53
90612,M'BAI CENTRAL(L),16:56
94064,M'BAI CENTRAL(L),16:36
90614,M'BAI CENTRAL(L),16:41
90598,Grant Road,16:43
94062,Grant Road,16:26
90600,Grant Road,16:29
90602,Grant Road,16:46
93026,Grant Road,16:33
90606,Grant Road,16:52
90610,Grant Road,16:55
90612,Grant Road,16:58
94064,Grant Road,16:38
90614,Grant Road,16:43
90598,Charni Road,16:45
94062,Charni Road,16:28
90600,Charni Road,16:31
90602,Charni Road,16:48
93026,Charni Road,16:35
90606,Charni Road,16:54
90610,Charni Road,16:57
90612,Charni Road,17:00
94064,Charni Road,16:40
90614,Charni Road,16:45
90598,Marine Lines,16:48
94062,Marine Lines,16:31
90600,Marine Lines,16:34
90602,Marine Lines,16:51
93026,Marine Lines,16:38
90606,Marine Lines,16:57
90610,Marine Lines,17:00
90612,Marine Lines,17:03
94064,Marine Lines,16:43
90614,Marine Lines,16:48
90598,CHURCHGATE,16:51
94062,CHURCHGATE,16:35
90600,CHURCHGATE,16:38
90602,CHURCHGATE,16:56
93026,CHURCHGATE,16:43
90606,CHURCHGATE,17:00
90610,CHURCHGATE,17:03
90612,CHURCHGATE,17:07
94064,CHURCHGATE,16:47
90614,CHURCHGATE,16:54
92136,VIRAR,15:36
90624,VIRAR,15:40
94118,VIRAR,15:45
92136,Nalla Sopara,15:42
90624,Nalla Sopara,15:46
94118,Nalla Sopara,15:51
92136,VASAI ROAD,15:47
90624,VASAI ROAD,15:51
94118,VASAI ROAD,15:56
92136,Naigaon,15:52
90624,Naigaon,15:56
94118,Naigaon,16:02
92136,BHAYANDAR,15:58
90624,BHAYANDAR,16:02
90628,BHAYANDAR,16:05
94118,BHAYANDAR,16:08
92136,Mira Road,16:03
90624,Mira Road,16:07
90628,Mira Road,16:11
94118,Mira Road,16:14
92136,Dahisar,16:07
90624,Dahisar,16:11
90628,Dahisar,16:15
94118,Dahisar,16:18
90616,BORIVALI,16:01
90620,BORIVALI,16:03
92136,BORIVALI,16:12
90622,BORIVALI,16:07
90624,BORIVALI,16:16
90626,BORIVALI,16:15
90628,BORIVALI,16:20
94118,BORIVALI,16:24
94066,BORIVALI,16:18
90638,BORIVALI,16:21
90616,Kandivali,16:07
90620,Kandivali,16:10
90622,Kandivali,16:14
90626,Kandivali,16:21
94066,Kandivali,16:25
90638,Kandivali,16:28
90616,Malad,16:10
90620,Malad,16:13
90622,Malad,16:17
90626,Malad,16:24
94066,Malad,16:28
90634,Malad,16:32
90638,Malad,16:31
90616,Goregaon,16:13
90618,Goregaon,16:14
90620,Goregaon,16:16
90622,Goregaon,16:20
90626,Goregaon,16:27
94066,Goregaon,16:31
90636,Goregaon,16:33
90638,Goregaon,16:34
90616,Ram Mandir,16:15
90618,Ram Mandir,16:17
90620,Ram Mandir,16:18
90622,Ram Mandir,16:22
90626,Ram Mandir,16:29
90636,Ram Mandir,16:36
90638,Ram Mandir,16:36
90616,Jogeshwari,16:18
90618,Jogeshwari,16:20
90620,Jogeshwari,16:21
90622,Jogeshwari,16:25
90626,Jogeshwari,16:32
94066,Jogeshwari,16:36
90636,Jogeshwari,16:39
90638,Jogeshwari,16:39
90616,ANDHERI,16:24
90618,ANDHERI,16:24
90620,ANDHERI,16:26
92136,ANDHERI,16:26
90622,ANDHERI,16:30
90624,ANDHERI,16:29
90626,ANDHERI,16:37
90628,ANDHERI,16:33
94118,ANDHERI,16:38
94066,ANDHERI,16:40
90634,ANDHERI,16:43
90636,ANDHERI,16:43
90638,ANDHERI,16:44
90616,Vile Parle,16:28
90618,Vile Parle,16:27
90620,Vile Parle,16:30
90622,Vile Parle,16:34
90626,Vile Parle,16:41
90636,Vile Parle,16:48
90638,Vile Parle,16:49
90616,Santa Cruz,16:31
90618,Santa Cruz,16:30
90620,Santa Cruz,16:33
90622,Santa Cruz,16:37
90626,Santa Cruz,16:44
90636,Santa Cruz,16:51
90638,Santa Cruz,16:52
90616,Khar Road,16:34
90618,Khar Road,16:33
90620,Khar Road,16:36
90622,Khar Road,16:40
90626,Khar Road,16:47
90636,Khar Road,16:54
90638,Khar Road,16:55
90616,BANDRA,16:41
90618,BANDRA,16:38
90620,BANDRA,16:43
92136,BANDRA,16:34
90622,BANDRA,16:45
90624,BANDRA,16:38
90626,BANDRA,16:51
90628,BANDRA,16:42
94118,BANDRA,16:48
94066,BANDRA,16:51
90634,BANDRA,16:54
90636,BANDRA,16:58
90638,BANDRA,17:01
90616,Mahim Jn.,16:44
90618,Mahim Jn.,16:41
90620,Mahim Jn.,16:46
90622,Mahim Jn.,16:48
90626,Mahim Jn.,16:54
90636,Mahim Jn.,17:01
90638,Mahim Jn.,17:04
90616,Matunga Road,16:47
90618,Matunga Road,16:44
90620,Matunga Road,16:49
90622,Matunga Road,16:51
90626,Matunga Road,16:57
90636,Matunga Road,17:04
90638,Matunga Road,17:07
90616,DADAR,16:51
90618,DADAR,16:48
90620,DADAR,16:53
92136,DADAR,16:41
90622,DADAR,16:55
90624,DADAR,16:45
90626,DADAR,17:01
90628,DADAR,16:47
94118,DADAR,16:54
94066,DADAR,16:57
90634,DADAR,17:00
90636,DADAR,17:08
90638,DADAR,17:11
90616,Prabhadevi,16:53
90618,Prabhadevi,16:50
90620,Prabhadevi,16:55
90622,Prabhadevi,16:57
90626,Prabhadevi,17:03
90636,Prabhadevi,17:10
90638,Prabhadevi,17:13
90616,Lower Parel,16:56
90618,Lower Parel,16:53
90620,Lower Parel,16:58
90622,Lower Parel,17:00
90626,Lower Parel,17:06
90636,Lower Parel,17:13
90638,Lower Parel,17:16
90616,Mahalakshmi,16:59
90618,Mahalakshmi,16:56
90620,Mahalakshmi,17:01
90622,Mahalakshmi,17:03
90626,Mahalakshmi,17:09
90636,Mahalakshmi,17:16
90638,Mahalakshmi,17:19
90616,M'BAI CENTRAL(L),17:02
90618,M'BAI CENTRAL(L),16:59
90620,M'BAI CENTRAL(L),17:04
90622,M'BAI CENTRAL(L),17:06
90626,M'BAI CENTRAL(L),17:12
90628,M'BAI CENTRAL(L),16:54
94118,M'BAI CENTRAL(L),17:01
94066,M'BAI CENTRAL(L),17:04
90634,M'BAI CENTRAL(L),17:07
90636,M'BAI CENTRAL(L),17:19
90638,M'BAI CENTRAL(L),17:22
90616,Grant Road,17:04
90618,Grant Road,17:01
90620,Grant Road,17:06
90622,Grant Road,17:08
90626,Grant Road,17:14
90636,Grant Road,17:21
90638,Grant Road,17:24
90616,Charni Road,17:06
90618,Charni Road,17:03
90620,Charni Road,17:08
90622,Charni Road,17:10
90626,Charni Road,17:16
90636,Charni Road,17:23
90638,Charni Road,17:26
90616,Marine Lines,17:09
90618,Marine Lines,17:06
90620,Marine Lines,17:11
90622,Marine Lines,17:13
90626,Marine Lines,17:19
90636,Marine Lines,17:26
90638,Marine Lines,17:29
90616,CHURCHGATE,17:13
90618,CHURCHGATE,17:10
90620,CHURCHGATE,17:16
90622,CHURCHGATE,17:19
90626,CHURCHGATE,17:25
90628,CHURCHGATE,17:05
94118,CHURCHGATE,17:09
94066,CHURCHGATE,17:12
90634,CHURCHGATE,17:15
90636,CHURCHGATE,17:30
90638,CHURCHGATE,17:33
92140,VIRAR,15:52
92142,VIRAR,16:03
90652,VIRAR,16:08
90658,VIRAR,16:12
92140,Nalla Sopara,15:58
92142,Nalla Sopara,16:09
90648,Nalla Sopara,16:08
90652,Nalla Sopara,16:14
90658,Nalla Sopara,16:18
92138,VASAI ROAD,16:00
92140,VASAI ROAD,16:03
92142,VASAI ROAD,16:14
90648,VASAI ROAD,16:14
90652,VASAI ROAD,16:19
90658,VASAI ROAD,16:23
92138,Naigaon,16:05
92140,Naigaon,16:07
92142,Naigaon,16:18
90648,Naigaon,16:18
90652,Naigaon,16:23
90658,Naigaon,16:27
92138,BHAYANDAR,16:11
92140,BHAYANDAR,16:13
90644,BHAYANDAR,16:15
92142,BHAYANDAR,16:24
90648,BHAYANDAR,16:24
90652,BHAYANDAR,16:29
90658,BHAYANDAR,16:33
92138,Mira Road,16:16
92140,Mira Road,16:18
90644,Mira Road,16:22
92142,Mira Road,16:30
90648,Mira Road,16:30
90652,Mira Road,16:34
90658,Mira Road,16:38
92138,Dahisar,16:20
92140,Dahisar,16:22
90644,Dahisar,16:26
92142,Dahisar,16:34
90648,Dahisar,16:34
90652,Dahisar,16:38
90658,Dahisar,16:42
92138,BORIVALI,16:25
92140,BORIVALI,16:27
90640,BORIVALI,16:28
90642,BORIVALI,16:31
90644,BORIVALI,16:32
90646,BORIVALI,16:34
92142,BORIVALI,16:38
90648,BORIVALI,16:39
90650,BORIVALI,16:42
90652,BORIVALI,16:43
90658,BORIVALI,16:47
92138,Kandivali,16:31
90640,Kandivali,16:34
90642,Kandivali,16:37
90646,Kandivali,16:40
90648,Kandivali,16:43
90650,Kandivali,16:47
90658,Kandivali,16:51
92138,Malad,16:34
90640,Malad,16:37
90642,Malad,16:40
90646,Malad,16:43
90648,Malad,16:46
90650,Malad,16:50
90654,Malad,16:50
90658,Malad,16:54
92138,Goregaon,16:37
90640,Goregaon,16:40
90642,Goregaon,16:43
90646,Goregaon,16:46
90648,Goregaon,16:49
90650,Goregaon,16:53
90656,Goregaon,16:55
90658,Goregaon,16:57
92138,Ram Mandir,16:39
90640,Ram Mandir,16:42
90642,Ram Mandir,16:45
90646,Ram Mandir,16:48
90648,Ram Mandir,16:51
90650,Ram Mandir,16:55
90656,Ram Mandir,16:58
90658,Ram Mandir,16:59
92138,Jogeshwari,16:42
90640,Jogeshwari,16:45
90642,Jogeshwari,16:48
90646,Jogeshwari,16:51
90648,Jogeshwari,16:54
90650,Jogeshwari,16:58
90656,Jogeshwari,17:01
90658,Jogeshwari,17:02
92138,ANDHERI,16:48
92140,ANDHERI,16:44
90640,ANDHERI,16:49
90642,ANDHERI,16:52
90644,ANDHERI,16:47
90646,ANDHERI,16:55
92142,ANDHERI,16:52
90648,ANDHERI,16:59
90650,ANDHERI,17:02
90652,ANDHERI,16:57
90654,ANDHERI,17:00
90656,ANDHERI,17:05
90658,ANDHERI,17:08
90640,Vile Parle,16:52
90642,Vile Parle,16:55
90646,Vile Parle,16:58
90648,Vile Parle,17:02
90650,Vile Parle,17:05
90656,Vile Parle,17:09
90640,Santa Cruz,16:55
90642,Santa Cruz,16:58
90646,Santa Cruz,17:01
90648,Santa Cruz,17:05
90650,Santa Cruz,17:08
90656,Santa Cruz,17:12
90640,Khar Road,16:58
90642,Khar Road,17:01
90646,Khar Road,17:04
90648,Khar Road,17:08
90650,Khar Road,17:11
90656,Khar Road,17:15
90640,BANDRA,17:04
90642,BANDRA,17:07
90644,BANDRA,16:57
90646,BANDRA,17:10
92142,BANDRA,17:01
90648,BANDRA,17:13
90650,BANDRA,17:15
90652,BANDRA,17:06
90654,BANDRA,17:09
90656,BANDRA,17:19
90640,Mahim Jn.,17:07
90642,Mahim Jn.,17:10
90646,Mahim Jn.,17:13
90650,Mahim Jn.,17:18
90656,Mahim Jn.,17:22
90640,Matunga Road,17:10
90642,Matunga Road,17:13
90646,Matunga Road,17:16
90650,Matunga Road,17:21
90656,Matunga Road,17:25
90640,DADAR,17:14
90642,DADAR,17:18
90644,DADAR,17:03
90646,DADAR,17:21
92142,DADAR,17:08
90650,DADAR,17:24
90652,DADAR,17:12
90654,DADAR,17:15
90656,DADAR,17:29
90640,Prabhadevi,17:16
90642,Prabhadevi,17:21
90646,Prabhadevi,17:24
90650,Prabhadevi,17:26
90656,Prabhadevi,17:31
90640,Lower Parel,17:19
90642,Lower Parel,17:24
90646,Lower Parel,17:27
90650,Lower Parel,17:29
90656,Lower Parel,17:34
90640,Mahalakshmi,17:22
90642,Mahalakshmi,17:27
90646,Mahalakshmi,17:30
90650,Mahalakshmi,17:32
90656,Mahalakshmi,17:37
90640,M'BAI CENTRAL(L),17:25
90642,M'BAI CENTRAL(L),17:30
90644,M'BAI CENTRAL(L),17:11
90646,M'BAI CENTRAL(L),17:33
90650,M'BAI CENTRAL(L),17:35
90652,M'BAI CENTRAL(L),17:19
90654,M'BAI CENTRAL(L),17:22
90656,M'BAI CENTRAL(L),17:40
90640,Grant Road,17:27
90642,Grant Road,17:32
90646,Grant Road,17:35
90650,Grant Road,17:37
90656,Grant Road,17:42
90640,Charni Road,17:29
90642,Charni Road,17:34
90646,Charni Road,17:37
90650,Charni Road,17:39
90656,Charni Road,17:44
90640,Marine Lines,17:32
90642,Marine Lines,17:37
90646,Marine Lines,17:40
90650,Marine Lines,17:42
90656,Marine Lines,17:47
90640,CHURCHGATE,17:36
90642,CHURCHGATE,17:42
90644,CHURCHGATE,17:20
90646,CHURCHGATE,17:45
90650,CHURCHGATE,17:48
90652,CHURCHGATE,17:29
90654,CHURCHGATE,17:32
90656,CHURCHGATE,17:51
94068,VIRAR,16:20
90674,VIRAR,16:28
94072,VIRAR,16:32
94068,Nalla Sopara,16:26
90674,Nalla Sopara,16:35
94072,Nalla Sopara,16:39
92144,Nalla Sopara,16:44
94068,VASAI ROAD,16:31
90672,VASAI ROAD,16:37
90674,VASAI ROAD,16:40
94072,VASAI ROAD,16:44
92144,VASAI ROAD,16:49
94068,Naigaon,16:35
90672,Naigaon,16:43
90674,Naigaon,16:45
94072,Naigaon,16:50
92144,Naigaon,16:53
94068,BHAYANDAR,16:41
94070,BHAYANDAR,16:45
90672,BHAYANDAR,16:49
90674,BHAYANDAR,16:51
94072,BHAYANDAR,16:55
92144,BHAYANDAR,16:59
94068,Mira Road,16:46
94070,Mira Road,16:51
90672,Mira Road,16:54
90674,Mira Road,16:56
94072,Mira Road,17:00
92144,Mira Road,17:04
94068,Dahisar,16:50
94070,Dahisar,16:55
90672,Dahisar,16:58
90674,Dahisar,17:00
94072,Dahisar,17:04
92144,Dahisar,17:08
90660,BORIVALI,16:50
90662,BORIVALI,16:53
94068,BORIVALI,16:55
90666,BORIVALI,16:56
94070,BORIVALI,17:00
90672,BORIVALI,17:04
90674,BORIVALI,17:05
90676,BORIVALI,17:06
94072,BORIVALI,17:10
90682,BORIVALI,17:10
92144,BORIVALI,17:13
90660,Kandivali,16:55
90662,Kandivali,16:58
90666,Kandivali,17:02
90672,Kandivali,17:09
90676,Kandivali,17:12
90682,Kandivali,17:18
90660,Malad,16:58
90662,Malad,17:01
90664,Malad,17:02
90666,Malad,17:05
90672,Malad,17:12
90676,Malad,17:15
90682,Malad,17:21
90660,Goregaon,17:01
90662,Goregaon,17:04
90666,Goregaon,17:08
90672,Goregaon,17:15
90676,Goregaon,17:18
90680,Goregaon,17:20
90682,Goregaon,17:24
90660,Ram Mandir,17:03
90662,Ram Mandir,17:06
90666,Ram Mandir,17:10
90672,Ram Mandir,17:17
90676,Ram Mandir,17:20
90680,Ram Mandir,17:23
90682,Ram Mandir,17:26
90660,Jogeshwari,17:06
90662,Jogeshwari,17:09
90666,Jogeshwari,17:13
90672,Jogeshwari,17:20
90676,Jogeshwari,17:23
90680,Jogeshwari,17:26
90682,Jogeshwari,17:29
90660,ANDHERI,17:10
90662,ANDHERI,17:13
94068,ANDHERI,17:08
90664,ANDHERI,17:12
90666,ANDHERI,17:18
94070,ANDHERI,17:15
90672,ANDHERI,17:25
90674,ANDHERI,17:19
90676,ANDHERI,17:28
94072,ANDHERI,17:25
90680,ANDHERI,17:30
90682,ANDHERI,17:34
90660,Vile Parle,17:13
90662,Vile Parle,17:16
90666,Vile Parle,17:21
90672,Vile Parle,17:29
90676,Vile Parle,17:32
90680,Vile Parle,17:35
90682,Vile Parle,17:38
90660,Santa Cruz,17:16
90662,Santa Cruz,17:19
90666,Santa Cruz,17:24
90672,Santa Cruz,17:32
90676,Santa Cruz,17:35
90680,Santa Cruz,17:38
90682,Santa Cruz,17:41
90660,Khar Road,17:19
90662,Khar Road,17:22
90666,Khar Road,17:27
90672,Khar Road,17:35
90676,Khar Road,17:38
90680,Khar Road,17:41
90682,Khar Road,17:44
90660,BANDRA,17:23
90662,BANDRA,17:26
94068,BANDRA,17:17
90664,BANDRA,17:22
90666,BANDRA,17:32
90672,BANDRA,17:39
90674,BANDRA,17:29
90676,BANDRA,17:42
94072,BANDRA,17:35
90680,BANDRA,17:45
90682,BANDRA,17:48
90660,Mahim Jn.,17:26
90662,Mahim Jn.,17:29
90666,Mahim Jn.,17:35
90672,Mahim Jn.,17:42
90676,Mahim Jn.,17:45
90680,Mahim Jn.,17:48
90682,Mahim Jn.,17:51
90660,Matunga Road,17:29
90662,Matunga Road,17:32
90666,Matunga Road,17:38
90672,Matunga Road,17:45
90676,Matunga Road,17:48
90680,Matunga Road,17:51
90682,Matunga Road,17:54
90660,DADAR,17:33
90662,DADAR,17:36
94068,DADAR,17:23
90664,DADAR,17:28
90666,DADAR,17:41
90672,DADAR,17:49
90674,DADAR,17:35
90676,DADAR,17:52
94072,DADAR,17:41
90680,DADAR,17:55
90682,DADAR,17:58
90660,Prabhadevi,17:35
90662,Prabhadevi,17:38
90666,Prabhadevi,17:43
90672,Prabhadevi,17:51
90676,Prabhadevi,17:54
90680,Prabhadevi,17:57
90682,Prabhadevi,18:00
90660,Lower Parel,17:38
90662,Lower Parel,17:41
90666,Lower Parel,17:46
90672,Lower Parel,17:54
90676,Lower Parel,17:57
90680,Lower Parel,18:00
90682,Lower Parel,18:03
90660,Mahalakshmi,17:41
90662,Mahalakshmi,17:44
90666,Mahalakshmi,17:49
90672,Mahalakshmi,17:57
90676,Mahalakshmi,18:00
90680,Mahalakshmi,18:03
90682,Mahalakshmi,18:06
90660,M'BAI CENTRAL(L),17:44
90662,M'BAI CENTRAL(L),17:48
94068,M'BAI CENTRAL(L),17:30
90664,M'BAI CENTRAL(L),17:35
90666,M'BAI CENTRAL(L),17:52
90672,M'BAI CENTRAL(L),18:00
90674,M'BAI CENTRAL(L),17:44
90676,M'BAI CENTRAL(L),18:03
94072,M'BAI CENTRAL(L),17:50
90680,M'BAI CENTRAL(L),18:06
90682,M'BAI CENTRAL(L),18:09
90660,Grant Road,17:46
90662,Grant Road,17:50
90666,Grant Road,17:54
90672,Grant Road,18:02
90676,Grant Road,18:05
90680,Grant Road,18:08
90682,Grant Road,18:11
90660,Charni Road,17:48
90662,Charni Road,17:52
90666,Charni Road,17:56
90672,Charni Road,18:04
90676,Charni Road,18:07
90680,Charni Road,18:10
90682,Charni Road,18:13
90660,Marine Lines,17:51
90662,Marine Lines,17:55
90666,Marine Lines,17:59
90672,Marine Lines,18:07
90676,Marine Lines,18:10
90680,Marine Lines,18:13
90682,Marine Lines,18:16
90660,CHURCHGATE,17:54
90662,CHURCHGATE,18:00
94068,CHURCHGATE,17:39
90664,CHURCHGATE,17:44
90666,CHURCHGATE,18:03
90672,CHURCHGATE,18:10
90674,CHURCHGATE,17:52
90676,CHURCHGATE,18:13
94072,CHURCHGATE,17:58
90680,CHURCHGATE,18:16
90682,CHURCHGATE,18:19
93028,VIRAR,16:40
92146,VIRAR,16:44
94074,VIRAR,16:48
92148,VIRAR,16:51
92146,Nalla Sopara,16:50
94074,Nalla Sopara,16:54
92148,Nalla Sopara,16:57
93028,VASAI ROAD,16:52
92146,VASAI ROAD,16:55
94074,VASAI ROAD,16:59
92148,VASAI ROAD,17:02
92146,Naigaon,17:00
94074,Naigaon,17:05
92148,Naigaon,17:08
93028,BHAYANDAR,17:02
92220,BHAYANDAR,17:02
92146,BHAYANDAR,17:06
94074,BHAYANDAR,17:11
92148,BHAYANDAR,17:14
92220,Mira Road,17:08
92146,Mira Road,17:12
94074,Mira Road,17:16
92148,Mira Road,17:19
92220,Dahisar,17:12
92146,Dahisar,17:16
94074,Dahisar,17:20
92148,Dahisar,17:23
93028,BORIVALI,17:13
90686,BORIVALI,17:13
92220,BORIVALI,17:17
92146,BORIVALI,17:20
90692,BORIVALI,17:23
94074,BORIVALI,17:26
94076,BORIVALI,17:28
94128,BORIVALI,17:27
90702,BORIVALI,17:31
92148,BORIVALI,17:31
90686,Kandivali,17:21
92146,Kandivali,17:25
90692,Kandivali,17:29
94128,Kandivali,17:34
90702,Kandivali,17:37
90686,Malad,17:24
90690,Malad,17:25
92146,Malad,17:28
90692,Malad,17:32
94128,Malad,17:37
90702,Malad,17:40
90686,Goregaon,17:28
92146,Goregaon,17:31
90692,Goregaon,17:35
90694,Goregaon,17:37
94128,Goregaon,17:40
90702,Goregaon,17:44
90686,Ram Mandir,17:30
92146,Ram Mandir,17:33
90692,Ram Mandir,17:37
90694,Ram Mandir,17:40
94128,Ram Mandir,17:42
90702,Ram Mandir,17:46
90686,Jogeshwari,17:33
92146,Jogeshwari,17:36
90692,Jogeshwari,17:40
90694,Jogeshwari,17:43
94128,Jogeshwari,17:45
90702,Jogeshwari,17:48
93028,ANDHERI,17:29
90684,ANDHERI,17:36
90686,ANDHERI,17:39
92220,ANDHERI,17:33
90690,ANDHERI,17:36
92146,ANDHERI,17:42
90692,ANDHERI,17:44
90694,ANDHERI,17:47
94076,ANDHERI,17:44
94128,ANDHERI,17:50
90702,ANDHERI,17:53
90684,Vile Parle,17:41
90686,Vile Parle,17:44
90692,Vile Parle,17:47
90694,Vile Parle,17:51
94128,Vile Parle,17:54
90702,Vile Parle,17:57
90684,Santa Cruz,17:44
90686,Santa Cruz,17:47
90692,Santa Cruz,17:50
90694,Santa Cruz,17:54
94128,Santa Cruz,17:57
90702,Santa Cruz,18:00
90684,Khar Road,17:47
90686,Khar Road,17:50
90692,Khar Road,17:53
90694,Khar Road,17:57
94128,Khar Road,18:00
90702,Khar Road,18:03
93028,BANDRA,17:39
90684,BANDRA,17:51
90686,BANDRA,17:54
92220,BANDRA,17:43
90690,BANDRA,17:46
90692,BANDRA,17:57
90694,BANDRA,18:01
94076,BANDRA,17:54
94128,BANDRA,18:04
90702,BANDRA,18:07
90684,Mahim Jn.,17:54
90686,Mahim Jn.,17:57
90692,Mahim Jn.,18:00
90694,Mahim Jn.,18:04
94128,Mahim Jn.,18:07
90702,Mahim Jn.,18:10
90684,Matunga Road,17:57
90686,Matunga Road,18:00
90692,Matunga Road,18:03
90694,Matunga Road,18:07
94128,Matunga Road,18:10
90702,Matunga Road,18:13
93028,DADAR,17:46
90684,DADAR,18:01
90686,DADAR,18:04
92220,DADAR,17:49
90690,DADAR,17:52
90692,DADAR,18:07
90694,DADAR,18:11
94076,DADAR,18:00
94128,DADAR,18:14
90702,DADAR,18:17
90684,Prabhadevi,18:03
90686,Prabhadevi,18:06
90692,Prabhadevi,18:09
90694,Prabhadevi,18:13
94128,Prabhadevi,18:16
90702,Prabhadevi,18:19
90684,Lower Parel,18:06
90686,Lower Parel,18:09
90692,Lower Parel,18:12
90694,Lower Parel,18:16
94128,Lower Parel,18:19
90702,Lower Parel,18:22
90684,Mahalakshmi,18:09
90686,Mahalakshmi,18:12
90692,Mahalakshmi,18:15
90694,Mahalakshmi,18:19
94128,Mahalakshmi,18:22
90702,Mahalakshmi,18:25
90684,M'BAI CENTRAL(L),18:12
90686,M'BAI CENTRAL(L),18:15
92220,M'BAI CENTRAL(L),17:58
90690,M'BAI CENTRAL(L),18:01
90692,M'BAI CENTRAL(L),18:18
90694,M'BAI CENTRAL(L),18:22
94076,M'BAI CENTRAL(L),18:07
94128,M'BAI CENTRAL(L),18:25
90702,M'BAI CENTRAL(L),18:28
90684,Grant Road,18:14
90686,Grant Road,18:17
90692,Grant Road,18:20
90694,Grant Road,18:24
94128,Grant Road,18:27
90702,Grant Road,18:30
90684,Charni Road,18:16
90686,Charni Road,18:19
90692,Charni Road,18:22
90694,Charni Road,18:26
94128,Charni Road,18:29
90702,Charni Road,18:32
90684,Marine Lines,18:19
90686,Marine Lines,18:22
90692,Marine Lines,18:25
90694,Marine Lines,18:29
94128,Marine Lines,18:32
90702,Marine Lines,18:35
90684,CHURCHGATE,18:22
90686,CHURCHGATE,18:25
92220,CHURCHGATE,18:06
90690,CHURCHGATE,18:10
90692,CHURCHGATE,18:29
90694,CHURCHGATE,18:32
94076,CHURCHGATE,18:17
94128,CHURCHGATE,18:35
90702,CHURCHGATE,18:38
94078,VIRAR,17:00
90716,VIRAR,17:05
92150,VIRAR,17:06
93030,VIRAR,17:15
92152,VIRAR,17:15
90704,Nalla Sopara,17:03
94078,Nalla Sopara,17:06
90716,Nalla Sopara,17:12
92150,Nalla Sopara,17:13
92152,Nalla Sopara,17:22
90704,VASAI ROAD,17:08
94078,VASAI ROAD,17:11
90716,VASAI ROAD,17:17
92150,VASAI ROAD,17:18
92152,VASAI ROAD,17:28
90704,Naigaon,17:13
94078,Naigaon,17:16
90716,Naigaon,17:22
92150,Naigaon,17:23
92152,Naigaon,17:33
90704,BHAYANDAR,17:19
94078,BHAYANDAR,17:22
90716,BHAYANDAR,17:28
92150,BHAYANDAR,17:29
90720,BHAYANDAR,17:34
92152,BHAYANDAR,17:39
90704,Mira Road,17:24
94078,Mira Road,17:27
90716,Mira Road,17:33
92150,Mira Road,17:34
90720,Mira Road,17:40
92152,Mira Road,17:44
90704,Dahisar,17:28
94078,Dahisar,17:31
90716,Dahisar,17:38
92150,Dahisar,17:39
90720,Dahisar,17:44
92152,Dahisar,17:49
90704,BORIVALI,17:33
94078,BORIVALI,17:36
90710,BORIVALI,17:39
90714,BORIVALI,17:44
90716,BORIVALI,17:45
92150,BORIVALI,17:47
90718,BORIVALI,17:48
90720,BORIVALI,17:50
92152,BORIVALI,17:54
90728,BORIVALI,17:57
90710,Kandivali,17:45
90714,Kandivali,17:50
90718,Kandivali,17:54
92152,Kandivali,17:58
90728,Kandivali,18:02
90710,Malad,17:49
90714,Malad,17:53
90718,Malad,17:57
92152,Malad,18:01
90728,Malad,18:05
90710,Goregaon,17:53
90714,Goregaon,17:56
90718,Goregaon,18:00
90726,Goregaon,17:57
92152,Goregaon,18:04
90728,Goregaon,18:08
90714,Ram Mandir,17:58
90718,Ram Mandir,18:02
90726,Ram Mandir,18:01
92152,Ram Mandir,18:06
90728,Ram Mandir,18:10
90710,Jogeshwari,17:58
90714,Jogeshwari,18:01
90718,Jogeshwari,18:05
90726,Jogeshwari,18:04
92152,Jogeshwari,18:09
90728,Jogeshwari,18:13
90704,ANDHERI,17:47
94078,ANDHERI,17:51
90708,ANDHERI,17:56
90710,ANDHERI,18:03
90714,ANDHERI,18:05
90716,ANDHERI,17:58
92150,ANDHERI,18:02
90718,ANDHERI,18:09
90720,ANDHERI,18:06
90726,ANDHERI,18:08
92152,ANDHERI,18:15
90728,ANDHERI,18:18
90708,Vile Parle,18:01
90714,Vile Parle,18:08
90718,Vile Parle,18:13
90726,Vile Parle,18:13
90728,Vile Parle,18:21
90708,Santa Cruz,18:04
90714,Santa Cruz,18:11
90718,Santa Cruz,18:16
90726,Santa Cruz,18:16
90728,Santa Cruz,18:24
90708,Khar Road,18:07
90714,Khar Road,18:14
90718,Khar Road,18:19
90726,Khar Road,18:19
90728,Khar Road,18:27
90704,BANDRA,17:57
94078,BANDRA,18:00
90708,BANDRA,18:12
90710,BANDRA,18:12
90714,BANDRA,18:18
90716,BANDRA,18:07
90718,BANDRA,18:23
90720,BANDRA,18:16
90726,BANDRA,18:26
90728,BANDRA,18:32
90708,Mahim Jn.,18:15
90714,Mahim Jn.,18:21
90718,Mahim Jn.,18:26
90726,Mahim Jn.,18:29
90728,Mahim Jn.,18:35
90708,Matunga Road,18:18
90714,Matunga Road,18:24
90718,Matunga Road,18:29
90726,Matunga Road,18:32
90728,Matunga Road,18:38
90704,DADAR,18:03
94078,DADAR,18:06
90708,DADAR,18:22
90710,DADAR,18:17
90714,DADAR,18:28
90716,DADAR,18:13
90718,DADAR,18:33
90720,DADAR,18:21
90726,DADAR,18:36
90728,DADAR,18:42
90708,Prabhadevi,18:24
90714,Prabhadevi,18:30
90718,Prabhadevi,18:35
90726,Prabhadevi,18:38
90728,Prabhadevi,18:44
90708,Lower Parel,18:27
90714,Lower Parel,18:33
90718,Lower Parel,18:38
90726,Lower Parel,18:41
90728,Lower Parel,18:47
90708,Mahalakshmi,18:30
90714,Mahalakshmi,18:36
90718,Mahalakshmi,18:41
90726,Mahalakshmi,18:44
90728,Mahalakshmi,18:50
90704,M'BAI CENTRAL(L),18:10
94078,M'BAI CENTRAL(L),18:13
90708,M'BAI CENTRAL(L),18:33
90710,M'BAI CENTRAL(L),18:24
90714,M'BAI CENTRAL(L),18:39
90716,M'BAI CENTRAL(L),18:20
90718,M'BAI CENTRAL(L),18:44
90720,M'BAI CENTRAL(L),18:28
90726,M'BAI CENTRAL(L),18:47
90728,M'BAI CENTRAL(L),18:53
90708,Grant Road,18:35
90714,Grant Road,18:41
90718,Grant Road,18:46
90726,Grant Road,18:49
90728,Grant Road,18:55
90708,Charni Road,18:37
90714,Charni Road,18:43
90718,Charni Road,18:48
90726,Charni Road,18:51
90728,Charni Road,18:57
90708,Marine Lines,18:40
90714,Marine Lines,18:46
90718,Marine Lines,18:51
90726,Marine Lines,18:54
90728,Marine Lines,19:00
90704,CHURCHGATE,18:20
94078,CHURCHGATE,18:25
90708,CHURCHGATE,18:44
90710,CHURCHGATE,18:32
90714,CHURCHGATE,18:49
90716,CHURCHGATE,18:28
90718,CHURCHGATE,18:54
90720,CHURCHGATE,18:36
90726,CHURCHGATE,19:00
90728,CHURCHGATE,19:04
90730,VIRAR,17:20
90734,VIRAR,17:27
92154,VIRAR,17:28
92156,VIRAR,17:32
90750,VIRAR,17:41
90730,Nalla Sopara,17:27
90732,Nalla Sopara,17:29
90734,Nalla Sopara,17:33
92154,Nalla Sopara,17:34
92156,Nalla Sopara,17:38
90750,Nalla Sopara,17:47
90730,VASAI ROAD,17:33
90732,VASAI ROAD,17:34
90734,VASAI ROAD,17:38
92154,VASAI ROAD,17:39
92156,VASAI ROAD,17:44
90748,VASAI ROAD,17:48
90750,VASAI ROAD,17:52
90730,Naigaon,17:38
90732,Naigaon,17:39
90734,Naigaon,17:43
92154,Naigaon,17:44
92156,Naigaon,17:49
90748,Naigaon,17:54
90750,Naigaon,17:57
90730,BHAYANDAR,17:43
90732,BHAYANDAR,17:45
90734,BHAYANDAR,17:48
92154,BHAYANDAR,17:50
92156,BHAYANDAR,17:55
90748,BHAYANDAR,18:00
90750,BHAYANDAR,18:03
90730,Mira Road,17:48
90732,Mira Road,17:50
90734,Mira Road,17:53
92154,Mira Road,17:55
92156,Mira Road,18:00
90748,Mira Road,18:04
90750,Mira Road,18:07
90730,Dahisar,17:52
90732,Dahisar,17:54
90734,Dahisar,17:57
92154,Dahisar,17:59
92156,Dahisar,18:04
90748,Dahisar,18:08
90750,Dahisar,18:11
90730,BORIVALI,17:57
90732,BORIVALI,18:00
90734,BORIVALI,18:01
90738,BORIVALI,18:04
92154,BORIVALI,18:04
92156,BORIVALI,18:10
90742,BORIVALI,18:08
94080,BORIVALI,18:08
90746,BORIVALI,18:13
90748,BORIVALI,18:13
90750,BORIVALI,18:16
90738,Kandivali,18:09
90742,Kandivali,18:15
90746,Kandivali,18:19
90738,Malad,18:12
90742,Malad,18:18
90746,Malad,18:22
90736,Goregaon,18:11
90738,Goregaon,18:15
90742,Goregaon,18:21
90746,Goregaon,18:25
90736,Ram Mandir,18:14
90738,Ram Mandir,18:17
90742,Ram Mandir,18:23
90746,Ram Mandir,18:27
90736,Jogeshwari,18:17
90738,Jogeshwari,18:20
90742,Jogeshwari,18:26
90746,Jogeshwari,18:30
90730,ANDHERI,18:12
90734,ANDHERI,18:15
90736,ANDHERI,18:21
90738,ANDHERI,18:25
92154,ANDHERI,18:19
90742,ANDHERI,18:31
94080,ANDHERI,18:23
90746,ANDHERI,18:34
90748,ANDHERI,18:27
90750,ANDHERI,18:30
90736,Vile Parle,18:25
90738,Vile Parle,18:29
90742,Vile Parle,18:35
90746,Vile Parle,18:38
90736,Santa Cruz,18:28
90738,Santa Cruz,18:32
90742,Santa Cruz,18:38
90746,Santa Cruz,18:41
90736,Khar Road,18:31
90738,Khar Road,18:35
90742,Khar Road,18:41
90746,Khar Road,18:44
90730,BANDRA,18:21
90734,BANDRA,18:24
90736,BANDRA,18:36
90738,BANDRA,18:40
90740,BANDRA,18:42
90742,BANDRA,18:45
94080,BANDRA,18:32
90746,BANDRA,18:48
90748,BANDRA,18:35
90750,BANDRA,18:38
90736,Mahim Jn.,18:39
90738,Mahim Jn.,18:43
90740,Mahim Jn.,18:45
90742,Mahim Jn.,18:48
90746,Mahim Jn.,18:51
90736,Matunga Road,18:42
90738,Matunga Road,18:46
90740,Matunga Road,18:48
90742,Matunga Road,18:51
90746,Matunga Road,18:54
90730,DADAR,18:28
90734,DADAR,18:30
90736,DADAR,18:46
90738,DADAR,18:50
90740,DADAR,18:52
90742,DADAR,18:55
94080,DADAR,18:37
90746,DADAR,18:58
90748,DADAR,18:41
90750,DADAR,18:44
90736,Prabhadevi,18:48
90738,Prabhadevi,18:52
90740,Prabhadevi,18:54
90742,Prabhadevi,18:57
90746,Prabhadevi,19:00
90736,Lower Parel,18:51
90738,Lower Parel,18:55
90740,Lower Parel,18:57
90742,Lower Parel,19:00
90746,Lower Parel,19:03
90736,Mahalakshmi,18:54
90738,Mahalakshmi,18:58
90740,Mahalakshmi,19:00
90742,Mahalakshmi,19:03
90746,Mahalakshmi,19:06
90734,M'BAI CENTRAL(L),18:37
90736,M'BAI CENTRAL(L),18:57
90738,M'BAI CENTRAL(L),19:01
90740,M'BAI CENTRAL(L),19:03
90742,M'BAI CENTRAL(L),19:06
94080,M'BAI CENTRAL(L),18:44
90746,M'BAI CENTRAL(L),19:09
90748,M'BAI CENTRAL(L),18:48
90750,M'BAI CENTRAL(L),18:51
90736,Grant Road,18:59
90738,Grant Road,19:03
90740,Grant Road,19:05
90742,Grant Road,19:08
90746,Grant Road,19:11
90736,Charni Road,19:01
90738,Charni Road,19:05
90740,Charni Road,19:07
90742,Charni Road,19:10
90746,Charni Road,19:13
90736,Marine Lines,19:04
90738,Marine Lines,19:08
90740,Marine Lines,19:10
90742,Marine Lines,19:13
90746,Marine Lines,19:16
90734,CHURCHGATE,18:46
90736,CHURCHGATE,19:07
90738,CHURCHGATE,19:11
90740,CHURCHGATE,19:14
90742,CHURCHGATE,19:16
94080,CHURCHGATE,18:52
90746,CHURCHGATE,19:19
90748,CHURCHGATE,18:56
90750,CHURCHGATE,19:00
92158,VIRAR,17:43
90766,VIRAR,17:52
92162,VIRAR,17:56
92158,Nalla Sopara,17:50
92160,Nalla Sopara,17:53
90766,Nalla Sopara,17:58
92162,Nalla Sopara,18:02
92158,VASAI ROAD,17:56
92160,VASAI ROAD,17:58
90766,VASAI ROAD,18:03
92162,VASAI ROAD,18:07
92158,Naigaon,18:00
92160,Naigaon,18:03
90766,Naigaon,18:08
92162,Naigaon,18:12
92158,BHAYANDAR,18:06
92160,BHAYANDAR,18:09
90766,BHAYANDAR,18:13
92162,BHAYANDAR,18:17
92158,Mira Road,18:11
92160,Mira Road,18:14
90766,Mira Road,18:18
92162,Mira Road,18:21
92158,Dahisar,18:15
92160,Dahisar,18:18
90766,Dahisar,18:22
92162,Dahisar,18:26
90754,BORIVALI,18:19
92158,BORIVALI,18:19
90758,BORIVALI,18:24
92160,BORIVALI,18:22
90760,BORIVALI,18:24
90764,BORIVALI,18:27
90766,BORIVALI,18:29
92162,BORIVALI,18:30
90770,BORIVALI,18:32
90754,Kandivali,18:23
92160,Kandivali,18:27
90760,Kandivali,18:31
90764,Kandivali,18:34
90770,Kandivali,18:38
90754,Malad,18:26
92160,Malad,18:30
90760,Malad,18:34
90764,Malad,18:37
94140,Malad,18:32
90770,Malad,18:41
90754,Goregaon,18:29
90756,Goregaon,18:33
92160,Goregaon,18:33
90760,Goregaon,18:37
90764,Goregaon,18:40
90770,Goregaon,18:44
90754,Ram Mandir,18:32
90756,Ram Mandir,18:36
92160,Ram Mandir,18:35
90760,Ram Mandir,18:40
90764,Ram Mandir,18:42
90770,Ram Mandir,18:46
90754,Jogeshwari,18:34
90756,Jogeshwari,18:39
92160,Jogeshwari,18:38
90760,Jogeshwari,18:42
90764,Jogeshwari,18:45
90770,Jogeshwari,18:49
90752,ANDHERI,18:37
90754,ANDHERI,18:40
92158,ANDHERI,18:33
90756,ANDHERI,18:43
90758,ANDHERI,18:38
92160,ANDHERI,18:45
90760,ANDHERI,18:47
90764,ANDHERI,18:50
92162,ANDHERI,18:45
94140,ANDHERI,18:42
90770,ANDHERI,18:54
90752,Vile Parle,18:41
90754,Vile Parle,18:44
90756,Vile Parle,18:47
90760,Vile Parle,18:50
90764,Vile Parle,18:54
90770,Vile Parle,18:58
90752,Santa Cruz,18:44
90754,Santa Cruz,18:47
90756,Santa Cruz,18:50
90760,Santa Cruz,18:53
90764,Santa Cruz,18:57
90770,Santa Cruz,19:02
90752,Khar Road,18:47
90754,Khar Road,18:50
90756,Khar Road,18:53
90760,Khar Road,18:56
90764,Khar Road,19:00
90770,Khar Road,19:05
90752,BANDRA,18:51
90754,BANDRA,18:54
92158,BANDRA,18:42
90756,BANDRA,18:57
90758,BANDRA,18:46
90760,BANDRA,19:00
90762,BANDRA,19:02
90764,BANDRA,19:05
94140,BANDRA,18:52
90770,BANDRA,19:09
90752,Mahim Jn.,18:54
90754,Mahim Jn.,18:57
90756,Mahim Jn.,19:00
90760,Mahim Jn.,19:03
90762,Mahim Jn.,19:06
90764,Mahim Jn.,19:09
90770,Mahim Jn.,19:12
90752,Matunga Road,18:57
90754,Matunga Road,19:00
90756,Matunga Road,19:03
90760,Matunga Road,19:06
90762,Matunga Road,19:09
90764,Matunga Road,19:12
90770,Matunga Road,19:15
90752,DADAR,19:01
90754,DADAR,19:04
92158,DADAR,18:48
90756,DADAR,19:07
90758,DADAR,18:52
90760,DADAR,19:10
90762,DADAR,19:13
90764,DADAR,19:16
94140,DADAR,18:58
90770,DADAR,19:19
90752,Prabhadevi,19:03
90754,Prabhadevi,19:06
90756,Prabhadevi,19:09
90760,Prabhadevi,19:12
90762,Prabhadevi,19:15
90764,Prabhadevi,19:18
90770,Prabhadevi,19:21
90752,Lower Parel,19:06
90754,Lower Parel,19:09
90756,Lower Parel,19:12
90760,Lower Parel,19:15
90762,Lower Parel,19:18
90764,Lower Parel,19:21
90770,Lower Parel,19:24
90752,Mahalakshmi,19:09
90754,Mahalakshmi,19:12
90756,Mahalakshmi,19:15
90760,Mahalakshmi,19:18
90762,Mahalakshmi,19:21
90764,Mahalakshmi,19:24
90770,Mahalakshmi,19:27
90752,M'BAI CENTRAL(L),19:12
90754,M'BAI CENTRAL(L),19:15
92158,M'BAI CENTRAL(L),18:55
90756,M'BAI CENTRAL(L),19:18
90758,M'BAI CENTRAL(L),18:59
90760,M'BAI CENTRAL(L),19:21
90762,M'BAI CENTRAL(L),19:24
90764,M'BAI CENTRAL(L),19:27
94140,M'BAI CENTRAL(L),19:05
90770,M'BAI CENTRAL(L),19:30
90752,Grant Road,19:14
90754,Grant Road,19:17
90756,Grant Road,19:20
90760,Grant Road,19:23
90762,Grant Road,19:26
90764,Grant Road,19:29
90770,Grant Road,19:32
90752,Charni Road,19:16
90754,Charni Road,19:19
90756,Charni Road,19:22
90760,Charni Road,19:25
90762,Charni Road,19:28
90764,Charni Road,19:31
90770,Charni Road,19:34
90752,Marine Lines,19:19
90754,Marine Lines,19:22
90756,Marine Lines,19:25
90760,Marine Lines,19:28
90762,Marine Lines,19:31
90764,Marine Lines,19:34
90770,Marine Lines,19:37
90752,CHURCHGATE,19:22
90754,CHURCHGATE,19:25
92158,CHURCHGATE,19:03
90756,CHURCHGATE,19:28
90758,CHURCHGATE,19:08
90760,CHURCHGATE,19:31
90762,CHURCHGATE,19:34
90764,CHURCHGATE,19:37
94140,CHURCHGATE,19:19
90770,CHURCHGATE,19:41
92164,VIRAR,18:00
92166,VIRAR,18:04
92168,VIRAR,18:09
90780,VIRAR,18:13
94084,VIRAR,18:20
93032,VIRAR,18:28
92164,Nalla Sopara,18:06
92166,Nalla Sopara,18:11
92168,Nalla Sopara,18:15
90780,Nalla Sopara,18:19
94084,Nalla Sopara,18:26
92164,VASAI ROAD,18:12
92166,VASAI ROAD,18:16
92168,VASAI ROAD,18:20
90780,VASAI ROAD,18:24
92170,VASAI ROAD,18:26
94084,VASAI ROAD,18:31
92164,Naigaon,18:17
92166,Naigaon,18:20
92168,Naigaon,18:24
90780,Naigaon,18:28
92170,Naigaon,18:32
94084,Naigaon,18:36
92164,BHAYANDAR,18:23
92166,BHAYANDAR,18:26
92168,BHAYANDAR,18:30
90780,BHAYANDAR,18:34
92170,BHAYANDAR,18:38
94084,BHAYANDAR,18:42
92164,Mira Road,18:28
92166,Mira Road,18:31
92168,Mira Road,18:35
90780,Mira Road,18:39
92170,Mira Road,18:43
94084,Mira Road,18:47
92164,Dahisar,18:33
92166,Dahisar,18:35
92168,Dahisar,18:39
90780,Dahisar,18:44
92170,Dahisar,18:48
94084,Dahisar,18:52
90774,BORIVALI,18:37
92164,BORIVALI,18:40
92166,BORIVALI,18:40
90776,BORIVALI,18:43
92168,BORIVALI,18:46
90778,BORIVALI,18:47
90780,BORIVALI,18:48
94082,BORIVALI,18:52
90782,BORIVALI,18:52
92170,BORIVALI,18:54
94084,BORIVALI,18:58
90774,Kandivali,18:43
92166,Kandivali,18:46
90776,Kandivali,18:49
90778,Kandivali,18:53
90782,Kandivali,18:57
90774,Malad,18:46
92166,Malad,18:49
90776,Malad,18:52
90778,Malad,18:56
90782,Malad,19:00
90772,Goregaon,18:49
90774,Goregaon,18:49
92166,Goregaon,18:52
90776,Goregaon,18:55
90778,Goregaon,18:59
90782,Goregaon,19:03
90772,Ram Mandir,18:52
90774,Ram Mandir,18:51
92166,Ram Mandir,18:54
90776,Ram Mandir,18:57
90782,Ram Mandir,19:05
90772,Jogeshwari,18:55
90774,Jogeshwari,18:54
92166,Jogeshwari,18:57
90776,Jogeshwari,19:00
90778,Jogeshwari,19:04
90782,Jogeshwari,19:08
90772,ANDHERI,18:59
90774,ANDHERI,19:00
92164,ANDHERI,18:56
92166,ANDHERI,19:04
90776,ANDHERI,19:05
90778,ANDHERI,19:09
90780,ANDHERI,19:01
94082,ANDHERI,19:06
90782,ANDHERI,19:12
92170,ANDHERI,19:09
94084,ANDHERI,19:14
90772,Vile Parle,19:02
90774,Vile Parle,19:05
90776,Vile Parle,19:09
90782,Vile Parle,19:15
90772,Santa Cruz,19:05
90774,Santa Cruz,19:09
90776,Santa Cruz,19:12
90782,Santa Cruz,19:18
90772,Khar Road,19:08
90774,Khar Road,19:12
90776,Khar Road,19:15
90782,Khar Road,19:21
90772,BANDRA,19:12
90774,BANDRA,19:17
92164,BANDRA,19:05
90776,BANDRA,19:19
90778,BANDRA,19:18
90780,BANDRA,19:09
94082,BANDRA,19:15
90782,BANDRA,19:26
94084,BANDRA,19:24
90772,Mahim Jn.,19:15
90774,Mahim Jn.,19:20
90776,Mahim Jn.,19:22
90782,Mahim Jn.,19:29
90772,Matunga Road,19:18
90774,Matunga Road,19:23
90776,Matunga Road,19:25
90782,Matunga Road,19:32
90772,DADAR,19:22
90774,DADAR,19:27
92164,DADAR,19:11
90776,DADAR,19:29
90778,DADAR,19:23
90780,DADAR,19:14
94082,DADAR,19:21
90782,DADAR,19:36
94084,DADAR,19:31
90772,Prabhadevi,19:24
90774,Prabhadevi,19:29
90776,Prabhadevi,19:31
90782,Prabhadevi,19:38
90772,Lower Parel,19:27
90774,Lower Parel,19:32
90776,Lower Parel,19:34
90782,Lower Parel,19:41
90772,Mahalakshmi,19:30
90774,Mahalakshmi,19:35
90776,Mahalakshmi,19:37
90782,Mahalakshmi,19:44
90772,M'BAI CENTRAL(L),19:33
90774,M'BAI CENTRAL(L),19:38
90776,M'BAI CENTRAL(L),19:40
90778,M'BAI CENTRAL(L),19:30
90780,M'BAI CENTRAL(L),19:21
94082,M'BAI CENTRAL(L),19:28
90782,M'BAI CENTRAL(L),19:47
90772,Grant Road,19:35
90774,Grant Road,19:40
90776,Grant Road,19:42
90782,Grant Road,19:49
90772,Charni Road,19:37
90774,Charni Road,19:42
90776,Charni Road,19:44
90782,Charni Road,19:51
90772,Marine Lines,19:40
90774,Marine Lines,19:45
90776,Marine Lines,19:47
90782,Marine Lines,19:54
90772,CHURCHGATE,19:45
90774,CHURCHGATE,19:48
90776,CHURCHGATE,19:51
90778,CHURCHGATE,19:42
90780,CHURCHGATE,19:29
94082,CHURCHGATE,19:36
90782,CHURCHGATE,19:57
90792,VIRAR,18:24
94086,VIRAR,18:33
94088,VIRAR,18:30
90792,Nalla Sopara,18:30
94086,Nalla Sopara,18:40
94088,Nalla Sopara,18:37
90792,VASAI ROAD,18:35
94086,VASAI ROAD,18:45
94088,VASAI ROAD,18:42
90792,Naigaon,18:41
94086,Naigaon,18:50
94088,Naigaon,18:47
90792,BHAYANDAR,18:47
94086,BHAYANDAR,18:56
94088,BHAYANDAR,18:53
90792,Mira Road,18:52
94086,Mira Road,19:01
94088,Mira Road,18:58
90792,Dahisar,18:56
94086,Dahisar,19:05
94088,Dahisar,19:03
90788,BORIVALI,18:58
90790,BORIVALI,19:00
90792,BORIVALI,19:01
90796,BORIVALI,19:05
94086,BORIVALI,19:10
94088,BORIVALI,19:08
92222,BORIVALI,19:10
90806,BORIVALI,19:11
90808,BORIVALI,19:13
90810,BORIVALI,19:16
90788,Kandivali,19:03
90790,Kandivali,19:06
90796,Kandivali,19:10
94088,Kandivali,19:13
90806,Kandivali,19:16
90808,Kandivali,19:21
90810,Kandivali,19:25
90788,Malad,19:06
90790,Malad,19:09
90796,Malad,19:13
94088,Malad,19:16
90806,Malad,19:19
90808,Malad,19:24
90810,Malad,19:28
94120,Goregaon,19:06
90788,Goregaon,19:09
90790,Goregaon,19:12
90796,Goregaon,19:16
94088,Goregaon,19:19
90804,Goregaon,19:21
90806,Goregaon,19:24
90808,Goregaon,19:28
90810,Goregaon,19:32
94120,Ram Mandir,19:09
90788,Ram Mandir,19:11
90790,Ram Mandir,19:14
90796,Ram Mandir,19:18
94088,Ram Mandir,19:21
90804,Ram Mandir,19:24
90808,Ram Mandir,19:30
90810,Ram Mandir,19:34
94120,Jogeshwari,19:12
90788,Jogeshwari,19:15
90790,Jogeshwari,19:17
90796,Jogeshwari,19:21
94088,Jogeshwari,19:24
90804,Jogeshwari,19:27
90806,Jogeshwari,19:28
90808,Jogeshwari,19:33
90810,Jogeshwari,19:37
94120,ANDHERI,19:16
90788,ANDHERI,19:19
90790,ANDHERI,19:23
90792,ANDHERI,19:18
90796,ANDHERI,19:26
94086,ANDHERI,19:24
94088,ANDHERI,19:29
92222,ANDHERI,19:26
90804,ANDHERI,19:32
90806,ANDHERI,19:33
90808,ANDHERI,19:37
90810,ANDHERI,19:41
94120,Vile Parle,19:20
90788,Vile Parle,19:23
90790,Vile Parle,19:26
90796,Vile Parle,19:29
94088,Vile Parle,19:33
90804,Vile Parle,19:36
90808,Vile Parle,19:40
90810,Vile Parle,19:44
94120,Santa Cruz,19:23
90788,Santa Cruz,19:26
90790,Santa Cruz,19:29
90796,Santa Cruz,19:32
94088,Santa Cruz,19:36
90804,Santa Cruz,19:39
90808,Santa Cruz,19:43
90810,Santa Cruz,19:47
94120,Khar Road,19:26
90788,Khar Road,19:29
90790,Khar Road,19:32
90796,Khar Road,19:35
94088,Khar Road,19:39
90804,Khar Road,19:42
90808,Khar Road,19:46
90810,Khar Road,19:50
94120,BANDRA,19:30
90788,BANDRA,19:33
90790,BANDRA,19:36
90792,BANDRA,19:28
90794,BANDRA,19:39
90796,BANDRA,19:41
94086,BANDRA,19:34
94088,BANDRA,19:44
92222,BANDRA,19:36
90804,BANDRA,19:46
90806,BANDRA,19:42
90808,BANDRA,19:50
90810,BANDRA,19:54
94120,Mahim Jn.,19:33
90788,Mahim Jn.,19:36
90790,Mahim Jn.,19:39
90794,Mahim Jn.,19:42
90796,Mahim Jn.,19:45
90804,Mahim Jn.,19:49
90808,Mahim Jn.,19:53
90810,Mahim Jn.,19:57
94120,Matunga Road,19:36
90788,Matunga Road,19:39
90790,Matunga Road,19:42
90794,Matunga Road,19:45
90796,Matunga Road,19:48
90804,Matunga Road,19:52
90808,Matunga Road,19:56
90810,Matunga Road,20:00
94120,DADAR,19:40
90788,DADAR,19:43
90790,DADAR,19:46
90792,DADAR,19:34
90794,DADAR,19:49
90796,DADAR,19:52
94086,DADAR,19:40
92222,DADAR,19:42
90804,DADAR,19:56
90806,DADAR,19:48
90808,DADAR,20:00
90810,DADAR,20:04
94120,Prabhadevi,19:42
90788,Prabhadevi,19:45
90790,Prabhadevi,19:48
90794,Prabhadevi,19:51
90796,Prabhadevi,19:54
90804,Prabhadevi,19:58
90808,Prabhadevi,20:02
90810,Prabhadevi,20:06
94120,Lower Parel,19:45
90788,Lower Parel,19:48
90790,Lower Parel,19:51
90794,Lower Parel,19:54
90796,Lower Parel,19:57
90804,Lower Parel,20:01
90808,Lower Parel,20:05
90810,Lower Parel,20:09
94120,Mahalakshmi,19:48
90788,Mahalakshmi,19:51
90790,Mahalakshmi,19:54
90794,Mahalakshmi,19:57
90796,Mahalakshmi,20:00
90804,Mahalakshmi,20:04
90808,Mahalakshmi,20:08
90810,Mahalakshmi,20:12
94120,M'BAI CENTRAL(L),19:51
90788,M'BAI CENTRAL(L),19:54
90790,M'BAI CENTRAL(L),19:57
90792,M'BAI CENTRAL(L),19:41
90794,M'BAI CENTRAL(L),20:00
90796,M'BAI CENTRAL(L),20:03
94086,M'BAI CENTRAL(L),19:47
92222,M'BAI CENTRAL(L),19:49
90804,M'BAI CENTRAL(L),20:07
90806,M'BAI CENTRAL(L),19:55
90808,M'BAI CENTRAL(L),20:11
90810,M'BAI CENTRAL(L),20:15
94120,Grant Road,19:53
90788,Grant Road,19:56
90790,Grant Road,19:59
90794,Grant Road,20:02
90796,Grant Road,20:05
90804,Grant Road,20:09
90808,Grant Road,20:13
90810,Grant Road,20:17
94120,Charni Road,19:55
90788,Charni Road,19:58
90790,Charni Road,20:01
90794,Charni Road,20:04
90796,Charni Road,20:07
90804,Charni Road,20:11
90808,Charni Road,20:15
90810,Charni Road,20:19
94120,Marine Lines,19:58
90788,Marine Lines,20:01
90790,Marine Lines,20:04
90794,Marine Lines,20:07
90796,Marine Lines,20:10
90804,Marine Lines,20:14
90808,Marine Lines,20:18
90810,Marine Lines,20:22
94120,CHURCHGATE,20:01
90788,CHURCHGATE,20:04
90790,CHURCHGATE,20:07
90792,CHURCHGATE,19:49
90794,CHURCHGATE,20:10
90796,CHURCHGATE,20:16
94086,CHURCHGATE,19:55
92222,CHURCHGATE,19:58
90804,CHURCHGATE,20:19
90806,CHURCHGATE,20:03
90808,CHURCHGATE,20:23
90810,CHURCHGATE,20:26
92172,VIRAR,18:39
90812,VIRAR,18:45
92174,VIRAR,18:55
93034,VIRAR,18:55
92176,VIRAR,19:07
92172,Nalla Sopara,18:46
90812,Nalla Sopara,18:52
92176,Nalla Sopara,19:13
92172,VASAI ROAD,18:51
90812,VASAI ROAD,18:58
92174,VASAI ROAD,19:04
93034,VASAI ROAD,19:09
92176,VASAI ROAD,19:18
92172,Naigaon,18:56
90812,Naigaon,19:03
92176,Naigaon,19:23
92172,BHAYANDAR,19:02
90812,BHAYANDAR,19:08
92174,BHAYANDAR,19:12
93034,BHAYANDAR,19:17
94090,BHAYANDAR,19:23
92176,BHAYANDAR,19:29
92172,Mira Road,19:07
90812,Mira Road,19:13
94090,Mira Road,19:29
92176,Mira Road,19:35
92172,Dahisar,19:11
90812,Dahisar,19:17
94090,Dahisar,19:34
92176,Dahisar,19:40
92172,BORIVALI,19:17
90812,BORIVALI,19:23
90814,BORIVALI,19:21
92174,BORIVALI,19:20
90818,BORIVALI,19:25
90820,BORIVALI,19:26
90822,BORIVALI,19:27
90826,BORIVALI,19:33
93034,BORIVALI,19:29
94090,BORIVALI,19:38
92176,BORIVALI,19:47
90814,Kandivali,19:28
90822,Kandivali,19:35
90826,Kandivali,19:40
92176,Kandivali,19:52
90814,Malad,19:31
90822,Malad,19:38
90826,Malad,19:43
92176,Malad,19:55
90814,Goregaon,19:35
90822,Goregaon,19:42
90826,Goregaon,19:46
92176,Goregaon,19:58
90814,Ram Mandir,19:37
90822,Ram Mandir,19:44
90826,Ram Mandir,19:48
92176,Ram Mandir,20:00
90814,Jogeshwari,19:40
90822,Jogeshwari,19:47
90826,Jogeshwari,19:51
92176,Jogeshwari,20:03
90812,ANDHERI,19:39
90814,ANDHERI,19:44
92174,ANDHERI,19:35
90816,ANDHERI,19:48
90818,ANDHERI,19:50
90820,ANDHERI,19:42
90822,ANDHERI,19:53
90826,ANDHERI,19:56
93034,ANDHERI,19:45
94090,ANDHERI,19:53
92176,ANDHERI,20:09
90828,ANDHERI,20:01
90814,Vile Parle,19:47
90816,Vile Parle,19:52
90822,Vile Parle,19:57
90826,Vile Parle,20:00
90828,Vile Parle,20:06
90814,Santa Cruz,19:50
90816,Santa Cruz,19:55
90822,Santa Cruz,20:00
90826,Santa Cruz,20:03
90828,Santa Cruz,20:09
90814,Khar Road,19:53
90816,Khar Road,19:58
90822,Khar Road,20:03
90826,Khar Road,20:06
90828,Khar Road,20:12
90812,BANDRA,19:48
90814,BANDRA,19:57
92174,BANDRA,19:45
90816,BANDRA,20:02
90818,BANDRA,19:59
90820,BANDRA,19:51
90822,BANDRA,20:07
90826,BANDRA,20:10
93034,BANDRA,19:54
94090,BANDRA,20:01
90828,BANDRA,20:16
90814,Mahim Jn.,20:00
90816,Mahim Jn.,20:05
90822,Mahim Jn.,20:10
90826,Mahim Jn.,20:13
90828,Mahim Jn.,20:19
90814,Matunga Road,20:03
90816,Matunga Road,20:08
90822,Matunga Road,20:13
90826,Matunga Road,20:16
90828,Matunga Road,20:22
90812,DADAR,19:54
90814,DADAR,20:07
92174,DADAR,19:51
90816,DADAR,20:12
90818,DADAR,20:05
90820,DADAR,19:57
90822,DADAR,20:17
90826,DADAR,20:20
93034,DADAR,20:00
94090,DADAR,20:06
90828,DADAR,20:26
90814,Prabhadevi,20:09
90816,Prabhadevi,20:14
90822,Prabhadevi,20:19
90826,Prabhadevi,20:22
90828,Prabhadevi,20:28
90814,Lower Parel,20:12
90816,Lower Parel,20:17
90822,Lower Parel,20:22
90826,Lower Parel,20:25
90828,Lower Parel,20:31
90814,Mahalakshmi,20:15
90816,Mahalakshmi,20:20
90822,Mahalakshmi,20:25
90826,Mahalakshmi,20:28
90828,Mahalakshmi,20:34
90814,M'BAI CENTRAL(L),20:18
92174,M'BAI CENTRAL(L),19:58
90816,M'BAI CENTRAL(L),20:23
90818,M'BAI CENTRAL(L),20:12
90820,M'BAI CENTRAL(L),20:04
90822,M'BAI CENTRAL(L),20:28
90826,M'BAI CENTRAL(L),20:31
93034,M'BAI CENTRAL(L),20:07
94090,M'BAI CENTRAL(L),20:14
90828,M'BAI CENTRAL(L),20:37
90814,Grant Road,20:20
90816,Grant Road,20:25
90822,Grant Road,20:30
90826,Grant Road,20:33
90828,Grant Road,20:39
90814,Charni Road,20:22
90816,Charni Road,20:27
90822,Charni Road,20:32
90826,Charni Road,20:35
90828,Charni Road,20:41
90814,Marine Lines,20:25
90816,Marine Lines,20:30
90822,Marine Lines,20:34
90826,Marine Lines,20:38
90828,Marine Lines,20:44
90814,CHURCHGATE,20:30
92174,CHURCHGATE,20:07
90816,CHURCHGATE,20:33
90818,CHURCHGATE,20:20
90820,CHURCHGATE,20:13
90822,CHURCHGATE,20:39
90826,CHURCHGATE,20:43
93034,CHURCHGATE,20:16
94090,CHURCHGATE,20:23
90828,CHURCHGATE,20:49
90832,VIRAR,19:11
90840,VIRAR,19:15
90844,VIRAR,19:24
90852,VIRAR,19:26
90832,Nalla Sopara,19:17
90840,Nalla Sopara,19:22
90852,Nalla Sopara,19:32
90832,VASAI ROAD,19:22
90840,VASAI ROAD,19:27
92178,VASAI ROAD,19:30
90844,VASAI ROAD,19:34
90852,VASAI ROAD,19:37
90832,Naigaon,19:28
90840,Naigaon,19:32
92178,Naigaon,19:35
90852,Naigaon,19:42
90832,BHAYANDAR,19:34
90840,BHAYANDAR,19:38
92178,BHAYANDAR,19:41
90844,BHAYANDAR,19:44
90852,BHAYANDAR,19:48
90832,Mira Road,19:39
90840,Mira Road,19:43
92178,Mira Road,19:46
90852,Mira Road,19:53
90832,Dahisar,19:43
90840,Dahisar,19:47
92178,Dahisar,19:51
90852,Dahisar,19:58
90830,BORIVALI,19:43
90832,BORIVALI,19:48
90836,BORIVALI,19:49
90838,BORIVALI,19:52
90840,BORIVALI,19:51
90842,BORIVALI,19:57
92178,BORIVALI,19:55
90844,BORIVALI,19:54
90846,BORIVALI,20:02
90848,BORIVALI,20:04
90852,BORIVALI,20:05
90830,Kandivali,19:48
90836,Kandivali,19:55
90838,Kandivali,19:59
90842,Kandivali,20:02
92178,Kandivali,20:05
90846,Kandivali,20:08
90848,Kandivali,20:11
90830,Malad,19:51
90836,Malad,19:58
90838,Malad,20:02
90842,Malad,20:05
92178,Malad,20:08
90846,Malad,20:11
90848,Malad,20:14
90830,Goregaon,19:54
90834,Goregaon,19:59
90836,Goregaon,20:02
90838,Goregaon,20:05
90842,Goregaon,20:08
92178,Goregaon,20:11
90846,Goregaon,20:14
90848,Goregaon,20:17
90850,Goregaon,20:16
90830,Ram Mandir,19:56
90834,Ram Mandir,20:02
90836,Ram Mandir,20:04
90838,Ram Mandir,20:07
90842,Ram Mandir,20:10
92178,Ram Mandir,20:13
90846,Ram Mandir,20:16
90848,Ram Mandir,20:19
90850,Ram Mandir,20:20
90830,Jogeshwari,19:59
90834,Jogeshwari,20:05
90836,Jogeshwari,20:07
90838,Jogeshwari,20:10
90842,Jogeshwari,20:13
92178,Jogeshwari,20:16
90846,Jogeshwari,20:19
90848,Jogeshwari,20:22
90850,Jogeshwari,20:24
90830,ANDHERI,20:04
90832,ANDHERI,20:02
90834,ANDHERI,20:09
90836,ANDHERI,20:12
90838,ANDHERI,20:15
90840,ANDHERI,20:06
90842,ANDHERI,20:18
92178,ANDHERI,20:22
90844,ANDHERI,20:10
90846,ANDHERI,20:24
90848,ANDHERI,20:27
90850,ANDHERI,20:29
90852,ANDHERI,20:19
90830,Vile Parle,20:09
90834,Vile Parle,20:13
90836,Vile Parle,20:16
90838,Vile Parle,20:19
90842,Vile Parle,20:22
90846,Vile Parle,20:28
90848,Vile Parle,20:32
90850,Vile Parle,20:33
90830,Santa Cruz,20:12
90834,Santa Cruz,20:16
90836,Santa Cruz,20:19
90838,Santa Cruz,20:22
90842,Santa Cruz,20:25
90846,Santa Cruz,20:31
90848,Santa Cruz,20:35
90850,Santa Cruz,20:36
90830,Khar Road,20:15
90834,Khar Road,20:19
90836,Khar Road,20:22
90838,Khar Road,20:25
90842,Khar Road,20:28
90846,Khar Road,20:34
90848,Khar Road,20:38
90850,Khar Road,20:39
90830,BANDRA,20:19
90832,BANDRA,20:11
90834,BANDRA,20:24
90836,BANDRA,20:27
90838,BANDRA,20:30
90840,BANDRA,20:14
90842,BANDRA,20:33
90844,BANDRA,20:19
90846,BANDRA,20:38
90848,BANDRA,20:42
90850,BANDRA,20:45
90852,BANDRA,20:28
90830,Mahim Jn.,20:22
90834,Mahim Jn.,20:27
90836,Mahim Jn.,20:30
90838,Mahim Jn.,20:33
90842,Mahim Jn.,20:36
90846,Mahim Jn.,20:41
90848,Mahim Jn.,20:45
90850,Mahim Jn.,20:48
90830,Matunga Road,20:25
90834,Matunga Road,20:30
90836,Matunga Road,20:33
90838,Matunga Road,20:36
90842,Matunga Road,20:39
90846,Matunga Road,20:44
90848,Matunga Road,20:48
90850,Matunga Road,20:51
90830,DADAR,20:29
90832,DADAR,20:17
90834,DADAR,20:34
90836,DADAR,20:37
90838,DADAR,20:40
90840,DADAR,20:20
90842,DADAR,20:43
90844,DADAR,20:25
90846,DADAR,20:47
90848,DADAR,20:52
90850,DADAR,20:55
90852,DADAR,20:35
90830,Prabhadevi,20:31
90834,Prabhadevi,20:36
90836,Prabhadevi,20:39
90838,Prabhadevi,20:42
90842,Prabhadevi,20:45
90846,Prabhadevi,20:49
90848,Prabhadevi,20:54
90850,Prabhadevi,20:57
90830,Lower Parel,20:34
90834,Lower Parel,20:39
90836,Lower Parel,20:42
90838,Lower Parel,20:45
90842,Lower Parel,20:48
90846,Lower Parel,20:52
90848,Lower Parel,20:57
90850,Lower Parel,21:00
90830,Mahalakshmi,20:37
90834,Mahalakshmi,20:42
90836,Mahalakshmi,20:45
90838,Mahalakshmi,20:48
90842,Mahalakshmi,20:51
90846,Mahalakshmi,20:55
90848,Mahalakshmi,21:00
90850,Mahalakshmi,21:03
90830,M'BAI CENTRAL(L),20:40
90832,M'BAI CENTRAL(L),20:24
90834,M'BAI CENTRAL(L),20:45
90836,M'BAI CENTRAL(L),20:48
90838,M'BAI CENTRAL(L),20:51
90840,M'BAI CENTRAL(L),20:27
90842,M'BAI CENTRAL(L),20:54
90844,M'BAI CENTRAL(L),20:32
90846,M'BAI CENTRAL(L),20:58
90848,M'BAI CENTRAL(L),21:03
90850,M'BAI CENTRAL(L),21:06
90830,Grant Road,20:42
90834,Grant Road,20:47
90836,Grant Road,20:50
90838,Grant Road,20:53
90840,Grant Road,20:29
90842,Grant Road,20:56
90844,Grant Road,20:34
90846,Grant Road,21:00
90848,Grant Road,21:05
90850,Grant Road,21:08
90830,Charni Road,20:44
90834,Charni Road,20:49
90836,Charni Road,20:52
90838,Charni Road,20:55
90840,Charni Road,20:31
90842,Charni Road,20:58
90844,Charni Road,20:36
90846,Charni Road,21:02
90848,Charni Road,21:07
90850,Charni Road,21:10
90830,Marine Lines,20:47
90834,Marine Lines,20:52
90836,Marine Lines,20:55
90838,Marine Lines,20:58
90840,Marine Lines,20:34
90842,Marine Lines,21:01
90844,Marine Lines,20:39
90846,Marine Lines,21:05
90848,Marine Lines,21:10
90850,Marine Lines,21:13
90830,CHURCHGATE,20:53
90832,CHURCHGATE,20:33
90834,CHURCHGATE,20:55
90836,CHURCHGATE,20:58
90838,CHURCHGATE,21:01
90840,CHURCHGATE,20:37
90842,CHURCHGATE,21:05
90844,CHURCHGATE,20:43
90846,CHURCHGATE,21:09
90848,CHURCHGATE,21:14
90850,CHURCHGATE,21:17
92180,VIRAR,19:28
92182,VIRAR,19:30
90858,VIRAR,19:37
90862,VIRAR,19:43
90868,VIRAR,19:49
94092,VIRAR,19:51
90872,VIRAR,19:55
92182,Nalla Sopara,19:36
90858,Nalla Sopara,19:44
90862,Nalla Sopara,19:49
94092,Nalla Sopara,19:57
90872,Nalla Sopara,20:01
92180,VASAI ROAD,19:39
92182,VASAI ROAD,19:41
90858,VASAI ROAD,19:49
90862,VASAI ROAD,19:54
90868,VASAI ROAD,20:00
94092,VASAI ROAD,20:02
90872,VASAI ROAD,20:06
92182,Naigaon,19:46
90858,Naigaon,19:54
90862,Naigaon,19:58
94092,Naigaon,20:06
90872,Naigaon,20:10
92180,BHAYANDAR,19:48
92182,BHAYANDAR,19:52
90858,BHAYANDAR,20:00
90862,BHAYANDAR,20:04
90868,BHAYANDAR,20:10
94092,BHAYANDAR,20:12
90872,BHAYANDAR,20:16
92182,Mira Road,19:57
90858,Mira Road,20:06
90862,Mira Road,20:09
94092,Mira Road,20:17
90872,Mira Road,20:21
92182,Dahisar,20:01
90858,Dahisar,20:10
90862,Dahisar,20:13
94092,Dahisar,20:21
90872,Dahisar,20:25
92180,BORIVALI,19:57
92182,BORIVALI,20:10
90856,BORIVALI,20:11
90858,BORIVALI,20:16
90860,BORIVALI,20:16
90862,BORIVALI,20:19
90866,BORIVALI,20:20
90868,BORIVALI,20:24
94142,BORIVALI,20:23
94092,BORIVALI,20:26
90872,BORIVALI,20:30
90874,BORIVALI,20:30
90856,Kandivali,20:17
90860,Kandivali,20:22
90866,Kandivali,20:26
94142,Kandivali,20:29
90874,Kandivali,20:35
90856,Malad,20:20
90860,Malad,20:25
90866,Malad,20:29
94142,Malad,20:32
90874,Malad,20:38
90856,Goregaon,20:23
90860,Goregaon,20:28
90864,Goregaon,20:29
90866,Goregaon,20:32
94142,Goregaon,20:35
90874,Goregaon,20:41
90856,Ram Mandir,20:25
90864,Ram Mandir,20:32
90866,Ram Mandir,20:34
94142,Ram Mandir,20:37
90874,Ram Mandir,20:43
90856,Jogeshwari,20:28
90860,Jogeshwari,20:33
90864,Jogeshwari,20:35
90866,Jogeshwari,20:37
94142,Jogeshwari,20:40
90874,Jogeshwari,20:46
92180,ANDHERI,20:11
90856,ANDHERI,20:33
90860,ANDHERI,20:38
90862,ANDHERI,20:35
90864,ANDHERI,20:39
90866,ANDHERI,20:42
90868,ANDHERI,20:40
94142,ANDHERI,20:45
94092,ANDHERI,20:41
90872,ANDHERI,20:45
90874,ANDHERI,20:50
90856,Vile Parle,20:38
90864,Vile Parle,20:43
90866,Vile Parle,20:46
94142,Vile Parle,20:49
90874,Vile Parle,20:55
90856,Santa Cruz,20:41
90864,Santa Cruz,20:46
90866,Santa Cruz,20:49
94142,Santa Cruz,20:52
90874,Santa Cruz,20:58
90856,Khar Road,20:44
90864,Khar Road,20:49
90866,Khar Road,20:52
94142,Khar Road,20:55
90874,Khar Road,21:01
90856,BANDRA,20:48
90860,BANDRA,20:48
90862,BANDRA,20:44
90864,BANDRA,20:54
90866,BANDRA,20:57
94142,BANDRA,21:00
94092,BANDRA,20:51
90872,BANDRA,20:55
90874,BANDRA,21:05
90856,Mahim Jn.,20:51
90864,Mahim Jn.,20:57
90866,Mahim Jn.,21:00
94142,Mahim Jn.,21:03
90874,Mahim Jn.,21:08
90856,Matunga Road,20:54
90864,Matunga Road,21:00
90866,Matunga Road,21:03
94142,Matunga Road,21:06
90874,Matunga Road,21:11
90856,DADAR,20:58
90860,DADAR,20:55
90862,DADAR,20:50
90864,DADAR,21:04
90866,DADAR,21:07
94142,DADAR,21:10
94092,DADAR,20:57
90872,DADAR,21:02
90874,DADAR,21:15
90856,Prabhadevi,21:00
90864,Prabhadevi,21:06
90866,Prabhadevi,21:09
94142,Prabhadevi,21:12
90874,Prabhadevi,21:17
90856,Lower Parel,21:03
90864,Lower Parel,21:09
90866,Lower Parel,21:12
94142,Lower Parel,21:15
90874,Lower Parel,21:20
90856,Mahalakshmi,21:06
90864,Mahalakshmi,21:12
90866,Mahalakshmi,21:15
94142,Mahalakshmi,21:18
90874,Mahalakshmi,21:23
90856,M'BAI CENTRAL(L),21:09
90860,M'BAI CENTRAL(L),21:02
90862,M'BAI CENTRAL(L),20:57
90864,M'BAI CENTRAL(L),21:15
90866,M'BAI CENTRAL(L),21:18
94142,M'BAI CENTRAL(L),21:21
94092,M'BAI CENTRAL(L),21:04
90874,M'BAI CENTRAL(L),21:26
90856,Grant Road,21:11
90860,Grant Road,21:04
90862,Grant Road,20:59
90864,Grant Road,21:17
90866,Grant Road,21:20
94142,Grant Road,21:23
94092,Grant Road,21:06
90874,Grant Road,21:28
90856,Charni Road,21:13
90860,Charni Road,21:06
90862,Charni Road,21:01
90864,Charni Road,21:19
90866,Charni Road,21:22
94142,Charni Road,21:25
94092,Charni Road,21:08
90874,Charni Road,21:30
90856,Marine Lines,21:16
90860,Marine Lines,21:09
90862,Marine Lines,21:04
90864,Marine Lines,21:22
90866,Marine Lines,21:25
94142,Marine Lines,21:28
94092,Marine Lines,21:11
90874,Marine Lines,21:33
90856,CHURCHGATE,21:22
90860,CHURCHGATE,21:13
90862,CHURCHGATE,21:08
90864,CHURCHGATE,21:26
90866,CHURCHGATE,21:29
94142,CHURCHGATE,21:32
94092,CHURCHGATE,21:19
90874,CHURCHGATE,21:36
92184,VIRAR,19:55
94094,VIRAR,20:07
93036,VIRAR,20:16
90892,VIRAR,20:13
92184,Nalla Sopara,20:01
94094,Nalla Sopara,20:14
90892,Nalla Sopara,20:20
92184,VASAI ROAD,20:06
94094,VASAI ROAD,20:19
93036,VASAI ROAD,20:24
90892,VASAI ROAD,20:25
92184,Naigaon,20:10
94094,Naigaon,20:23
90892,Naigaon,20:31
92184,BHAYANDAR,20:16
94130,BHAYANDAR,20:20
94094,BHAYANDAR,20:29
93036,BHAYANDAR,20:32
94096,BHAYANDAR,20:36
90892,BHAYANDAR,20:37
92184,Mira Road,20:21
94130,Mira Road,20:27
94094,Mira Road,20:34
94096,Mira Road,20:42
90892,Mira Road,20:42
92184,Dahisar,20:25
94130,Dahisar,20:32
94094,Dahisar,20:39
94096,Dahisar,20:46
90892,Dahisar,20:47
92184,BORIVALI,20:31
90878,BORIVALI,20:34
94130,BORIVALI,20:37
90886,BORIVALI,20:41
94094,BORIVALI,20:45
93036,BORIVALI,20:40
94096,BORIVALI,20:50
90892,BORIVALI,20:53
90896,BORIVALI,20:46
90898,BORIVALI,20:50
90878,Kandivali,20:39
94130,Kandivali,20:42
90886,Kandivali,20:47
90896,Kandivali,20:53
90898,Kandivali,20:57
90878,Malad,20:42
94130,Malad,20:46
90886,Malad,20:50
90896,Malad,20:56
90898,Malad,21:00
90878,Goregaon,20:45
90880,Goregaon,20:46
94130,Goregaon,20:49
90886,Goregaon,20:53
90894,Goregaon,20:57
90896,Goregaon,21:00
90898,Goregaon,21:03
90878,Ram Mandir,20:47
90880,Ram Mandir,20:49
94130,Ram Mandir,20:51
90886,Ram Mandir,20:55
90894,Ram Mandir,21:00
90898,Ram Mandir,21:05
90878,Jogeshwari,20:50
90880,Jogeshwari,20:52
94130,Jogeshwari,20:54
90886,Jogeshwari,20:58
90894,Jogeshwari,21:03
90896,Jogeshwari,21:05
90898,Jogeshwari,21:08
90878,ANDHERI,20:54
90880,ANDHERI,20:56
94130,ANDHERI,20:59
90886,ANDHERI,21:03
94094,ANDHERI,20:58
93036,ANDHERI,20:53
94096,ANDHERI,21:03
90892,ANDHERI,21:07
90894,ANDHERI,21:07
90896,ANDHERI,21:10
90898,ANDHERI,21:15
90878,Vile Parle,20:58
90880,Vile Parle,21:00
90886,Vile Parle,21:07
90894,Vile Parle,21:11
90898,Vile Parle,21:19
90878,Santa Cruz,21:01
90880,Santa Cruz,21:03
90886,Santa Cruz,21:10
90894,Santa Cruz,21:14
90898,Santa Cruz,21:22
90878,Khar Road,21:04
90880,Khar Road,21:06
90886,Khar Road,21:13
90894,Khar Road,21:17
90898,Khar Road,21:25
90878,BANDRA,21:08
90880,BANDRA,21:11
90882,BANDRA,21:14
90886,BANDRA,21:18
94094,BANDRA,21:06
93036,BANDRA,21:02
94096,BANDRA,21:12
90892,BANDRA,21:16
90894,BANDRA,21:22
90896,BANDRA,21:20
90898,BANDRA,21:30
90878,Mahim Jn.,21:11
90880,Mahim Jn.,21:14
90882,Mahim Jn.,21:18
90886,Mahim Jn.,21:21
90894,Mahim Jn.,21:25
90898,Mahim Jn.,21:33
90878,Matunga Road,21:14
90880,Matunga Road,21:17
90882,Matunga Road,21:21
90886,Matunga Road,21:24
90894,Matunga Road,21:28
90898,Matunga Road,21:36
90878,DADAR,21:18
90880,DADAR,21:21
90882,DADAR,21:25
90886,DADAR,21:28
94094,DADAR,21:14
93036,DADAR,21:08
94096,DADAR,21:18
90892,DADAR,21:22
90894,DADAR,21:33
90896,DADAR,21:26
90898,DADAR,21:40
90878,Prabhadevi,21:20
90880,Prabhadevi,21:23
90882,Prabhadevi,21:27
90886,Prabhadevi,21:30
90894,Prabhadevi,21:35
90898,Prabhadevi,21:42
90878,Lower Parel,21:23
90880,Lower Parel,21:26
90882,Lower Parel,21:30
90886,Lower Parel,21:33
90894,Lower Parel,21:38
90898,Lower Parel,21:45
90878,Mahalakshmi,21:26
90880,Mahalakshmi,21:29
90882,Mahalakshmi,21:33
90886,Mahalakshmi,21:36
90894,Mahalakshmi,21:41
90898,Mahalakshmi,21:48
90878,M'BAI CENTRAL(L),21:29
90880,M'BAI CENTRAL(L),21:32
90882,M'BAI CENTRAL(L),21:36
90886,M'BAI CENTRAL(L),21:39
93036,M'BAI CENTRAL(L),21:15
94096,M'BAI CENTRAL(L),21:25
90892,M'BAI CENTRAL(L),21:29
90894,M'BAI CENTRAL(L),21:44
90896,M'BAI CENTRAL(L),21:33
90898,M'BAI CENTRAL(L),21:51
90878,Grant Road,21:31
90880,Grant Road,21:34
90882,Grant Road,21:38
90886,Grant Road,21:41
93036,Grant Road,21:17
94096,Grant Road,21:27
90892,Grant Road,21:31
90894,Grant Road,21:46
90896,Grant Road,21:35
90898,Grant Road,21:53
90878,Charni Road,21:33
90880,Charni Road,21:36
90882,Charni Road,21:40
90886,Charni Road,21:43
93036,Charni Road,21:19
94096,Charni Road,21:29
90892,Charni Road,21:33
90894,Charni Road,21:48
90896,Charni Road,21:37
90898,Charni Road,21:55
90878,Marine Lines,21:36
90880,Marine Lines,21:39
90882,Marine Lines,21:43
90886,Marine Lines,21:46
93036,Marine Lines,21:22
94096,Marine Lines,21:32
90892,Marine Lines,21:36
90894,Marine Lines,21:51
90896,Marine Lines,21:40
90898,Marine Lines,21:58
90878,CHURCHGATE,21:41
90880,CHURCHGATE,21:44
90882,CHURCHGATE,21:47
90886,CHURCHGATE,21:50
93036,CHURCHGATE,21:27
94096,CHURCHGATE,21:36
90892,CHURCHGATE,21:40
90894,CHURCHGATE,21:55
90896,CHURCHGATE,21:46
90898,CHURCHGATE,22:01
92186,VIRAR,20:17
92188,VIRAR,20:24
94098,VIRAR,20:29
90910,VIRAR,20:35
92190,VIRAR,20:43
92186,Nalla Sopara,20:24
92188,Nalla Sopara,20:31
94098,Nalla Sopara,20:36
90910,Nalla Sopara,20:42
92190,Nalla Sopara,20:49
92186,VASAI ROAD,20:30
92188,VASAI ROAD,20:37
94098,VASAI ROAD,20:41
90910,VASAI ROAD,20:47
92190,VASAI ROAD,20:54
92186,Naigaon,20:35
92188,Naigaon,20:43
94098,Naigaon,20:46
90910,Naigaon,20:51
92190,Naigaon,20:58
92186,BHAYANDAR,20:41
92188,BHAYANDAR,20:49
94098,BHAYANDAR,20:52
90910,BHAYANDAR,20:57
92190,BHAYANDAR,21:04
92186,Mira Road,20:46
92188,Mira Road,20:55
94098,Mira Road,20:57
90910,Mira Road,21:02
92190,Mira Road,21:09
92186,Dahisar,20:51
92188,Dahisar,20:59
94098,Dahisar,21:01
90910,Dahisar,21:06
92190,Dahisar,21:13
90900,BORIVALI,20:59
92186,BORIVALI,20:56
92188,BORIVALI,21:05
90904,BORIVALI,21:03
94098,BORIVALI,21:06
90908,BORIVALI,21:09
90910,BORIVALI,21:11
90912,BORIVALI,21:12
90916,BORIVALI,21:16
92190,BORIVALI,21:19
90922,BORIVALI,21:24
90900,Kandivali,21:05
92186,Kandivali,21:01
90904,Kandivali,21:09
90908,Kandivali,21:15
90912,Kandivali,21:18
90916,Kandivali,21:21
92190,Kandivali,21:23
90922,Kandivali,21:29
90900,Malad,21:08
92186,Malad,21:04
90904,Malad,21:12
90908,Malad,21:18
90912,Malad,21:21
90916,Malad,21:24
92190,Malad,21:26
90922,Malad,21:32
90900,Goregaon,21:11
90902,Goregaon,21:11
92186,Goregaon,21:07
90904,Goregaon,21:15
90908,Goregaon,21:21
90912,Goregaon,21:24
90916,Goregaon,21:27
90918,Goregaon,21:32
92190,Goregaon,21:29
90922,Goregaon,21:35
90900,Ram Mandir,21:13
90902,Ram Mandir,21:14
92186,Ram Mandir,21:09
90904,Ram Mandir,21:17
90908,Ram Mandir,21:23
90912,Ram Mandir,21:26
90916,Ram Mandir,21:29
90918,Ram Mandir,21:35
92190,Ram Mandir,21:31
90922,Ram Mandir,21:37
90900,Jogeshwari,21:16
90902,Jogeshwari,21:17
92186,Jogeshwari,21:12
90904,Jogeshwari,21:20
90908,Jogeshwari,21:26
90912,Jogeshwari,21:29
90916,Jogeshwari,21:32
90918,Jogeshwari,21:38
92190,Jogeshwari,21:34
90922,Jogeshwari,21:40
90900,ANDHERI,21:21
90902,ANDHERI,21:21
92186,ANDHERI,21:18
90904,ANDHERI,21:25
94098,ANDHERI,21:20
90908,ANDHERI,21:31
90910,ANDHERI,21:24
90912,ANDHERI,21:35
90916,ANDHERI,21:38
90918,ANDHERI,21:42
92190,ANDHERI,21:41
90922,ANDHERI,21:47
90900,Vile Parle,21:24
90902,Vile Parle,21:25
90904,Vile Parle,21:29
90908,Vile Parle,21:34
90912,Vile Parle,21:39
90916,Vile Parle,21:42
90918,Vile Parle,21:46
90922,Vile Parle,21:51
90900,Santa Cruz,21:27
90902,Santa Cruz,21:28
90904,Santa Cruz,21:32
90908,Santa Cruz,21:37
90912,Santa Cruz,21:42
90916,Santa Cruz,21:45
90918,Santa Cruz,21:49
90922,Santa Cruz,21:54
90900,Khar Road,21:30
90902,Khar Road,21:31
90904,Khar Road,21:35
90908,Khar Road,21:40
90912,Khar Road,21:45
90916,Khar Road,21:48
90918,Khar Road,21:53
90922,Khar Road,21:57
90900,BANDRA,21:34
90902,BANDRA,21:37
90904,BANDRA,21:39
94098,BANDRA,21:30
90908,BANDRA,21:45
90910,BANDRA,21:34
90912,BANDRA,21:50
90916,BANDRA,21:53
90918,BANDRA,21:59
90922,BANDRA,22:02
90900,Mahim Jn.,21:37
90902,Mahim Jn.,21:40
90904,Mahim Jn.,21:42
90908,Mahim Jn.,21:48
90912,Mahim Jn.,21:53
90916,Mahim Jn.,21:56
90918,Mahim Jn.,22:02
90922,Mahim Jn.,22:05
90900,Matunga Road,21:40
90902,Matunga Road,21:43
90904,Matunga Road,21:45
90908,Matunga Road,21:51
90912,Matunga Road,21:56
90916,Matunga Road,21:59
90918,Matunga Road,22:05
90922,Matunga Road,22:08
90900,DADAR,21:44
90902,DADAR,21:47
90904,DADAR,21:49
94098,DADAR,21:36
90908,DADAR,21:55
90910,DADAR,21:40
90912,DADAR,22:00
90916,DADAR,22:03
90918,DADAR,22:09
90922,DADAR,22:12
90900,Prabhadevi,21:46
90902,Prabhadevi,21:49
90904,Prabhadevi,21:51
90908,Prabhadevi,21:57
90912,Prabhadevi,22:02
90916,Prabhadevi,22:05
90918,Prabhadevi,22:11
90922,Prabhadevi,22:14
90900,Lower Parel,21:49
90902,Lower Parel,21:52
90904,Lower Parel,21:54
90908,Lower Parel,22:00
90912,Lower Parel,22:05
90916,Lower Parel,22:08
90918,Lower Parel,22:14
90922,Lower Parel,22:17
90900,Mahalakshmi,21:52
90902,Mahalakshmi,21:55
90904,Mahalakshmi,21:57
90908,Mahalakshmi,22:03
90912,Mahalakshmi,22:08
90916,Mahalakshmi,22:11
90918,Mahalakshmi,22:17
90922,Mahalakshmi,22:20
90900,M'BAI CENTRAL(L),21:55
90902,M'BAI CENTRAL(L),21:58
90904,M'BAI CENTRAL(L),22:00
94098,M'BAI CENTRAL(L),21:43
90908,M'BAI CENTRAL(L),22:06
90910,M'BAI CENTRAL(L),21:47
90912,M'BAI CENTRAL(L),22:11
90916,M'BAI CENTRAL(L),22:14
90918,M'BAI CENTRAL(L),22:20
90922,M'BAI CENTRAL(L),22:23
90900,Grant Road,21:57
90902,Grant Road,22:00
90904,Grant Road,22:02
94098,Grant Road,21:45
90908,Grant Road,22:08
90910,Grant Road,21:49
90912,Grant Road,22:13
90916,Grant Road,22:16
90918,Grant Road,22:22
90922,Grant Road,22:25
90900,Charni Road,21:59
90902,Charni Road,22:02
90904,Charni Road,22:04
94098,Charni Road,21:47
90908,Charni Road,22:10
90910,Charni Road,21:51
90912,Charni Road,22:15
90916,Charni Road,22:18
90918,Charni Road,22:24
90922,Charni Road,22:27
90900,Marine Lines,22:02
90902,Marine Lines,22:05
90904,Marine Lines,22:07
94098,Marine Lines,21:50
90908,Marine Lines,22:13
90910,Marine Lines,21:54
90912,Marine Lines,22:18
90916,Marine Lines,22:21
90918,Marine Lines,22:27
90922,Marine Lines,22:30
90900,CHURCHGATE,22:05
90902,CHURCHGATE,22:08
90904,CHURCHGATE,22:12
94098,CHURCHGATE,21:53
90908,CHURCHGATE,22:17
90910,CHURCHGATE,21:57
90912,CHURCHGATE,22:22
90916,CHURCHGATE,22:25
90918,CHURCHGATE,22:30
90922,CHURCHGATE,22:33
90924,VIRAR,20:48
93038,VIRAR,21:00
90934,VIRAR,20:58
92192,VIRAR,21:03
90938,VIRAR,21:07
94100,VIRAR,21:16
90924,Nalla Sopara,20:55
90934,Nalla Sopara,21:04
92192,Nalla Sopara,21:10
90938,Nalla Sopara,21:13
94100,Nalla Sopara,21:22
90924,VASAI ROAD,21:00
93038,VASAI ROAD,21:08
90934,VASAI ROAD,21:10
92192,VASAI ROAD,21:16
92194,VASAI ROAD,21:19
90938,VASAI ROAD,21:19
94100,VASAI ROAD,21:27
90924,Naigaon,21:05
90934,Naigaon,21:15
92192,Naigaon,21:22
92194,Naigaon,21:25
90938,Naigaon,21:26
94100,Naigaon,21:31
90924,BHAYANDAR,21:11
93038,BHAYANDAR,21:15
94108,BHAYANDAR,21:15
90934,BHAYANDAR,21:21
92192,BHAYANDAR,21:28
92194,BHAYANDAR,21:31
90938,BHAYANDAR,21:32
94100,BHAYANDAR,21:37
90924,Mira Road,21:16
94108,Mira Road,21:21
90934,Mira Road,21:26
92192,Mira Road,21:33
92194,Mira Road,21:36
90938,Mira Road,21:38
94100,Mira Road,21:43
90924,Dahisar,21:20
94108,Dahisar,21:25
90934,Dahisar,21:31
92192,Dahisar,21:38
92194,Dahisar,21:41
90938,Dahisar,21:42
94100,Dahisar,21:48
90924,BORIVALI,21:25
93038,BORIVALI,21:23
94108,BORIVALI,21:31
90926,BORIVALI,21:28
90928,BORIVALI,21:32
90930,BORIVALI,21:36
90932,BORIVALI,21:40
90934,BORIVALI,21:36
92192,BORIVALI,21:42
90936,BORIVALI,21:44
92194,BORIVALI,21:46
90938,BORIVALI,21:47
94100,BORIVALI,21:53
90928,Kandivali,21:37
90930,Kandivali,21:41
90932,Kandivali,21:45
90936,Kandivali,21:49
92194,Kandivali,21:51
90928,Malad,21:40
90930,Malad,21:44
90932,Malad,21:48
90936,Malad,21:52
92194,Malad,21:54
90928,Goregaon,21:43
90930,Goregaon,21:47
90932,Goregaon,21:51
90936,Goregaon,21:55
92194,Goregaon,21:57
90928,Ram Mandir,21:45
90930,Ram Mandir,21:49
90932,Ram Mandir,21:53
90936,Ram Mandir,21:57
92194,Ram Mandir,21:59
90928,Jogeshwari,21:48
90930,Jogeshwari,21:52
90932,Jogeshwari,21:56
90936,Jogeshwari,22:00
92194,Jogeshwari,22:02
90924,ANDHERI,21:38
93038,ANDHERI,21:36
94108,ANDHERI,21:46
90926,ANDHERI,21:42
90928,ANDHERI,21:52
90930,ANDHERI,21:57
90932,ANDHERI,22:00
90934,ANDHERI,21:50
92192,ANDHERI,21:56
90936,ANDHERI,22:05
92194,ANDHERI,22:08
90938,ANDHERI,22:01
94100,ANDHERI,22:06
90928,Vile Parle,21:56
90930,Vile Parle,22:00
90932,Vile Parle,22:03
90936,Vile Parle,22:09
90928,Santa Cruz,21:59
90930,Santa Cruz,22:03
90932,Santa Cruz,22:06
90936,Santa Cruz,22:12
90928,Khar Road,22:02
90930,Khar Road,22:06
90932,Khar Road,22:09
90936,Khar Road,22:15
90924,BANDRA,21:47
93038,BANDRA,21:45
94108,BANDRA,21:56
90926,BANDRA,21:52
90928,BANDRA,22:07
90930,BANDRA,22:10
90932,BANDRA,22:13
90934,BANDRA,22:00
90936,BANDRA,22:20
90938,BANDRA,22:10
94100,BANDRA,22:14
90928,Mahim Jn.,22:10
90930,Mahim Jn.,22:13
90932,Mahim Jn.,22:16
90936,Mahim Jn.,22:23
90928,Matunga Road,22:13
90930,Matunga Road,22:16
90932,Matunga Road,22:19
90936,Matunga Road,22:26
90924,DADAR,21:53
93038,DADAR,21:51
94108,DADAR,22:02
90926,DADAR,21:58
90928,DADAR,22:17
90930,DADAR,22:20
90932,DADAR,22:23
90934,DADAR,22:06
90936,DADAR,22:30
90938,DADAR,22:16
94100,DADAR,22:19
90928,Prabhadevi,22:19
90930,Prabhadevi,22:22
90932,Prabhadevi,22:25
90936,Prabhadevi,22:32
90928,Lower Parel,22:22
90930,Lower Parel,22:25
90932,Lower Parel,22:28
90936,Lower Parel,22:35
90928,Mahalakshmi,22:25
90930,Mahalakshmi,22:28
90932,Mahalakshmi,22:31
90936,Mahalakshmi,22:38
90924,M'BAI CENTRAL(L),22:00
93038,M'BAI CENTRAL(L),21:58
94108,M'BAI CENTRAL(L),22:09
90926,M'BAI CENTRAL(L),22:05
90928,M'BAI CENTRAL(L),22:28
90930,M'BAI CENTRAL(L),22:31
90932,M'BAI CENTRAL(L),22:34
90934,M'BAI CENTRAL(L),22:13
90936,M'BAI CENTRAL(L),22:41
90938,M'BAI CENTRAL(L),22:23
94100,M'BAI CENTRAL(L),22:26
90924,Grant Road,22:02
93038,Grant Road,22:00
94108,Grant Road,22:11
90926,Grant Road,22:07
90928,Grant Road,22:30
90930,Grant Road,22:33
90932,Grant Road,22:36
90934,Grant Road,22:15
90936,Grant Road,22:43
90938,Grant Road,22:25
94100,Grant Road,22:28
90924,Charni Road,22:04
93038,Charni Road,22:02
94108,Charni Road,22:13
90926,Charni Road,22:09
90928,Charni Road,22:32
90930,Charni Road,22:35
90932,Charni Road,22:38
90934,Charni Road,22:17
90936,Charni Road,22:45
90938,Charni Road,22:27
94100,Charni Road,22:30
90924,Marine Lines,22:07
93038,Marine Lines,22:05
94108,Marine Lines,22:16
90926,Marine Lines,22:12
90928,Marine Lines,22:35
90930,Marine Lines,22:38
90932,Marine Lines,22:41
90934,Marine Lines,22:20
90936,Marine Lines,22:48
90938,Marine Lines,22:30
94100,Marine Lines,22:33
90924,CHURCHGATE,22:12
93038,CHURCHGATE,22:09
94108,CHURCHGATE,22:21
90926,CHURCHGATE,22:16
90928,CHURCHGATE,22:39
90930,CHURCHGATE,22:42
90932,CHURCHGATE,22:45
90934,CHURCHGATE,22:24
90936,CHURCHGATE,22:52
90938,CHURCHGATE,22:35
94100,CHURCHGATE,22:38
92196,VIRAR,21:20
90944,VIRAR,21:24
94102,VIRAR,21:28
90950,VIRAR,21:32
92198,VIRAR,21:36
92224,VIRAR,21:39
92196,Nalla Sopara,21:26
90944,Nalla Sopara,21:30
94102,Nalla Sopara,21:34
90950,Nalla Sopara,21:38
92198,Nalla Sopara,21:42
92224,Nalla Sopara,21:45
92196,VASAI ROAD,21:31
90944,VASAI ROAD,21:35
94102,VASAI ROAD,21:39
90950,VASAI ROAD,21:43
92198,VASAI ROAD,21:48
92224,VASAI ROAD,21:51
92196,Naigaon,21:35
90944,Naigaon,21:39
94102,Naigaon,21:44
90950,Naigaon,21:47
92198,Naigaon,21:53
92224,Naigaon,21:56
92196,BHAYANDAR,21:41
90944,BHAYANDAR,21:45
94102,BHAYANDAR,21:50
90950,BHAYANDAR,21:53
92198,BHAYANDAR,21:59
92224,BHAYANDAR,22:02
92196,Mira Road,21:46
90944,Mira Road,21:50
94102,Mira Road,21:55
90950,Mira Road,21:58
92198,Mira Road,22:04
92224,Mira Road,22:07
92196,Dahisar,21:50
90944,Dahisar,21:54
94102,Dahisar,21:59
90950,Dahisar,22:02
92198,Dahisar,22:09
92224,Dahisar,22:11
92196,BORIVALI,21:55
90940,BORIVALI,21:50
90942,BORIVALI,21:56
90944,BORIVALI,21:59
90948,BORIVALI,21:58
94102,BORIVALI,22:04
90950,BORIVALI,22:07
90952,BORIVALI,22:08
92198,BORIVALI,22:13
92224,BORIVALI,22:17
90956,BORIVALI,22:15
90958,BORIVALI,22:22
90940,Kandivali,21:56
90942,Kandivali,22:01
90948,Kandivali,22:06
90952,Kandivali,22:14
92198,Kandivali,22:17
90956,Kandivali,22:20
90958,Kandivali,22:27
90940,Malad,21:59
90942,Malad,22:04
90948,Malad,22:09
90952,Malad,22:17
92198,Malad,22:20
90956,Malad,22:23
90958,Malad,22:30
90940,Goregaon,22:02
90942,Goregaon,22:07
90946,Goregaon,22:12
90948,Goregaon,22:13
90952,Goregaon,22:20
92198,Goregaon,22:23
90956,Goregaon,22:26
90958,Goregaon,22:33
90940,Ram Mandir,22:04
90942,Ram Mandir,22:09
90946,Ram Mandir,22:15
90948,Ram Mandir,22:15
90952,Ram Mandir,22:22
92198,Ram Mandir,22:25
90956,Ram Mandir,22:28
90958,Ram Mandir,22:35
90940,Jogeshwari,22:07
90942,Jogeshwari,22:12
90946,Jogeshwari,22:18
90948,Jogeshwari,22:19
90952,Jogeshwari,22:25
92198,Jogeshwari,22:28
90956,Jogeshwari,22:31
90958,Jogeshwari,22:38
90940,ANDHERI,22:13
90942,ANDHERI,22:18
90944,ANDHERI,22:13
90946,ANDHERI,22:22
90948,ANDHERI,22:25
94102,ANDHERI,22:20
90950,ANDHERI,22:23
90952,ANDHERI,22:30
92198,ANDHERI,22:33
92224,ANDHERI,22:31
90956,ANDHERI,22:36
90958,ANDHERI,22:43
90940,Vile Parle,22:17
90942,Vile Parle,22:22
90946,Vile Parle,22:26
90948,Vile Parle,22:29
90952,Vile Parle,22:33
90956,Vile Parle,22:39
90958,Vile Parle,22:46
90940,Santa Cruz,22:20
90942,Santa Cruz,22:25
90946,Santa Cruz,22:29
90948,Santa Cruz,22:32
90952,Santa Cruz,22:36
90956,Santa Cruz,22:42
90958,Santa Cruz,22:49
90940,Khar Road,22:23
90942,Khar Road,22:28
90946,Khar Road,22:32
90948,Khar Road,22:35
90952,Khar Road,22:39
90956,Khar Road,22:45
90958,Khar Road,22:52
90940,BANDRA,22:28
90942,BANDRA,22:33
90944,BANDRA,22:22
90946,BANDRA,22:37
90948,BANDRA,22:40
94102,BANDRA,22:29
90950,BANDRA,22:33
90952,BANDRA,22:43
92224,BANDRA,22:41
90956,BANDRA,22:49
90958,BANDRA,22:56
90940,Mahim Jn.,22:31
90942,Mahim Jn.,22:36
90946,Mahim Jn.,22:40
90948,Mahim Jn.,22:43
90952,Mahim Jn.,22:46
90956,Mahim Jn.,22:52
90958,Mahim Jn.,22:59
90940,Matunga Road,22:34
90942,Matunga Road,22:39
90946,Matunga Road,22:43
90948,Matunga Road,22:46
90952,Matunga Road,22:49
90956,Matunga Road,22:55
90958,Matunga Road,23:02
90940,DADAR,22:38
90942,DADAR,22:43
90944,DADAR,22:28
90946,DADAR,22:47
90948,DADAR,22:50
94102,DADAR,22:35
90950,DADAR,22:39
90952,DADAR,22:53
92224,DADAR,22:47
90956,DADAR,22:59
90958,DADAR,23:06
90940,Prabhadevi,22:40
90942,Prabhadevi,22:45
90946,Prabhadevi,22:49
90948,Prabhadevi,22:52
90952,Prabhadevi,22:55
90956,Prabhadevi,23:01
90958,Prabhadevi,23:08
90940,Lower Parel,22:43
90942,Lower Parel,22:48
90946,Lower Parel,22:52
90948,Lower Parel,22:55
90952,Lower Parel,22:58
90956,Lower Parel,23:04
90958,Lower Parel,23:11
90940,Mahalakshmi,22:46
90942,Mahalakshmi,22:51
90946,Mahalakshmi,22:55
90948,Mahalakshmi,22:58
90952,Mahalakshmi,23:01
90956,Mahalakshmi,23:07
90958,Mahalakshmi,23:14
90940,M'BAI CENTRAL(L),22:49
90942,M'BAI CENTRAL(L),22:54
90944,M'BAI CENTRAL(L),22:35
90946,M'BAI CENTRAL(L),22:58
90948,M'BAI CENTRAL(L),23:01
94102,M'BAI CENTRAL(L),22:42
90950,M'BAI CENTRAL(L),22:46
90952,M'BAI CENTRAL(L),23:04
92224,M'BAI CENTRAL(L),22:54
90956,M'BAI CENTRAL(L),23:10
90958,M'BAI CENTRAL(L),23:17
90940,Grant Road,22:51
90942,Grant Road,22:56
90944,Grant Road,22:37
90946,Grant Road,23:00
90948,Grant Road,23:03
94102,Grant Road,22:44
90950,Grant Road,22:48
90952,Grant Road,23:06
90956,Grant Road,23:12
90958,Grant Road,23:19
90940,Charni Road,22:53
90942,Charni Road,22:58
90944,Charni Road,22:39
90946,Charni Road,23:02
90948,Charni Road,23:05
94102,Charni Road,22:46
90950,Charni Road,22:50
90952,Charni Road,23:08
90956,Charni Road,23:14
90958,Charni Road,23:21
90940,Marine Lines,22:56
90942,Marine Lines,23:01
90944,Marine Lines,22:42
90946,Marine Lines,23:05
90948,Marine Lines,23:08
94102,Marine Lines,22:49
90950,Marine Lines,22:53
90952,Marine Lines,23:11
90956,Marine Lines,23:17
90958,Marine Lines,23:24
90940,CHURCHGATE,23:00
90942,CHURCHGATE,23:05
90944,CHURCHGATE,22:47
90946,CHURCHGATE,23:09
90948,CHURCHGATE,23:12
94102,CHURCHGATE,22:52
90950,CHURCHGATE,22:59
90952,CHURCHGATE,23:15
92224,CHURCHGATE,23:05
90956,CHURCHGATE,23:21
90958,CHURCHGATE,23:30
92200,VIRAR,21:44
90960,VIRAR,21:48
90962,VIRAR,21:52
90966,VIRAR,21:58
93040,VIRAR,22:05
90968,VIRAR,22:05
90970,VIRAR,22:07
90976,VIRAR,22:14
92200,Nalla Sopara,21:50
90960,Nalla Sopara,21:54
90962,Nalla Sopara,21:59
90966,Nalla Sopara,22:04
90968,Nalla Sopara,22:11
90976,Nalla Sopara,22:20
92200,VASAI ROAD,21:55
90960,VASAI ROAD,21:59
90962,VASAI ROAD,22:04
90966,VASAI ROAD,22:09
90968,VASAI ROAD,22:16
90970,VASAI ROAD,22:17
94132,VASAI ROAD,22:20
90976,VASAI ROAD,22:25
92200,Naigaon,21:59
90960,Naigaon,22:03
90962,Naigaon,22:09
90966,Naigaon,22:14
90968,Naigaon,22:21
94132,Naigaon,22:25
90976,Naigaon,22:29
92200,BHAYANDAR,22:05
90960,BHAYANDAR,22:09
90962,BHAYANDAR,22:15
90966,BHAYANDAR,22:19
90968,BHAYANDAR,22:27
90970,BHAYANDAR,22:25
94132,BHAYANDAR,22:31
90976,BHAYANDAR,22:35
92200,Mira Road,22:10
90960,Mira Road,22:14
90962,Mira Road,22:20
90966,Mira Road,22:24
90968,Mira Road,22:32
94132,Mira Road,22:36
90976,Mira Road,22:40
92200,Dahisar,22:14
90960,Dahisar,22:18
90962,Dahisar,22:24
90966,Dahisar,22:28
90968,Dahisar,22:36
94132,Dahisar,22:40
90976,Dahisar,22:44
92200,BORIVALI,22:21
90960,BORIVALI,22:24
90962,BORIVALI,22:29
90964,BORIVALI,22:30
90966,BORIVALI,22:32
90968,BORIVALI,22:40
90970,BORIVALI,22:35
94132,BORIVALI,22:46
90972,BORIVALI,22:37
90974,BORIVALI,22:43
90976,BORIVALI,22:49
90978,BORIVALI,22:49
90960,Kandivali,22:29
90964,Kandivali,22:35
90972,Kandivali,22:44
90974,Kandivali,22:49
90978,Kandivali,22:56
90960,Malad,22:32
90964,Malad,22:38
90972,Malad,22:47
90974,Malad,22:52
90978,Malad,22:59
90960,Goregaon,22:35
90964,Goregaon,22:41
90972,Goregaon,22:50
90974,Goregaon,22:55
90978,Goregaon,23:02
90960,Ram Mandir,22:37
90964,Ram Mandir,22:43
90972,Ram Mandir,22:52
90974,Ram Mandir,22:57
90978,Ram Mandir,23:04
90960,Jogeshwari,22:40
90964,Jogeshwari,22:46
90972,Jogeshwari,22:55
90974,Jogeshwari,23:00
90978,Jogeshwari,23:07
90960,ANDHERI,22:46
90962,ANDHERI,22:43
90964,ANDHERI,22:51
90968,ANDHERI,22:52
90970,ANDHERI,22:48
90972,ANDHERI,22:59
90974,ANDHERI,23:06
90976,ANDHERI,23:05
90978,ANDHERI,23:12
90964,Vile Parle,22:54
90972,Vile Parle,23:02
90974,Vile Parle,23:10
90978,Vile Parle,23:15
90964,Santa Cruz,22:57
90972,Santa Cruz,23:05
90974,Santa Cruz,23:13
90978,Santa Cruz,23:18
90964,Khar Road,23:00
90972,Khar Road,23:08
90974,Khar Road,23:16
90978,Khar Road,23:21
90962,BANDRA,22:52
90964,BANDRA,23:04
90968,BANDRA,23:01
90970,BANDRA,22:57
90972,BANDRA,23:12
90974,BANDRA,23:20
90976,BANDRA,23:15
90978,BANDRA,23:25
90964,Mahim Jn.,23:07
90972,Mahim Jn.,23:15
90974,Mahim Jn.,23:23
90978,Mahim Jn.,23:28
90964,Matunga Road,23:10
90972,Matunga Road,23:18
90974,Matunga Road,23:26
90978,Matunga Road,23:31
90962,DADAR,22:58
90964,DADAR,23:14
90968,DADAR,23:07
90970,DADAR,23:03
90972,DADAR,23:22
90974,DADAR,23:30
90976,DADAR,23:21
90978,DADAR,23:34
90964,Prabhadevi,23:16
90972,Prabhadevi,23:24
90974,Prabhadevi,23:32
90978,Prabhadevi,23:36
90964,Lower Parel,23:19
90972,Lower Parel,23:27
90974,Lower Parel,23:35
90978,Lower Parel,23:39
90964,Mahalakshmi,23:22
90972,Mahalakshmi,23:30
90974,Mahalakshmi,23:38
90978,Mahalakshmi,23:42
90962,M'BAI CENTRAL(L),23:05
90964,M'BAI CENTRAL(L),23:25
90968,M'BAI CENTRAL(L),23:14
90970,M'BAI CENTRAL(L),23:10
90972,M'BAI CENTRAL(L),23:33
90974,M'BAI CENTRAL(L),23:41
90976,M'BAI CENTRAL(L),23:28
90978,M'BAI CENTRAL(L),23:45
90962,Grant Road,23:07
90964,Grant Road,23:27
90968,Grant Road,23:16
90970,Grant Road,23:12
90972,Grant Road,23:35
90974,Grant Road,23:43
90976,Grant Road,23:30
90978,Grant Road,23:47
90962,Charni Road,23:09
90964,Charni Road,23:29
90968,Charni Road,23:18
90970,Charni Road,23:14
90972,Charni Road,23:37
90974,Charni Road,23:45
90976,Charni Road,23:32
90978,Charni Road,23:49
90962,Marine Lines,23:12
90964,Marine Lines,23:32
90968,Marine Lines,23:21
90970,Marine Lines,23:17
90972,Marine Lines,23:40
90974,Marine Lines,23:48
90976,Marine Lines,23:35
90978,Marine Lines,23:52
90962,CHURCHGATE,23:16
90964,CHURCHGATE,23:36
90968,CHURCHGATE,23:27
90970,CHURCHGATE,23:22
90972,CHURCHGATE,23:43
90974,CHURCHGATE,23:51
90976,CHURCHGATE,23:41
90978,CHURCHGATE,23:56
92202,VIRAR,22:18
90984,VIRAR,22:24
92204,VIRAR,22:33
90992,VIRAR,22:40
94106,VIRAR,22:44
92206,VIRAR,22:50
92202,Nalla Sopara,22:24
90984,Nalla Sopara,22:30
92204,Nalla Sopara,22:39
90992,Nalla Sopara,22:47
94106,Nalla Sopara,22:51
92206,Nalla Sopara,22:56
92202,VASAI ROAD,22:30
90984,VASAI ROAD,22:35
92204,VASAI ROAD,22:44
90992,VASAI ROAD,22:52
94106,VASAI ROAD,22:56
92206,VASAI ROAD,23:01
92202,Naigaon,22:35
90984,Naigaon,22:40
92204,Naigaon,22:48
90992,Naigaon,22:56
94106,Naigaon,23:00
92206,Naigaon,23:05
92202,BHAYANDAR,22:41
90984,BHAYANDAR,22:46
92204,BHAYANDAR,22:54
94104,BHAYANDAR,22:56
90992,BHAYANDAR,23:02
94106,BHAYANDAR,23:06
92206,BHAYANDAR,23:11
92202,Mira Road,22:46
90984,Mira Road,22:51
92204,Mira Road,22:59
94104,Mira Road,23:02
90992,Mira Road,23:07
94106,Mira Road,23:11
92206,Mira Road,23:16
92202,Dahisar,22:50
90984,Dahisar,22:55
92204,Dahisar,23:03
94104,Dahisar,23:06
90992,Dahisar,23:11
94106,Dahisar,23:15
92206,Dahisar,23:20
92202,BORIVALI,22:54
94144,BORIVALI,22:58
90982,BORIVALI,23:03
90984,BORIVALI,22:59
92204,BORIVALI,23:07
94104,BORIVALI,23:11
90990,BORIVALI,23:15
90992,BORIVALI,23:17
94106,BORIVALI,23:21
90996,BORIVALI,23:25
90998,BORIVALI,23:25
92206,BORIVALI,23:24
92202,Kandivali,23:00
94144,Kandivali,23:04
90982,Kandivali,23:08
92204,Kandivali,23:11
90990,Kandivali,23:21
90998,Kandivali,23:31
92206,Kandivali,23:28
92202,Malad,23:03
94144,Malad,23:07
90982,Malad,23:11
92204,Malad,23:14
90990,Malad,23:24
90998,Malad,23:34
92206,Malad,23:31
92202,Goregaon,23:06
94144,Goregaon,23:10
90982,Goregaon,23:14
92204,Goregaon,23:17
90990,Goregaon,23:27
90998,Goregaon,23:37
92206,Goregaon,23:34
92202,Ram Mandir,23:08
94144,Ram Mandir,23:12
90982,Ram Mandir,23:16
92204,Ram Mandir,23:19
90990,Ram Mandir,23:29
90998,Ram Mandir,23:39
92206,Ram Mandir,23:36
92202,Jogeshwari,23:11
94144,Jogeshwari,23:15
90982,Jogeshwari,23:19
92204,Jogeshwari,23:22
90990,Jogeshwari,23:32
90998,Jogeshwari,23:42
92206,Jogeshwari,23:39
92202,ANDHERI,23:17
94144,ANDHERI,23:21
90982,ANDHERI,23:25
90984,ANDHERI,23:13
92204,ANDHERI,23:29
90990,ANDHERI,23:37
90992,ANDHERI,23:33
94106,ANDHERI,23:37
90996,ANDHERI,23:40
90998,ANDHERI,23:47
92206,ANDHERI,23:46
94144,Vile Parle,23:25
90982,Vile Parle,23:28
90990,Vile Parle,23:40
90998,Vile Parle,23:50
94144,Santa Cruz,23:28
90982,Santa Cruz,23:31
90990,Santa Cruz,23:43
90998,Santa Cruz,23:53
94144,Khar Road,23:31
90982,Khar Road,23:34
90990,Khar Road,23:46
90998,Khar Road,23:56
94144,BANDRA,23:36
90982,BANDRA,23:38
90984,BANDRA,23:22
90990,BANDRA,23:50
90992,BANDRA,23:42
90996,BANDRA,23:49
90998,BANDRA,00:00
94144,Mahim Jn.,23:39
90982,Mahim Jn.,23:41
90990,Mahim Jn.,23:53
90998,Mahim Jn.,00:03
94144,Matunga Road,23:42
90982,Matunga Road,23:44
90990,Matunga Road,23:56
90998,Matunga Road,00:06
94144,DADAR,23:46
90982,DADAR,23:48
90984,DADAR,23:28
90990,DADAR,00:00
90992,DADAR,23:48
90996,DADAR,23:55
90998,DADAR,00:10
94144,Prabhadevi,23:48
90982,Prabhadevi,23:50
90990,Prabhadevi,00:02
90998,Prabhadevi,00:12
94144,Lower Parel,23:51
90982,Lower Parel,23:53
90990,Lower Parel,00:05
90998,Lower Parel,00:15
94144,Mahalakshmi,23:54
90982,Mahalakshmi,23:56
90990,Mahalakshmi,00:08
90998,Mahalakshmi,00:18
94144,M'BAI CENTRAL(L),23:57
90982,M'BAI CENTRAL(L),23:59
90984,M'BAI CENTRAL(L),23:35
90990,M'BAI CENTRAL(L),00:11
90992,M'BAI CENTRAL(L),23:55
90996,M'BAI CENTRAL(L),00:02
90998,M'BAI CENTRAL(L),00:21
94144,Grant Road,23:59
90982,Grant Road,00:01
90984,Grant Road,23:37
90990,Grant Road,00:13
90992,Grant Road,23:57
90996,Grant Road,00:04
90998,Grant Road,00:23
94144,Charni Road,00:01
90982,Charni Road,00:03
90984,Charni Road,23:39
90990,Charni Road,00:15
90992,Charni Road,23:59
90996,Charni Road,00:06
90998,Charni Road,00:25
94144,Marine Lines,00:04
90982,Marine Lines,00:06
90984,Marine Lines,23:42
90990,Marine Lines,00:18
90992,Marine Lines,00:02
90996,Marine Lines,00:09
90998,Marine Lines,00:28
94144,CHURCHGATE,00:08
90982,CHURCHGATE,00:10
90984,CHURCHGATE,23:47
90990,CHURCHGATE,00:22
90992,CHURCHGATE,00:05
90996,CHURCHGATE,00:13
90998,CHURCHGATE,00:31
91000,VIRAR,22:55
91002,VIRAR,23:00
91006,VIRAR,23:15
91010,VIRAR,23:20
91012,VIRAR,23:30
91016,VIRAR,23:40
91018,VIRAR,23:49
93042,VIRAR,23:50
91000,Nalla Sopara,23:01
91002,Nalla Sopara,23:06
91006,Nalla Sopara,23:21
91010,Nalla Sopara,23:26
91012,Nalla Sopara,23:36
91016,Nalla Sopara,23:46
91018,Nalla Sopara,23:55
91000,VASAI ROAD,23:07
91002,VASAI ROAD,23:11
91006,VASAI ROAD,23:26
91010,VASAI ROAD,23:31
91012,VASAI ROAD,23:41
91016,VASAI ROAD,23:51
91018,VASAI ROAD,00:00
91000,Naigaon,23:12
91002,Naigaon,23:16
91006,Naigaon,23:31
91010,Naigaon,23:36
91012,Naigaon,23:45
91016,Naigaon,23:55
91018,Naigaon,00:04
91000,BHAYANDAR,23:18
91002,BHAYANDAR,23:22
92208,BHAYANDAR,23:25
91006,BHAYANDAR,23:37
91010,BHAYANDAR,23:42
91012,BHAYANDAR,23:51
91016,BHAYANDAR,00:01
91018,BHAYANDAR,00:09
91000,Mira Road,23:23
91002,Mira Road,23:27
92208,Mira Road,23:32
91006,Mira Road,23:42
91010,Mira Road,23:47
91012,Mira Road,23:56
91016,Mira Road,00:06
91018,Mira Road,00:14
91000,Dahisar,23:27
91002,Dahisar,23:31
92208,Dahisar,23:36
91006,Dahisar,23:46
91010,Dahisar,23:51
91012,Dahisar,00:00
91016,Dahisar,00:10
91018,Dahisar,00:18
91000,BORIVALI,23:32
91002,BORIVALI,23:37
91004,BORIVALI,23:34
92208,BORIVALI,23:42
91006,BORIVALI,23:50
91008,BORIVALI,23:48
91010,BORIVALI,23:55
91012,BORIVALI,00:05
91014,BORIVALI,00:10
91016,BORIVALI,00:15
91018,BORIVALI,00:22
91020,BORIVALI,00:30
91004,Kandivali,23:39
92208,Kandivali,23:46
91008,Kandivali,23:53
91012,Kandivali,00:10
91014,Kandivali,00:14
91016,Kandivali,00:19
91018,Kandivali,00:26
91020,Kandivali,00:35
91004,Malad,23:42
92208,Malad,23:49
91008,Malad,23:56
91012,Malad,00:13
91014,Malad,00:17
91016,Malad,00:22
91018,Malad,00:29
91020,Malad,00:38
91004,Goregaon,23:45
92208,Goregaon,23:52
91008,Goregaon,23:59
91012,Goregaon,00:16
91014,Goregaon,00:20
91016,Goregaon,00:25
91018,Goregaon,00:32
91020,Goregaon,00:41
91004,Ram Mandir,23:47
92208,Ram Mandir,23:54
91008,Ram Mandir,00:01
91012,Ram Mandir,00:18
91014,Ram Mandir,00:22
91016,Ram Mandir,00:27
91018,Ram Mandir,00:34
91020,Ram Mandir,00:43
91004,Jogeshwari,23:50
92208,Jogeshwari,23:57
91008,Jogeshwari,00:04
91012,Jogeshwari,00:21
91014,Jogeshwari,00:25
91016,Jogeshwari,00:30
91018,Jogeshwari,00:37
91020,Jogeshwari,00:46
91000,ANDHERI,23:47
91004,ANDHERI,23:55
92208,ANDHERI,00:04
91006,ANDHERI,00:06
91008,ANDHERI,00:09
91012,ANDHERI,00:25
91014,ANDHERI,00:30
91016,ANDHERI,00:37
91018,ANDHERI,00:41
91020,ANDHERI,00:50
91004,Vile Parle,23:58
91008,Vile Parle,00:12
91012,Vile Parle,00:28
91014,Vile Parle,00:33
91018,Vile Parle,00:44
91020,Vile Parle,00:53
91004,Santa Cruz,00:01
91008,Santa Cruz,00:15
91012,Santa Cruz,00:31
91014,Santa Cruz,00:36
91018,Santa Cruz,00:47
91020,Santa Cruz,00:56
91004,Khar Road,00:04
91008,Khar Road,00:18
91012,Khar Road,00:34
91014,Khar Road,00:39
91018,Khar Road,00:50
91020,Khar Road,00:59
91000,BANDRA,23:56
91004,BANDRA,00:08
91006,BANDRA,00:16
91008,BANDRA,00:22
91012,BANDRA,00:38
91014,BANDRA,00:43
91018,BANDRA,00:54
91020,BANDRA,01:03
91004,Mahim Jn.,00:11
91008,Mahim Jn.,00:25
91012,Mahim Jn.,00:41
91014,Mahim Jn.,00:46
91018,Mahim Jn.,00:57
91020,Mahim Jn.,01:06
91004,Matunga Road,00:14
91008,Matunga Road,00:28
91012,Matunga Road,00:44
91014,Matunga Road,00:49
91018,Matunga Road,01:00
91020,Matunga Road,01:09
91000,DADAR,00:02
91004,DADAR,00:18
91006,DADAR,00:22
91008,DADAR,00:32
91012,DADAR,00:48
91014,DADAR,00:53
91018,DADAR,01:04
91020,DADAR,01:13
91004,Prabhadevi,00:20
91008,Prabhadevi,00:34
91012,Prabhadevi,00:50
91014,Prabhadevi,00:55
91018,Prabhadevi,01:06
91020,Prabhadevi,01:15
91004,Lower Parel,00:23
91008,Lower Parel,00:37
91012,Lower Parel,00:53
91014,Lower Parel,00:58
91018,Lower Parel,01:09
91020,Lower Parel,01:18
91004,Mahalakshmi,00:26
91008,Mahalakshmi,00:40
91012,Mahalakshmi,00:56
91014,Mahalakshmi,01:01
91018,Mahalakshmi,01:12
91020,Mahalakshmi,01:21
91000,M'BAI CENTRAL(L),00:09
91004,M'BAI CENTRAL(L),00:29
91006,M'BAI CENTRAL(L),00:29
91008,M'BAI CENTRAL(L),00:43
91012,M'BAI CENTRAL(L),00:59
91014,M'BAI CENTRAL(L),01:04
91018,M'BAI CENTRAL(L),01:15
91020,M'BAI CENTRAL(L),01:24
91000,Grant Road,00:11
91004,Grant Road,00:31
91006,Grant Road,00:31
91008,Grant Road,00:45
91012,Grant Road,01:01
91014,Grant Road,01:06
91018,Grant Road,01:17
91020,Grant Road,01:26
91000,Charni Road,00:13
91004,Charni Road,00:33
91006,Charni Road,00:33
91008,Charni Road,00:47
91012,Charni Road,01:03
91014,Charni Road,01:08
91018,Charni Road,01:19
91020,Charni Road,01:28
91000,Marine Lines,00:16
91004,Marine Lines,00:36
91006,Marine Lines,00:36
91008,Marine Lines,00:50
91012,Marine Lines,01:06
91014,Marine Lines,01:11
91018,Marine Lines,01:22
91020,Marine Lines,01:31
91000,CHURCHGATE,00:20
91004,CHURCHGATE,00:39
91006,CHURCHGATE,00:42
91008,CHURCHGATE,00:53
91012,CHURCHGATE,01:10
91014,CHURCHGATE,01:15
91018,CHURCHGATE,01:26
91020,CHURCHGATE,01:35
